video_id,source_hashtag,collected_at,create_time,author_name,author_followers,description,hashtags,video_url,digg_count,share_count,comment_count,play_count,voice_to_text,in_video_text
7332136850510859553,dalatfoodtour,2026-05-15T07:27:03,1707146152,goldiegallowaytravels,20900,"We found the best restaurant in Da Lat, Vietnam 🙏🏼
.
#travellife #backpackinglife #dalatvietnam #foodporn #fyp ",,https://www.tiktok.com/@goldiegallowaytravels/video/7332136850510859553,515,222,11,54800,,
7290022943420108064,dalatfoodtour,2026-05-15T07:27:03,1697340786,ameliathomas99,2571,"Best places to eat in Dalat. ⭐️

❓Where to eat in Dalat?  
#vietnam #dalat #wheretoeatdalat #travel #backpackinf #vietnamitinerary ",,https://www.tiktok.com/@ameliathomas99/video/7290022943420108064,938,226,15,79800,,
7329527230583917826,dalatfoodtour,2026-05-15T07:27:03,1706538550,vietnamdailytours,37400,"The best Da Lat dishes are made with fresh produce and meat that are sourced from ethnic farms around the hill town. Blessed with a cool central highland climate, just about anything can be grown there, not just tropical vegetables and fruits.
#vietnamtours #vietnamdailytravel #vietnamtourpackages #dalat ",,https://www.tiktok.com/@vietnamdailytours/video/7329527230583917826,344,342,15,33300,,
7433442583302425898,dalatfoodtour,2026-05-15T07:27:03,1730733229,minutemuncher,12600,$1.50 yummy bánh canh chả cá in Da Lat. Must try in the upstairs food court! #vietnam #vietfood #vietnamesestreetfood #vietnamesemukbang #whattoeatinvietnam #vietfoodie #vietnamesefood #minutemuncher ,,https://www.tiktok.com/@minutemuncher/video/7433442583302425898,918,246,18,46100,,
7107913118436560154,dalatfoodtour,2026-05-15T07:27:03,1654939987,leo.travelled,26600,Stay tuned for more #dalatnightmarket #dalat #vietnam #vietnamesefood #food #travel #fy  #fyp,,https://www.tiktok.com/@leo.travelled/video/7107913118436560154,160900,522,1532,1600000,,
7632339001457904917,dalatfoodtour,2026-05-15T07:27:03,1777042410,phunglai2222,3600000,Foodtour Dalat cùng a nha các vợ :)) a canh 10h đêm đăng cho các vợ thèm chơi 😌 #phunglai ,,https://www.tiktok.com/@phunglai2222/video/7632339001457904917,18400,5520,102,412800,,
7222845257656831258,dalatfoodtour,2026-05-15T07:27:03,1681699735,uni.ud,1669,ใครอยากไปตามกินร้านไหน เอาชื่อร้านที่เสิจใน google map ได้เลยน๊า เพราะบางร้านเราก็อ่านชื่อไม่ออกจริงๆ #เที่ยวเวียดนาม #สตรีทฟู้ด #ดาลัด #ดาลัดเวียดนาม #เที่ยวดาลัด #tiktokพากิน #dalat #dalatreview ,,https://www.tiktok.com/@uni.ud/video/7222845257656831258,506,357,11,35600,,
7592603808555928850,dalatfoodtour,2026-05-15T07:27:03,1767790835,hukha.foodaholic,436600,"Những chỗ ăn mình ưng bụng ở Đà Lạt nhiều lắm, lên trc 1 phần đã nha :))) #hukhafoodaholic #vtmgr #learnontiktok #ancungtiktok ",,https://www.tiktok.com/@hukha.foodaholic/video/7592603808555928850,42400,15600,376,961100,,
7344184070231821589,dalatfoodtour,2026-05-15T07:27:03,1709951116,dalatangi.1phutdalat,7233,Đến Đà Lạt phải làm 1 chuyến food tour mới trọn vẹn #dalatangi #dulichdalat #reviewdalat #anchoidalat #didalatko ,,https://www.tiktok.com/@dalatangi.1phutdalat/video/7344184070231821589,4862,2500,138,556200,,
7442392069110238497,dalatfoodtour,2026-05-15T07:27:03,1732816948,shannonince15,1630,A must try restaurant in DaLat! 🫶🏼 There was so much food and it was so filling! This was my highlight of food in Vietnam 🇻🇳Cost us only £8 for our whole meal! #musttry #musttryfood #dalat #gochathanh #budgettravel #budgetfriendly #traveltiktok #vietnam2024 #southeastasia #coupletravel #travelling @GeorgeMortimer ,,https://www.tiktok.com/@shannonince15/video/7442392069110238497,67,50,0,9995,,
7637861847391063317,dalatfoodtour,2026-05-15T07:27:03,1778328294,bbaekim,678,"Food tour 24h ở Đà Lạt cùng tụi mình nhaaa 🥕🌳 
#dalatreview #đàlạt #banhuotlongga  #creatorsearchinsights ",,https://www.tiktok.com/@bbaekim/video/7637861847391063317,1274,286,34,34200,,
7463094441495186734,dalatfoodtour,2026-05-15T07:27:03,1737637103,minutemuncher,12600,Replying to @Skye Tran here’s the ultimate food guide for Da Lat 😁🙌 #vietnam #minutemuncher #vietfood #vietfoodie #whattoeatinvietnam #vietnamesefood #vietstreetfood #travelvietnam #vietnamesestreetfood ,,https://www.tiktok.com/@minutemuncher/video/7463094441495186734,199,88,7,12100,,
7621219237687823637,dalatfoodtour,2026-05-15T07:27:03,1774453390,nhilavie1,351,Đi Đà Lạt ăn gì ??? #dalat #food #foodtour #monngondalat #trending ,,https://www.tiktok.com/@nhilavie1/video/7621219237687823637,4547,3071,32,186500,,
7588912796696333589,dalatfoodtour,2026-05-15T07:27:03,1766931456,tebefood,547900,Food tour Đà Lạt 24h toàn các tiệm take away ngon như canele dốc Phan Bội Châu #tebefood #HappyVietNam #vtmgr #AnCungTikTok #LearnOnTikTok ,,https://www.tiktok.com/@tebefood/video/7588912796696333589,16800,5568,70,382700,,
7591535845794925845,dalatfoodtour,2026-05-15T07:27:03,1767542184,hukha.foodaholic,436600,Mukbang Đà Lạt để kết thúc năm #hukhafoodaholic #vtmgr #learnontiktok #ancungtiktok ,,https://www.tiktok.com/@hukha.foodaholic/video/7591535845794925845,19400,4690,85,351200,,
7633392942673087762,dalatfoodtour,2026-05-15T07:27:03,1777287797,minh.thin0063,223,Đi du lịch Đà Lạt thì ăn gì ? #dalat #dalatangi #dulichdalat ,,https://www.tiktok.com/@minh.thin0063/video/7633392942673087762,2888,1987,73,148800,,
7511957779142233362,dalatfoodtour,2026-05-15T07:27:03,1749013972,canquetsaigon,1400000,Tổng hợp những quán ngon mà Bảoo đã ăn trong chuyến đi Đà Lạt vừa rồi #xuhuong #reviewanngon #ancungtiktok #canquetsaigon #dalatangi #dalat ,,https://www.tiktok.com/@canquetsaigon/video/7511957779142233362,47100,23400,918,1900000,,
7622114065887989012,dalatfoodtour,2026-05-15T07:27:03,1774661742,duongtruc97,116,Dalat food tour 🤍#CapCut #dalat ,,https://www.tiktok.com/@duongtruc97/video/7622114065887989012,21,1,1,425,,
7633442808459726087,dalatfoodtour,2026-05-15T07:27:03,1777299406,latdaiudalat,141,"😚🫰🏻 FOODTOUR DALAT ĂN GÌ NGON?
Tham khảo cho dịp 30/4 này nha <3
#dalat #dalatangi #foodtourdalat #dalatreview ",,https://www.tiktok.com/@latdaiudalat/video/7633442808459726087,35,12,1,2335,,
7623658340194831646,dalatfoodtour,2026-05-15T07:27:03,1775021296,jennyyyduong,17100,Food tour Dalat♥️ còn món nào mà Jenny nên ăn khi tới Dalat nữa ko mn? #cuocsongthuongngay #vietnamese #nguoivietomy #dulichvietnam #dalat ,,https://www.tiktok.com/@jennyyyduong/video/7623658340194831646,119,12,3,3005,,
7638985819704872199,dalatfoodtour,2026-05-15T07:27:03,1778589991,dolong2304,1000000,"Vlog 3 ngày ăn sập Đà Lạt cùng Đỗ Long. Xem thử Đỗ Long đã đi đâu, ăn gì và chi hết bao nhiêu cho chiếc food tour này nha 😙😙😙

#DoLong #TikTokGiaiTri",,https://www.tiktok.com/@dolong2304/video/7638985819704872199,651,54,14,17700,,
7526400125527215378,dalatfoodtour,2026-05-15T07:27:03,1752376589,traanxngg,227800,"Đi Đà Lạt mà ko làm food tour đời ko nể🤣 

#dalat #dalatreview #foodie #ancungtiktok ",,https://www.tiktok.com/@traanxngg/video/7526400125527215378,13500,3169,51,243100,,
7603432144173600007,dalatfoodtour,2026-05-15T07:27:03,1770346800,traanxngg,227800,"Một chuyến Đà Lạt thành công là khi lưu thêm dc vài quán ngon bỏ túi😝 đi DL riết nma vẫn luỵ hàng quán trên DL mãi thoai <3 

#dalat #foodie #dalatreview #ancungtiktok ",,https://www.tiktok.com/@traanxngg/video/7603432144173600007,17700,5236,67,285100,,
7615998736040463636,dalatfoodtour,2026-05-15T07:27:03,1773237895,li.ng0501,164,Thành phố mộng merr 🫧😘#dalat #dalatreview #foodtour #ilovetiktok ,,https://www.tiktok.com/@li.ng0501/video/7615998736040463636,4443,2278,104,183100,,
7565900041546632469,dalatfoodtour,2026-05-15T07:27:03,1761573380,comdongbao47,11800,"Hành trình đem văn hóa ẩm thực quê hương đi khắp muôn nơi……#dalat 
#comdongbao #xuhuongtiktok #dulichdalat #fyp ",,https://www.tiktok.com/@comdongbao47/video/7565900041546632469,32600,9728,921,1500000,,
7500564233092861192,dalatfoodtour,2026-05-15T07:27:03,1746361202,_nt.gv_,2251,Food tour Đà Lạt nữa theo review nữa tấp đại đại 😂🫣 #dalat #dalattrip #xh #foodtourdalat ,,https://www.tiktok.com/@_nt.gv_/video/7500564233092861192,13000,9146,309,694900,,
7507203199690968327,dalatfoodtour,2026-05-15T07:27:03,1747906956,thuykieu_2802,2400000,Ăn gì Đà Lạt!!!!! #review #foodtour #dalat #khoailangnuongdalat ,,https://www.tiktok.com/@thuykieu_2802/video/7507203199690968327,40200,8592,498,1300000,,
7339481473663241473,dalatfoodtour,2026-05-15T07:27:03,1708856205,khaikhampha,1700000,1 ngày ở Đà Lạt thì ăn gì cho đã cái miệng #trinhquangkhai #LearnOnTikTok #AnCungTikTok #reviewanngon #dalat ,,https://www.tiktok.com/@khaikhampha/video/7339481473663241473,118800,19100,1316,4000000,,
7601124752182349076,dalatfoodtour,2026-05-15T07:27:03,1769774774,thaodayyy_23,177800,Nào nhớ ĐL là lấy source ra dựng 🥲 #thaodayyy #chodemdalat #dalat #foodtour #viral ,,https://www.tiktok.com/@thaodayyy_23/video/7601124752182349076,22500,1390,66,1600000,,
7621060166229806357,dalatfoodtour,2026-05-15T07:27:03,1774416358,suoibinhyen,568600,"Bạn ăn Mẹt này bên Suối chưa ?
• Suối Bình Yên || Cafe - Gà nướng #Suoibinhyen #Dalat #Travel #vietnam #Metnuirung",,https://www.tiktok.com/@suoibinhyen/video/7621060166229806357,243200,72100,2600,5700000,,
7574036754475404551,checkindalat,2026-05-15T07:27:12,1763467859,dihetdalat,42900,Bỏ túi 4 homestay đáng ở khi đến Đà Lạt 🛁 #dihetdalat #dalat #reviewdalat #homestaydalat #checkindalat ,,https://www.tiktok.com/@dihetdalat/video/7574036754475404551,26900,16500,372,999700,,
7630324450482785557,checkindalat,2026-05-15T07:27:12,1776573366,congtyhoadalattravel.vn,2972,"Tổng hợp quán cà phê mới Đà Lạt sống ảo lên hình xinh lung linh. Cùng Hoa Dalat Travel điểm qua top 5 điểm check-in mới Đà Lạt dành cho bạn tham khảo nha
📍Floating Town Cà Phê Ô Trấn Đà Lạt
📍Euro Garden Cầu Đất
📍Lạc Hư Cổ Trấn
📍Solena Dalat
📍The Wilder-nest Tà Nung
#hoadalattravel #caphedalat #quancaphedalat #checkindalat #diadiemdalat ",,https://www.tiktok.com/@congtyhoadalattravel.vn/video/7630324450482785557,657,709,9,45700,,
7636275284378930453,checkindalat,2026-05-15T07:27:12,1777958902,ohdidi.review,2332,"Đà Lạt tháng 5 có gì? 🌿 
Không phải mùa đẹp nhất nhưng vẫn đầy trải nghiệm đáng thử!
#DaLat #DaLatTravel #CheckinDaLat #DuLichVietNam #MustTry   ",,https://www.tiktok.com/@ohdidi.review/video/7636275284378930453,232,152,36,17900,,
7638249784771349780,checkindalat,2026-05-15T07:27:12,1778418619,quin.pham997,46,"Check-in free ở Đà Lạt nhưng ảnh thì ""đắt"" lắm nha 🌲🍁📸

#dalat #trending #fyp #foryou #travel ",,https://www.tiktok.com/@quin.pham997/video/7638249784771349780,84,25,5,6078,,
7529030112126242055,checkindalat,2026-05-15T07:27:12,1753786800,chuonchuon.dalat,26100,Điểm du lịch Chuồn Chuồn - Khu tổ hợp vui chơi siêu hot mùa hè này #dalat #travel #dalatreview #dulich #checkindalat #foryou #fyp #xuhuong #viral #explore,,https://www.tiktok.com/@chuonchuon.dalat/video/7529030112126242055,317,297,13,131700,,
7583993449930624276,checkindalat,2026-05-15T07:27:12,1765786086,vietnammoment.official,45000,"This cafe feels like a heaven, with blooming gardens and a fairytale vibe. Don’t miss it when you’re in Da Lat.

📍Mien Du Muc coffee, Da Lat, Vietnam.

👉🏻 Follow us @vietnammoment for more travel inspiration and wanderlust-inducing moments! 🌟🌍
________________
#cafe #dalat #vietnamtravel #vietnam ",,https://www.tiktok.com/@vietnammoment.official/video/7583993449930624276,10100,6816,72,369700,,
7605203161032264978,checkindalat,2026-05-15T07:27:12,1770724354,sanmaydalat_,34500,Không nghĩ đây là Đà Lạt luôn 😍 #checkindalat #dalatdidau #solenadalat #dalatreview #dalat ,,https://www.tiktok.com/@sanmaydalat_/video/7605203161032264978,5509,3753,82,202100,,
7600035869093006610,checkindalat,2026-05-15T07:27:12,1769521247,manhtienkhoi_,5000000,"Checkin Hồ Xuân Hương, Đà Lạt #dalat",,https://www.tiktok.com/@manhtienkhoi_/video/7600035869093006610,57200,10300,533,1600000,,
7632893615571848469,checkindalat,2026-05-15T07:27:12,1777171544,happyhillcoffee,27700,Happy Hill hiện tại lễ giỗ tổ Hùng Vương 🥳🥰🥳. #khoanhkhachappyhill #happyhillcoffee #happyhilldalat #dulichvietnam #checkindalat ,,https://www.tiktok.com/@happyhillcoffee/video/7632893615571848469,2320,96,66,105700,,
7632278494461873429,checkindalat,2026-05-15T07:27:12,1777028319,sino4994,5477,"Góc này ở ngay chợ Đà Lạt, đoạn trên khu Hòa Bình.
Chỗ này mới được sửa lại, có view nhìn ra tháp Vinaphone, chụp hình check-in nhìn sang xịn lắm mọi người.

#dalat #checkindalat #dalatchill #chuphinhdalat #sino #chodalat #thapvinaphonedalat",,https://www.tiktok.com/@sino4994/video/7632278494461873429,1877,540,120,56900,,
7231152628141411589,checkindalat,2026-05-15T07:27:12,1683633924,dalatcungtico,8222,P2: Top 5 khách sạn tình nhân Đà Lạt cực lãng mạn #ticotravel #tikktoktravel #checkindalat #dulichdalat #khachsandalat #checkindalat #kymihotel ,,https://www.tiktok.com/@dalatcungtico/video/7231152628141411589,4740,1717,157,338500,,
7617782456581672213,checkindalat,2026-05-15T07:27:12,1773653208,dihetdalat,42900,6 địa điểm check in tại hồ Tuyền Lâm bạn đã ghé qua hết chưa? #dalat #checkindalat #dulichdalat #dihetdalat,,https://www.tiktok.com/@dihetdalat/video/7617782456581672213,1636,1042,19,113900,,
7394702148908354834,checkindalat,2026-05-15T07:27:12,1721713265,ducdodalat,26600,Trả lời @Đức Hương Những địa điểm check in miễn phí ở Đà Lạt nha #dalat #ducdodalat #checkindalat #chuphinhdalat #diadiemdalat ,,https://www.tiktok.com/@ducdodalat/video/7394702148908354834,17900,5790,389,847500,,
7585400904535297296,checkindalat,2026-05-15T07:27:12,1766113790,naoranhcaphe,81600,"Không nghĩ ở Đà Lạt cũng có một ô trấn đẹp như vậy, địa điểm check in không nên bỏ lỡ khi đi Đà Lạt năm nay #naoranhcaphe #coffeetiktok #dulichdalat #dalat ",,https://www.tiktok.com/@naoranhcaphe/video/7585400904535297296,10400,5832,211,602600,,
7515412014664043783,checkindalat,2026-05-15T07:27:12,1749818219,dihetdalat,42900,Bỏ túi 4 khách sạn đáng thử gần trung tâm Đà Lạt #dihetdalat #dalat #dalatdidau #checkindalat #bttravel #khachsandalat ,,https://www.tiktok.com/@dihetdalat/video/7515412014664043783,7005,3023,111,355000,,
7636004586985213204,checkindalat,2026-05-15T07:27:12,1777895870,thaoleader,107100,"Chổ này bữa giờ đang gây sốt ở Đà Lạt lắm nè. Đi check in thử và cái kết 🫢
#cafedalat #solenadalat #xuhuongtiktok #dalatreview #capcut ",,https://www.tiktok.com/@thaoleader/video/7636004586985213204,13300,5625,168,371200,,
7591817992464272661,checkindalat,2026-05-15T07:27:12,1767607885,sanmaydalat_,34500,Bà nào kêu đi ĐL đắt đỏ thì theo tui nhaaa 😆 #vancongtoursanmaydalat #xuhuong #dalatdidau #checkindalat #chupanhdalat ,,https://www.tiktok.com/@sanmaydalat_/video/7591817992464272661,58400,19700,340,1000000,,
7604057447661079826,checkindalat,2026-05-15T07:27:12,1770457597,chenhimientay,2891,"Trả lời @Phat Huynh Phần 80 | Chi tiết đường đi đến SOLENA “Quãng Trường La Mã” Đà Lạt , tranh thủ đi ngay mấy bàaaa #xuhuong #chinhimientay #checkindalat #diadiemdalat #dalatreview 

@ᥫ᭡ Chế Nhi Miền Tây ౨ৎ 
@ᥫ᭡ Chế Nhi Miền Tây ౨ৎ ",,https://www.tiktok.com/@chenhimientay/video/7604057447661079826,16200,10600,192,393800,,
7616340252692630792,checkindalat,2026-05-15T07:27:12,1773317410,sino4994,5477,"Mê Đà Lạt quá nên nhìn đâu cũng thấy đẹp. 
Ai cũng thích góc này giống mình thì ghé thử. 
Đây là chiếc cầu thang cạnh Hồ Xuân Hương, sát Vườn Hoa Thành Phố nha.
#dalat #hoxuanhuong #checkindalat #chuphinhdalat  #sino",,https://www.tiktok.com/@sino4994/video/7616340252692630792,7231,2367,270,165300,,
7527934538673032449,checkindalat,2026-05-15T07:27:12,1752733883,langfarmcenter,54100,Top 5 địa điểm check-in không thể bỏ qua khi đến Đà Lạt! #dalat #dalatreview #checkindalat #dalatstory #Langfarm,,https://www.tiktok.com/@langfarmcenter/video/7527934538673032449,2906,1559,66,266300,,
7631262604966546706,checkindalat,2026-05-15T07:27:12,1776819600,c.long.happy.hill,21300,câu chuyện bà hiền bà lành của cô long đã có khách giải được 🤣🤣#happyhilldalat #cafechill #checkindalat #colongduongshort #tytyohappyhill ,,https://www.tiktok.com/@c.long.happy.hill/video/7631262604966546706,12200,793,222,483000,,
7518267991973170449,checkindalat,2026-05-15T07:27:12,1750483206,caonguyenhoadl,212100,Trượt xe xuyên rừng trò chơi mà ai cũng nên thử khi đến Đà Lạt #dalat #reviewdalat #caonguyenhoadalat #sinhthai #chill #truotxe #dalatreview #xuhuong #greenlineluge #xichdu #khusinhthai #tiktoktravel #xetruot #mariokart ,,https://www.tiktok.com/@caonguyenhoadl/video/7518267991973170449,46300,27200,755,2500000,,
7616042254498762004,checkindalat,2026-05-15T07:27:12,1773248032,dalatusdt,1333,"The KingDom - Lạc Dương Đà Lạt 
#thekingdom #diadiemcheckindalat #viral #phongcanhdalat #dalat ",,https://www.tiktok.com/@dalatusdt/video/7616042254498762004,2162,952,98,111500,,
7631676304152087829,checkindalat,2026-05-15T07:27:12,1776888113,hanh.bupb,20700,“#happyhillcoffee #cafecolong #checkindalat #hottiktok_xuhuong #checkindalat ,,https://www.tiktok.com/@hanh.bupb/video/7631676304152087829,301,18,8,12200,,
7597463453749529874,checkindalat,2026-05-15T07:27:12,1768922309,le.hatram,59700,"Đầy bộ nhớ vì siêu thích, ai mê cây cối thiên nhiên là có thể ở đây cả ngày luôn ấy 🍃 #runggiaohuong #checkindalat #dalat #fyp ",,https://www.tiktok.com/@le.hatram/video/7597463453749529874,2780,574,24,73700,,
7615230183024413970,checkindalat,2026-05-15T07:27:12,1773058949,dienodalat.py,14700,Khi hoàng hôn dần buông xuống thành phố🌆 #dalat #chill #checkindalat #fyp ,,https://www.tiktok.com/@dienodalat.py/video/7615230183024413970,11900,3314,146,236300,,
7598972458804186375,checkindalat,2026-05-15T07:27:12,1769273653,thanhphong.097,1100,Đà Lạt đẹp đến nao lòng #fyp #đàlạt #xuhuong ,,https://www.tiktok.com/@thanhphong.097/video/7598972458804186375,16000,3940,505,479900,,
7561046569860992274,checkindalat,2026-05-15T07:27:12,1760443343,dihetdalat,42900,Check-in 0đ tại Đà Lạt ✨ #dihetdalat #dalat #reviewdalat #checkindalat #dalatdidau ,,https://www.tiktok.com/@dihetdalat/video/7561046569860992274,23000,10100,180,923300,,
7632329747929861396,checkindalat,2026-05-15T07:27:12,1777040254,chanhaydi_,21800,"Checkin ga tàu cực chill tại Đà Lạt
#chanhaydi #gataudalat #dalat #checkindalat ",,https://www.tiktok.com/@chanhaydi_/video/7632329747929861396,47,21,1,2834,,
7638575999952735509,checkindalat,2026-05-15T07:27:12,1778494574,_ckimnhei15,630,Lên Đà Lạt thì chỉ có check in điểm đẹp hot hot 📍📍📍. Chỉ lên này đú trend dắt qua gương 🌚#dalat #trending #xuhuongtiktok #viralvideo #lachucotran ,,https://www.tiktok.com/@_ckimnhei15/video/7638575999952735509,203,34,14,9721,,
7594430863996161287,cafedalat2026,2026-05-15T07:27:23,1768216229,lulureview_,336100,Quán cafe đà lạt đầu năm 2026 mình vừa phát hiện khá chill và hơi bị ok luôn. #olaimaycoffee #cafedalat #hoanghondalat #dalatangi #lulureview ,,https://www.tiktok.com/@lulureview_/video/7594430863996161287,854,989,93,52900,,
7629289438920658196,cafedalat2026,2026-05-15T07:27:23,1776332379,ohdidi.review,2316,"Tổng hợp 4 quán cafe “mới toanh” tại Đà Lạt 2026 ☕️✨
Lưu ngay để chuyến đi Đà Lạt sắp tới thêm phần thú vị nhé! 📍🌿

#dalat #dalat2026 #caphedalat #checkindalat #quancafe     ",,https://www.tiktok.com/@ohdidi.review/video/7629289438920658196,117,59,0,15900,,
7590354050130939156,cafedalat2026,2026-05-15T07:27:23,1767267030,kunlogg,6565,"Khu vườn cà phê sáng iu thích của toiiii ☕️🫂
#vlog #kunlog #dalat ",,https://www.tiktok.com/@kunlogg/video/7590354050130939156,1955,294,4,48100,,
7595755645236694292,cafedalat2026,2026-05-15T07:27:23,1768524694,chuyencuanang5,245400,"Không khí tết tràn ngập tại cà phê Bản Lèo - cùng đến du xuân 2026 tại Đà Lạt
#dalat #2026 #tet #tet2026 #decortet #banleo",,https://www.tiktok.com/@chuyencuanang5/video/7595755645236694292,3264,292,116,32100,,
7632959196991966482,cafedalat2026,2026-05-15T07:27:23,1777186808,andy.nha223,114,"Đà Lạt Mùa Hè 2026

#Dalat #Dulich #Cafe #Cafechill #Chill ",,https://www.tiktok.com/@andy.nha223/video/7632959196991966482,24,4,4,521,,
7597363454395157781,cafedalat2026,2026-05-15T07:27:23,1768899036,chuyencuanang5,245400,"Tag ngay đứa bạn để đi Đà Lạt du xuân 2026 thôi nè
Lên áo dài check in tại cà phê Bản Lèo ngay thôi
#dalat #hoanghondalat #hoanghon #2026 #tet #tet2026 #decortet #banleo",,https://www.tiktok.com/@chuyencuanang5/video/7597363454395157781,6002,176,111,88500,,
7596534131127749909,cafedalat2026,2026-05-15T07:27:23,1768705945,suoibinhyen,568600,"Du Xuân 2026 tại cà phê Bản Lèo nha
Lên Đà Lạt làm bộ hình tết liền thôi
#dalat #2026 #tet #tet2026 #banleo #decortet #hoanghon #hoanghondalat #taybac",,https://www.tiktok.com/@suoibinhyen/video/7596534131127749909,28700,7868,290,888000,,
7609165704327154965,cafedalat2026,2026-05-15T07:27:23,1771646957,nhutmapday,251,Vi vu những ngày tết❤️#cafeongganh#dalatreview#dalattrip#tet2026#viralvideo ,,https://www.tiktok.com/@nhutmapday/video/7609165704327154965,5603,967,297,135900,,
7636235062677179655,cafedalat2026,2026-05-15T07:27:23,1777949536,kdk2801,50,vườn cafe Chồn Cafe Với/dalat#fyp#foryou#foryoupage#xuhuong2026 ,,https://www.tiktok.com/@kdk2801/video/7636235062677179655,8,1,0,373,,
7590390530903641364,cafedalat2026,2026-05-15T07:27:23,1767275519,vudasar,118,"Buổi cà phê ngày đầu tiên của 2026 của Tiệm cà phê trong Rừng 
#dalatcamp 
#dasar 
#VuoDasar 
#outdoor ",,https://www.tiktok.com/@vudasar/video/7590390530903641364,26,1,2,598,,
7639805847094168865,cafedalat2026,2026-05-15T07:27:23,1778780916,gala.fr,17900000,"#vincentcassel #narahbaptista #cannesfilmfestival #Cannes2026 #OnRegardeQuoi 
@Prada @Hôtel Martinez Cannes 🇫🇷 @La Palme d’Or Restaurant ",,https://www.tiktok.com/@gala.fr/video/7639805847094168865,636,13,30,23800,,
7593408111021542670,cafedalat2026,2026-05-15T07:27:23,1767978152,java_gelato,5156,Don’t miss out #wedding #mobilecafe #2026 #catering #bride ,,https://www.tiktok.com/@java_gelato/video/7593408111021542670,708,482,49,14500,,
7639660480373509390,cafedalat2026,2026-05-15T07:27:23,1778747083,teamworkneverfail,5140,#teamwork #money #restaurant #fyp #goviral ,,https://www.tiktok.com/@teamworkneverfail/video/7639660480373509390,58,2,2,386,,
7635282156457184520,cafedalat2026,2026-05-15T07:27:23,1777727664,zamorakris,8923,📍207 Cafe #caferecommendation #cebucafe #studytok ,,https://www.tiktok.com/@zamorakris/video/7635282156457184520,1462,627,31,42700,,
7639900348483734815,cafedalat2026,2026-05-15T07:27:23,1778802925,texasconstructionmedia,7196,"Donna, Texas

Coming Soon - McDonald's

#donnatx #hidalgocounty ",,https://www.tiktok.com/@texasconstructionmedia/video/7639900348483734815,1,0,0,17,,
7637141047671344402,cafedalat2026,2026-05-15T07:27:23,1778160471,thuykieu_2802,2400000,Foodtour Đà Lạt ✌🏽✌🏽 (phần 1) #review #foodtour #dalat ,,https://www.tiktok.com/@thuykieu_2802/video/7637141047671344402,16300,2334,137,356500,,
7639866622693412116,cafedalat2026,2026-05-15T07:27:23,1778795078,periodistajuanvicto,550500,#videoviralitiktok #tiktokviraltrending #noticias #guatemala🇬🇹 #guatemala🇬🇹viral ,,https://www.tiktok.com/@periodistajuanvicto/video/7639866622693412116,1617,286,30,80200,,
7624499460030106901,cafedalat2026,2026-05-15T07:27:23,1775217123,phunuthehemoi,63100,"Cô Long ở Đà Lạt gây sốt, cách nói chuyện hài hước #colongdalat #phunuthehemoi #themightyladieskevalink",,https://www.tiktok.com/@phunuthehemoi/video/7624499460030106901,6076,237,49,213700,,
7639854569907948807,cafedalat2026,2026-05-15T07:27:23,1778792264,eldiariodejuarez,36200,"Restaurantes y bares que planeen transmitir partidos del #Mundial2026 deberán regularizar permisos, así como derechos de transmisión, para evitar multas y hasta clausuras, advirtieron representantes del sector y autoridades consultadas sobre el evento deportivo.",,https://www.tiktok.com/@eldiariodejuarez/video/7639854569907948807,64,6,10,3096,,
7623895590383914253,cafedalat2026,2026-05-15T07:27:23,1775076545,enchilindas,557,"Maryland’s newest boba spot is finally here and the drinks are refreshingly DELICIOUS! fun fact: Shuyi Grass Jelly & Tea is ranked TOP 10 most popular bubble tea in all of China! ⭐️ and easily best in the DMV for me, it’s a MUST TRY!

every drink is authentic, made with high-quality Chinese tea leaves (not powder), organic milk, and fresh fruit. i love how the drinks are not overly sweet, just perfectly balanced! my top 2 are the mango pomelo sago and strawberry mochi oolong milk tea 🥭🍓

i was invited to the family & friends event and wanted to share these specials! 
✨ Soft opening: April 1–2, 2026 | 11:30am–8pm
25% off + FREE gift for ALL customers who leave a review 

🎉 Grand opening: April 3–5, 2026 | 11am–9pm
🧋Buy one, get one FREE drinks! 
☕️ FIRST 50 customers get a FREE travel mug (comes in pink or blue!)

📍8865 Stanford Blvd Ste 127, Columbia, MD 21045
-
#dmvfoodie #maryland #bubbletea #cafe #boba ",,https://www.tiktok.com/@enchilindas/video/7623895590383914253,3054,1559,37,44300,,
7580344517484662024,cafedalat2026,2026-05-15T07:27:23,1764936498,hiddenland.dalat,8394,"Cánh đồng lúa đang chuyển vàng rồi bạn ơi 🌾✨
📍Hidden Land Dalat
#dalat #caphedalat #xuhuong #capheviewdep #hiddenlanddalat ",,https://www.tiktok.com/@hiddenland.dalat/video/7580344517484662024,65400,8245,156,969400,,
7636290608453225748,cafedalat2026,2026-05-15T07:27:23,1777962464,vuunique,52,"Một sáng cuối tuần tại cafe Vùng Ngoại Ô, Đà Lạt #cafe #dalat ",,https://www.tiktok.com/@vuunique/video/7636290608453225748,6,0,0,173,,
7550279164360690962,cafedalat2026,2026-05-15T07:27:23,1757936364,thacmay,26800,"Cả nhà nôn hông nè? ❤️❤️❤️ Hẹn nhà mình vào ngày 23/09/2025 này nhé 🥰

🌲 Thác mây & chill 🌲
🏠: Dốc số 9, Trại Mát, Đà Lạt

#Thacmay #Thacmaydalat #TiemcapheThacmay #Thacmaycaphe #Quancaphe #Dalat #Tiemcaphe #Yenbinh #Chualanh ",,https://www.tiktok.com/@thacmay/video/7550279164360690962,22900,13800,951,1100000,,
7634149614224002312,cafedalat2026,2026-05-15T07:27:23,1777463973,bthh1512,932,có ai đi săn mây trên Đà Lạt gặp cảnh tượng này chưa mn 😭😭. e đang tính quay vlog đi săn mây vô tình quay trúng cảnh này 😭#dalat #sanmaydalat #suongmu ,,https://www.tiktok.com/@bthh1512/video/7634149614224002312,106000,33000,1392,5500000,,
7633335907726150930,cafedalat2026,2026-05-15T07:27:23,1777274519,chamdidaudo,30800,Hôm nào cà phê Đà Lạt #chamdidaudo #dalat #dalatcoffee ,,https://www.tiktok.com/@chamdidaudo/video/7633335907726150930,4300,2424,59,185300,,
7635779831170370846,cafedalat2026,2026-05-15T07:27:23,1777843552,oshin.0664,893,"📍7432 Denton Hwy, Watauga, TX 76148

#fyp #foryoupage #nepalitiktok #nepalifood  #foodie ",,https://www.tiktok.com/@oshin.0664/video/7635779831170370846,220,124,5,13800,,
7635882805779614996,cafedalat2026,2026-05-15T07:27:23,1777867516,mehuyencunglucie,5758,"Cafe Nhâm khu Thảo Điền, có bể cá cho các Em bé xem nữa nè, quán này rộng lắm, ổn nha các Mẹ #nhamcafe #khuvuichoi #cafekid #diadiemvuichoi #xuhuong ",,https://www.tiktok.com/@mehuyencunglucie/video/7635882805779614996,871,1189,55,50400,,
7629728739793997077,cafedalat2026,2026-05-15T07:27:23,1776434658,thegreenagate,113000,"Triển lãm cà phê lớn nhất Việt Nam đang diễn ra tại SECC ☕🔥

Đi một vòng là thử được cà phê, trà bánh ngonnnn

Ai mê cà phê nhất định phải đi thử một lần nha 👀✨ còn ngày mai nữa thuiiiiii

#CafeShowVietnam2026 #VNBC2026 #dalatmilkworldmatchalatteartbattle #viral #sukien ",,https://www.tiktok.com/@thegreenagate/video/7629728739793997077,1419,89,11,622200,,
7627485736421346590,cafedalat2026,2026-05-15T07:27:23,1775912453,.308lando,213,"Rampa Cafe Del Mar
Phuket, Thailand - 2026
#rampa #keinemusik #cafedelmar #cafedelmarphuket #housemusic",,https://www.tiktok.com/@.308lando/video/7627485736421346590,5253,535,16,31800,,
7485345157081058568,cafedalat2026,2026-05-15T07:27:23,1742817737,tuimotodalat,26600,"Túi Mơ To dạo này như một nông trại cún 🥹💕🌼
#tuimoto #tuimotocafe #checkindalat #dalat #caphedalat #coffee #reply1994dalat #cuchoami #happy ",,https://www.tiktok.com/@tuimotodalat/video/7485345157081058568,9636,2942,128,428600,,
7603371406423887125,dalatdep,2026-05-15T07:27:28,1770297864,review.lt7,10800,"🧚‍♀️ Những quán cafe ở Đà Lạt đẹp như bước ra từ truyện cổ tích — mây trôi trước hiên, sương phủ lối nhỏ, hoa cỏ bao quanh và không gian mộng mơ đến nao lòng.
☁️ Chỉ cần ngồi xuống nhâm nhi ly cà phê nóng, bạn sẽ thấy Đà Lạt dịu dàng hơn hẳn. #review #dalat #xuhuong #xuhuongtiktok #viral ",,https://www.tiktok.com/@review.lt7/video/7603371406423887125,7154,4316,187,489700,,
7549367720618282258,dalatdep,2026-05-15T07:27:28,1757724151,dreamgardenhomestay,26000,"Đà Lạt, nằm trong chăn ấm mà vẫn ngắm trọn thiên nhiên.
#homestaychilldalat #homestaydalatviewdep #homestaysanmaydalat #homestaydalat #sanmaydalat ",,https://www.tiktok.com/@dreamgardenhomestay/video/7549367720618282258,25600,7167,655,600100,,
7409122532223208711,dalatdep,2026-05-15T07:27:28,1725070778,resortdalat,13400,"Với view này mà có thêm… thì tuyệt!
———
📍The Manor Villas Dalat
———
#dalat #khachsandep #khachsantrungtamdalat #khachsansangtrong #resort #resortdalat #resortdep #chill #villadalat #khachsanviewdepdalat #khachsandalat #chilldalat #dalatchill #vibes ",,https://www.tiktok.com/@resortdalat/video/7409122532223208711,6045,3957,333,428600,,
7619697125416291606,dalatdep,2026-05-15T07:27:28,1774098990,two_peas_abroad,71500,"Why is no one talking about... 🤔🌿🏔️

📍Dalat, Vietnam

There's so much charm to this place! ✨

If mountain ranges, cooler temps, waterfalls, canyoning, theme parks, and coffee interest you... you must visit this city! 💫

You can get here by sleeper bus or private car/van transfer from Ho Chi Minh City or Nha Trang. 🚗

If you want our recommended tours, places to visit, and things to do in Dalat (Vietnam Musts Guide), tap the
🔍 Find Video Info button on our link in bio 🔗
🗨️ Or comment ""link""

.
.
.

#vietnamtravel #dalat #vietnamtips #vietnamtrip #travelcouple ",,https://www.tiktok.com/@two_peas_abroad/video/7619697125416291606,5171,1862,41,93900,,
7537670988738137351,dalatdep,2026-05-15T07:27:28,1755000791,dihetdalat,42900,4 quán cafe đẹp như truyện cổ tích tại Đà Lạt ✨ #dihetdalat #dalat #dalatreview #dalatdidau #cafedalat ,,https://www.tiktok.com/@dihetdalat/video/7537670988738137351,14700,9921,329,841900,,
7601868238388989191,dalatdep,2026-05-15T07:27:28,1769947878,.lt.3605,10300,Đà Lạt chiều nay 1-2 rực rỡ Mai Anh Đào ❤️#hoxuanhuongdalat #djimavic4pro #fypシ゚ #foryou #canhdepdalat ,,https://www.tiktok.com/@.lt.3605/video/7601868238388989191,49800,23300,1857,1700000,,
7627892157059304725,dalatdep,2026-05-15T07:27:28,1776007049,co_long_da_lat__04,11400,Cô Long chúc tỷ tỷ tủn cùi bắp …. #dalat #happyhilldalat #canhdepdalat #dalatstory #dalatdidau ,,https://www.tiktok.com/@co_long_da_lat__04/video/7627892157059304725,45300,891,399,1500000,,
7627340321097059592,dalatdep,2026-05-15T07:27:28,1775878564,dienodalat.py,14700,Một trải nghiệm thú vị không thể bỏ qua khi đến với Đà Lạt #dalat #chill #canhdep #langbiang ,,https://www.tiktok.com/@dienodalat.py/video/7627340321097059592,2002,1128,99,127100,,
7473097179494632712,dalatdep,2026-05-15T07:27:28,1739966029,dalatmemoriess,42000,Đà Lạt dạo nay cứ bị đẹp #dalat #reviewdalat #chill #fyp #tiktoktravel #dalattrip #dalatmemories ,,https://www.tiktok.com/@dalatmemoriess/video/7473097179494632712,136300,39700,1262,2200000,,
7632584977808461063,dalatdep,2026-05-15T07:27:28,1777099680,.lt.3605,10300,Ngắm Đà Lạt cùng mình nhé 😍#hoxuanhuong #canhdepdalat #dalat360 #djimavic4pro #fypシ゚ ,,https://www.tiktok.com/@.lt.3605/video/7632584977808461063,856,157,90,23800,,
7522696371313347858,dalatdep,2026-05-15T07:27:28,1751514246,thekupiddalat,45100,Phòng 1 giường 2 người ngắm view rừng thông có bồn tắm trong #thekupiddalatnosingle #thekupid #dalat #reviewdalat #checkindalat #homestaydalatviewdep #nccdalat #sanmaydalat #dalatreview #dulichdalat🌲🌲🌲 #viewrungthong #dulịchđàlạt #homestay #viewrừngthông ,,https://www.tiktok.com/@thekupiddalat/video/7522696371313347858,2769,2354,872,189400,,
7628558422098677013,dalatdep,2026-05-15T07:27:28,1776162177,co_long_da_lat__37,1553,Quá nhi…..#dalat #happyhilldalat #canhdepdalat #dalatstory #dalatdidau ,,https://www.tiktok.com/@co_long_da_lat__37/video/7628558422098677013,2302,53,46,61500,,
7584707093047823623,dalatdep,2026-05-15T07:27:28,1765952241,.lt.3605,10300,Đà Lạt đã vào mùa đẹp nhất! Các bạn còn chờ gì nữa ❤️#canhdepdalat #djimavic4pro #dalat360 ° #fypシ゚ #foryou ,,https://www.tiktok.com/@.lt.3605/video/7584707093047823623,24800,4632,773,791500,,
7639548127468473608,dalatdep,2026-05-15T07:27:28,1778720914,coco.mynhanpt,7657,Cô Long và những vị khách dễ thương #happyhilldalat #canhdepdalat ,,https://www.tiktok.com/@coco.mynhanpt/video/7639548127468473608,595,15,16,10700,,
7628149674632842514,dalatdep,2026-05-15T07:27:28,1776067004,co_long_da_lat__3,10600,Huynh ơi mụi phải mần con …. #dalat #happyhilldalat #dalatstory #dalatdidau #canhdepdalat ,,https://www.tiktok.com/@co_long_da_lat__3/video/7628149674632842514,56000,893,331,2500000,,
7471291007678663943,dalatdep,2026-05-15T07:27:28,1739545497,meimeibgm,4634,Chill Đà Lạt #dalat #fyp #canhdep ,,https://www.tiktok.com/@meimeibgm/video/7471291007678663943,215500,43400,2827,5500000,,
7537296495482129682,dalatdep,2026-05-15T07:27:28,1754913601,dihetdalat,42900,4 quán cafe săn mây đẹp tại Đà Lạt ⛅️ #dihetdalat #dalat #dalatreview #dalattrip #dalatdidau #chill #cafedalat #dalatcoffee #sanmaydalat ,,https://www.tiktok.com/@dihetdalat/video/7537296495482129682,8951,5653,96,441100,,
7372078917336763665,dalatdep,2026-05-15T07:27:28,1716445886,du_lich_dalat,242400,Địa Điểm Chụp Ảnh Đẹp Gần Trung Tâm Đà Lạt#thodandalad#ohay#diadiemdepdalat#caphedepdalat#review#reviewdalat# ,,https://www.tiktok.com/@du_lich_dalat/video/7372078917336763665,14700,5994,445,727700,,
7625502712200793364,dalatdep,2026-05-15T07:27:28,1775450719,happyhill.dalat,1300000,Ghẹo có được ai đâu à #dalatdidau #dalatstory #canhdepdalat #happyhilldalat #dalat ,,https://www.tiktok.com/@happyhill.dalat/video/7625502712200793364,195400,6833,2610,5300000,,
7639703283938151701,dalatdep,2026-05-15T07:27:28,1778757038,happyhill.dalat,1300000,Cảm ơn những cuộc gặp gỡ đến từ mọi miền đất nước ! #canhdepdalat #dalatdidau #dalatstory #happyhilldalat #dalat ,,https://www.tiktok.com/@happyhill.dalat/video/7639703283938151701,7563,126,146,118100,,
7628770065114008850,dalatdep,2026-05-15T07:27:28,1776211450,.lt.3605,10300,Đà Lạt mùa này kiểu vậy…#hoxuanhuong #canhdepdalat #djimavic4pro #fypシ゚ #foryou ,,https://www.tiktok.com/@.lt.3605/video/7628770065114008850,11500,1984,592,286400,,
7407611483179224328,dalatdep,2026-05-15T07:27:28,1724718956,namemdalat,3236,"Đố mấy bạn biết tụi tui đang ở đâu
!?
Chiếc home nằm giữa chừng đồi cực chill và vườn hồng đang trĩu quả nha
🛏️Home có 5 phòng ngủ đơn.
👌🏻Mỗi Phòng có sức chứa 2-4 khách, nhà vệ
sinh riêng, phòng có bồn tắm
👌🏻Bên trên là Tiệm cơm, 
👌🏻Coffee & BBQ Máy nước nóng, máy sấy tóc, bàn ủi.
👌🏻Chỗ đậu xe ô tô miễn phí, rộng rãi.
📍Đặng Thái Thân, P3, tp Đà Lạt
#dalat #homestaydalat #nhanguyencan
#homestaydepdalat #homestaychill #villa #villanguyencan #namemdalat #namem",,https://www.tiktok.com/@namemdalat/video/7407611483179224328,2855,1542,408,177100,,
7628149909660667156,dalatdep,2026-05-15T07:27:28,1776067062,co_long_da_lat__08,1786,Nghe mụi làm thơ…. #dalat #happyhilldalat #canhdepdalat #dalatstory #dalatdidau ,,https://www.tiktok.com/@co_long_da_lat__08/video/7628149909660667156,2150,43,26,65000,,
7625096460891180296,dalatdep,2026-05-15T07:27:28,1775356123,.lt.3605,10300,Buổi sáng Đà Lạt thật yên bình 😍#hoxuanhuong #canhdepdalat #djimavic4pro #fypシ゚ #foryou ,,https://www.tiktok.com/@.lt.3605/video/7625096460891180296,8084,1336,385,292900,,
7610461933954764053,dalatdep,2026-05-15T07:27:28,1771948763,shundidau_,40600,"Homestay đẹp nh.ất ở Đà Lạt t từng ở! Mọi thứ từ không gian cho tới dịch vụ đều oke lắm lun. Siu rcm mn trải nghiệm thử! 🧡🍃
#dalat #homestaydalat #dalatstory #dalatreview #omsecrethilldalat ",,https://www.tiktok.com/@shundidau_/video/7610461933954764053,8820,4164,349,561500,,
7589997085567782165,dalatdep,2026-05-15T07:27:28,1767183913,lux.nest.dalat,5725,"Đà Lạt vào mùa đẹp nhất năm. Bạn đã có kế hoạch đi Đà Lạt chưa?
#luxnest #phongviewdep #thunglungden ",,https://www.tiktok.com/@lux.nest.dalat/video/7589997085567782165,52900,15400,1471,945100,,
7639897178055445778,dalatdep,2026-05-15T07:27:28,1778802185,.lt.3605,10300,Nơi đẩu tiên đặt chân đến Đà Lạt…là đây 😀#deoprenn #canhdepdalat #dalat360 #djimavic4pro #fypシ゚ ,,https://www.tiktok.com/@.lt.3605/video/7639897178055445778,27,1,6,209,,
7569189293630016786,dalatdep,2026-05-15T07:27:28,1762339220,happyhill.dalat,1300000,Ghẹo khách hay khách ghẹo ? #canhdepdalat #dulichdalat #happyhilldalat #dalatstory #coffeedalat ,,https://www.tiktok.com/@happyhill.dalat/video/7569189293630016786,119400,6909,2267,4000000,,
7565083466304408839,dalatdep,2026-05-15T07:27:28,1761383258,aihaohaohao,5776,Homestay Đà Lạt đẹp nhứt từng ở luônn 🦦💓 #dalat #homestaydalat #omsecrethilldalat #reviewhomestay #reviewdalat ,,https://www.tiktok.com/@aihaohaohao/video/7565083466304408839,41800,22900,1054,1600000,,
7394486242219478279,dalatdep,2026-05-15T07:27:28,1721662996,minhmoonha,140300,"Homestay Đà Lạt có Bồn Tắm View xịn xò sống ảo, tối chill xem phim nữa nha 🔥🔥🔥 S-Chill Home Đà Lạt #mcv #haminhmoon #dalatreview #homestaydalat #homestayviewdep #dalathomestay #view #reviewhomestay #bontam #dalat #tiktokcommunityvn #monngondalat ",,https://www.tiktok.com/@minhmoonha/video/7394486242219478279,15200,10100,855,1100000,,
7620048187281263893,quanandalat,2026-05-15T07:27:56,1774180734,nhanphepha,111100,Quán cơm gà ngon ở Đà Lạt #dalat #nhanphepha #comgakuboc #quananngon #quanandalat ,,https://www.tiktok.com/@nhanphepha/video/7620048187281263893,860,487,30,43000,,
7638628543840275730,quanandalat,2026-05-15T07:27:56,1778506807,thelam35lytutrong,2454,"🍲 Hè này đến Đà Lạt, Trưa thì ăn gì? Đến ngay The Lam để thưởng thức bữa cơm trưa chuẩn vị nhà
🌿 Không gian chill giữa rừng, thoáng đãng, vừa ăn vừa tận hưởng Đà Lạt mát lạnh bạn nha. 
📍 35 Lý Tự Trọng, Phường Xuân Hương, Đà Lạt.
#comtruathelam #thelamdalat #comnhadalat #anngondalat #xuhuong ",,https://www.tiktok.com/@thelam35lytutrong/video/7638628543840275730,1465,1100,100,84800,,
7600642525577137429,quanandalat,2026-05-15T07:27:56,1769662498,comgahuongxua,745,#comgadalat #quanandalat #dalatangi #comgahuongxua #antruadalat ,,https://www.tiktok.com/@comgahuongxua/video/7600642525577137429,614,224,10,49000,,
7612889848311024916,quanandalat,2026-05-15T07:27:56,1772514057,nhanphepha,111100,Chỗ ăn vặt địa phương ở Đà Lạt này uy tín xưa giờ r hen 🥰🥰 #dalat #anvatdalat #quanandalat #quananngondalat #nhanphepha ,,https://www.tiktok.com/@nhanphepha/video/7612889848311024916,848,756,24,37600,,
7520438208484691220,quanandalat,2026-05-15T07:27:56,1750988481,quanngondalat,5679,"Top 5 Quán nướng ngon Đà Lạt phải thử khi đến Đà Lạt cho mí bà tham khảo nò…
Đồ nướng ở những quán nướng Đà Lạt là số zách #quannuongdalat #quannuong #quannuongngondalat #quanandalat #quanngondalat #ganuongcomlamdalat #ganuongcomlam #comnieudalat #quanandalat #dalatreview #lichtrinhdalat #dalat #nowrestaurantdalat #tiemnuongmaudich #quannuongmaudich ",,https://www.tiktok.com/@quanngondalat/video/7520438208484691220,902,469,30,135800,,
7453779724666408200,quanandalat,2026-05-15T07:27:56,1735468334,quanngondalat,5679,"Quán ăn trưa Đà Lạt ngon nè! 
Tổng hợp những quán ăn ngon Đà Lạt cho mí bà tham khảo khi đi Đà Lạt dịp sắp tới nhe
#dalat #anngondalat #quanngondalat #comgiadinh #comgiadinhdalat #dalatangi #dalatangingon #comtruadalat #antruadalat #quanandalat ",,https://www.tiktok.com/@quanngondalat/video/7453779724666408200,382,159,19,106800,,
7229950761105509637,quanandalat,2026-05-15T07:27:56,1683354094,tiemannhakhoii,14400,"Cuối tuần rồi, hãy lên đồ, thẳng tiến đến Tiệm ăn Nhà Khói, đừng quên dẫn theo 1 người chụp có tâm nữa để vừa ăn ngon, chill trong không gian Dalat, vừa có những bức hình đẹp thỏa đam mê sống ảo thôi nào các ní #quananThuDuc #nuonglau #bbqfood 

➖➖➖➖➖➖➖➖➖➖➖➖
🍲Tiệm ăn Nhà Khói
 🏡 𝒪𝓅𝑒𝓃 16:00 đến 22:00 hàng ngày 
🏡 𝒜𝒹𝒹𝓇𝑒𝓈𝓈  82 đường 36, phường Linh Đông, Tp Thủ Đức, TP. Hồ Chí Minh. 
🏡 𝒽𝑜𝓉𝓁𝒾𝓃𝑒 0901344286
#nuonglau #quananThuDuc  #quanandep #quanandalat #quananchill #quanandalatgiuasaigon",,https://www.tiktok.com/@tiemannhakhoii/video/7229950761105509637,33500,1235,118,453500,,
7459615418244779271,quanandalat,2026-05-15T07:27:56,1736827067,didalatcungtruc,207600,Quán ăn mở xuyên tết ở trung tâm Đà Lạt #quanandalat #tet2025 #reviewdalat #dalatreview #isbtalents #didalatcungtruc #ancungtiktok #monngondalat #reviewanngon ,,https://www.tiktok.com/@didalatcungtruc/video/7459615418244779271,974,508,25,58300,,
7638476715794173192,quanandalat,2026-05-15T07:27:56,1778471459,sasavivudalat,7294,Quán ăn vặt giá rẻ Đà Lạt #vivudalatcungsa #reviewdalat #dalat #dalatreview ,,https://www.tiktok.com/@sasavivudalat/video/7638476715794173192,458,417,11,22300,,
7583278632676756757,quanandalat,2026-05-15T07:27:56,1765619654,comgahuongxua,745,#huongxua #comgadalat #quanandalat #antruadalat #dalatangi ,,https://www.tiktok.com/@comgahuongxua/video/7583278632676756757,236,102,27,16200,,
7293409881950833928,quanandalat,2026-05-15T07:27:56,1698129320,ducdodalat,26600,"Review quán ăn đêm Đà Lạt ngon, gần chợ đêm #quanandalat #dalatangi #ducdodalat#ducdat #reviewdalat ",,https://www.tiktok.com/@ducdodalat/video/7293409881950833928,425,31,15,29400,,
7327856661815627015,quanandalat,2026-05-15T07:27:56,1706149590,huongquandalat,84,Hương Quán có menu ăn trưa hay tối đều hợp lý #huongquan #huongquandalat #quanandalat #gadapludalat #antruadalat ,,https://www.tiktok.com/@huongquandalat/video/7327856661815627015,658,115,8,239100,,
7604452761199037703,quanandalat,2026-05-15T07:27:56,1770549635,comgahuongxua,745,#comgadalat #quanandalat #dalatangi #comgahuongxua #antruadalat ,,https://www.tiktok.com/@comgahuongxua/video/7604452761199037703,160,85,4,11700,,
7605947529720565000,quanandalat,2026-05-15T07:27:56,1770897663,comgahuongxua,745,#quanandalat #comgadalat #dalatangi #comgahuongxua #antruadalat ,,https://www.tiktok.com/@comgahuongxua/video/7605947529720565000,104,46,6,12200,,
7635511942152572177,quanandalat,2026-05-15T07:27:56,1777781225,catrinbaoloc,154000,Trưa ở Đà Lạt ăn gì nhờ? 🫣 Quán cơm Linh là một gợi ý nhen cả nhà #catrin #dalat #reviewdalat #quananngon #dalatangi ,,https://www.tiktok.com/@catrinbaoloc/video/7635511942152572177,373,31,9,5383,,
7586893933301484821,quanandalat,2026-05-15T07:27:56,1766461409,comgahuongxua,745,#huongxua #comgadalat #quanandalat #antruadalat #dalatangi ,,https://www.tiktok.com/@comgahuongxua/video/7586893933301484821,104,44,9,5855,,
7629699776442862856,quanandalat,2026-05-15T07:27:56,1776427916,babytreedoidau,389,#dalat #checkindalat #quanandalat #dalatreviewcotam #lichtrinhdalat ,,https://www.tiktok.com/@babytreedoidau/video/7629699776442862856,15,8,3,650,,
7585781503339138311,quanandalat,2026-05-15T07:27:56,1766202397,bananzidong,315300,"Quán ăn local ở Đà Lạt món ăn chất lượng, không khí vui vẻ. #banandalat #ancungtiktok ",,https://www.tiktok.com/@bananzidong/video/7585781503339138311,3606,3805,153,294400,,
7633250605276040456,quanandalat,2026-05-15T07:27:56,1777254661,dalatmucnuonggang,955,Lễ 30/4🇻🇳 quán bán xuyên lễ nha #mucnuonggangdalat #reviewdalat #quanngondalat #quanandalat ,,https://www.tiktok.com/@dalatmucnuonggang/video/7633250605276040456,15,0,0,895,,
7639318648800398613,quanandalat,2026-05-15T07:27:56,1778667485,khanhdidalat,97,Núp núp mà lại ngon á chớ 🥰🥰 #dalat #khanhdidalat #dalatdidau #ancungtiktok #viral,,https://www.tiktok.com/@khanhdidalat/video/7639318648800398613,54,54,6,4488,,
7605162544562539797,quanandalat,2026-05-15T07:27:56,1770714898,comgahuongxua,745,#comgadalat #quanandalat #dalatangi #comgahuongxua #antruadalat   ,,https://www.tiktok.com/@comgahuongxua/video/7605162544562539797,51,26,4,3880,,
7536388626712644882,quanandalat,2026-05-15T07:27:56,1754702220,reviewdalat.toidandalat,15600,"Các quán ăn trưa ngon phục vụ nhanh, giá cả hợp lý 🥰 #1phutdalat #dalat #reviewdalat #tiktok #dalatangi ",,https://www.tiktok.com/@reviewdalat.toidandalat/video/7536388626712644882,3497,291,43,128000,,
7624853872732933396,quanandalat,2026-05-15T07:27:56,1775299643,ngocduy_diachianuong,482400,Tiệm cơm 1 điều ước với combo siêu hời 5 món chỉ 59k giữa lòng Đà Lạt #diachianuong #vtmgr #vingonquanhta ,,https://www.tiktok.com/@ngocduy_diachianuong/video/7624853872732933396,2508,1379,90,153200,,
7633724109511200007,quanandalat,2026-05-15T07:27:56,1777364904,chidichilll,302500,Quán bún mộc ngon tại Đà Lạt #chidichill #diadiemanuongdalat   #anuongdalat #ansangdalat #bunmocdalat,,https://www.tiktok.com/@chidichilll/video/7633724109511200007,2253,719,62,82200,,
7412955870415392006,quanandalat,2026-05-15T07:27:56,1725963293,quanngondalat,5679,"Quán nướng được khen nhiều tại Đà Lạt sẽ ra sao?
#quanngondalat #dalat #reviewdalat #dalatreview #xuhuong #dalattrip #dalatfood #quanandalat #maudichdalat #quannuongmaudich #anngon #xh #xuhuong ",,https://www.tiktok.com/@quanngondalat/video/7412955870415392006,91,37,5,8346,,
7610374106587974933,quanandalat,2026-05-15T07:27:56,1771928315,luoidilam.hihi,1779,Mẹt vừa đẹp mắt vừa bắt miệng lắm nha 🤤😍😍. #quanandalat #dalatravel #dalatreviewcotam #huongquandalat ,,https://www.tiktok.com/@luoidilam.hihi/video/7610374106587974933,12,5,1,517,,
7586520176925887752,quanandalat,2026-05-15T07:27:56,1766374381,julepe.sheen,70700,"Quán ăn núp hẻm, đông khách địa phương. Quán A Mẫn, hải sản ốc ngon toẹt vời luôn. #dalatangi ",,https://www.tiktok.com/@julepe.sheen/video/7586520176925887752,417,462,27,31200,,
7451237006396378386,quanandalat,2026-05-15T07:27:56,1734876318,pineta2022,2185,#pineta #quanandalat #anuongdalat #dalat ,,https://www.tiktok.com/@pineta2022/video/7451237006396378386,5117,242,60,110900,,
7284169725523823873,quanandalat,2026-05-15T07:27:56,1695977931,anchoidalat,27800,Quán ăn trưa ăn tối cực kì oke la luôn nè mn ơii #dalat #anchoidalat #reviewanchoidalat #seriesanchoidalat #huongquandalat ,,https://www.tiktok.com/@anchoidalat/video/7284169725523823873,2076,521,45,305500,,
7586250478422363412,anvatdalat,2026-05-15T07:28:19,1766311591,didalatcungtruc,207600,Xiên que nhúng 24h ở Đà Lạt #dala247 #xiennhungdalat #didalatcungtruc #anvatdalat #isbtalents #didalatcungtruc ,,https://www.tiktok.com/@didalatcungtruc/video/7586250478422363412,5973,5621,51,201400,,
7627002192842493204,anvatdalat,2026-05-15T07:28:19,1775799835,didalatcungtruc,207600,"Ăn vặt ở Đà Lạt, lẩu xiên nhúng Tứ Xuyên và mì trộn tóp mỡ lòng đào #anvatdalat #xiennhungdalat #reviewdalat #didalatcungtruc #isbtalents ",,https://www.tiktok.com/@didalatcungtruc/video/7627002192842493204,4864,1734,29,185900,,
7639749664652397842,anvatdalat,2026-05-15T07:28:19,1778767835,phungluutn,3268,"Bánh tráng nướng Đà Lạt
cô Phượng số 69C Nguyễn Văn Trỗi, Đà Lạt.
Hiện tại 25k.
Bánh tráng và sữa ngon
Con đường Nguyễn Văn Trỗi có nhiều quán bánh tráng nướng ngon.
#anuong 
#anvat 
#monan 
#dalat 
#banhtrangnuong ",,https://www.tiktok.com/@phungluutn/video/7639749664652397842,9,0,0,238,,
7638252155266190600,anvatdalat,2026-05-15T07:28:19,1778419170,um.coffee.ninh.gi,23,#coffee #mycay #anvatdalat #xh #viralvideo ,,https://www.tiktok.com/@um.coffee.ninh.gi/video/7638252155266190600,25,3,9,798,,
7457163819102637320,anvatdalat,2026-05-15T07:28:19,1736256256,didalatcungtruc,207600,Tiệm ăn vặt ngon ở Đà Lạt #anvatdalat #reviewdalat #dalatreview #isbtalents #didalatcungtruc #ancungtiktok #monngondalat #reviewanngon ,,https://www.tiktok.com/@didalatcungtruc/video/7457163819102637320,3920,2242,37,119600,,
7639600285257567495,anvatdalat,2026-05-15T07:28:19,1778733062,thiendatfarm25,61900,"#creatorsearchinsights 

🧅 Khoai môn sợi vị hành – giòn rụm, thơm béo, ăn là ghiền 😋
Sợi khoai môn vàng giòn phủ lớp gia vị hành thơm lừng, mặn ngọt vừa miệng, càng ăn càng cuốn 💥
Snack quốc dân cho team mê ăn vặt đây rồi 🔥 #khoaimonsoi #anvatdalat #snackgion #xuhuongtiktok ",,https://www.tiktok.com/@thiendatfarm25/video/7639600285257567495,5,0,0,134,,
7538436147542871303,anvatdalat,2026-05-15T07:28:19,1755178944,bepnhagau.dalat,249,"Ăn vặt Đà Lạt giá chỉ từ 7k-8k
35 Trạng Trình (nhà gỗ xinh xắn)
#bepnhagau #anvatdalat #dalat #foodie ",,https://www.tiktok.com/@bepnhagau.dalat/video/7538436147542871303,52,8,0,959,,
7637097038471105813,anvatdalat,2026-05-15T07:28:19,1778150225,emanday_2,679,Đi ăn Pizza ở Đức Trọng cùng Anh nha 🫶🏻#pizza #anvatductrong #anvatdalat #ductrong #dalat ,,https://www.tiktok.com/@emanday_2/video/7637097038471105813,850,636,30,32300,,
7554256224951422215,anvatdalat,2026-05-15T07:28:19,1758862343,didalatcungtruc,207600,Ăn vặt sỉ lẻ ở Đà Lạt #gynabaotram #anvatdalat #dalatreview #didalatcungtruc #isbtalents #ancungtiktok ,,https://www.tiktok.com/@didalatcungtruc/video/7554256224951422215,676,422,10,35200,,
7639721896497401096,anvatdalat,2026-05-15T07:28:19,1778761371,duy.dalat,1938,Mukbang Gà Ủ Muối Xì Dầu #gaumuoidalat #tiemnhaut #duydalat #xuhuongtiktok #anvatdalat,,https://www.tiktok.com/@duy.dalat/video/7639721896497401096,9,1,1,231,,
7639770679344221461,anvatdalat,2026-05-15T07:28:19,1778772730,bonganvat22,20000,Thích ăn khoai lang vừa ngọt vừa bở #khoailangnhat #khoailangdalat #anvat #ancungtiktok #bonganvat ,,https://www.tiktok.com/@bonganvat22/video/7639770679344221461,1,0,0,41,,
7639692590438272277,anvatdalat,2026-05-15T07:28:19,1778754549,chichicakeandmore,2325,"Mùa này hoa đẹp siêu rẻ, muốn dễ thương thì hoa hồng, muốn ấn tượng thì hoa đỏ! Ohara đỏ quyến rũ! Đang sên nhân trong lúc chờ nhân dứa nguội mình đi cắm hoa. 😍
🌹🌹🌹 #chichicakeandmore #banhngondalat #banhduahandmade #dalat #anvatdalat ",,https://www.tiktok.com/@chichicakeandmore/video/7639692590438272277,9,0,0,84,,
7113162204962131226,anvatdalat,2026-05-15T07:28:19,1656162138,chuyencuadalat,97300,Bạn đã ăn hết mấy món này chưa 🌸 #dalat #checkindalat #dalatreview #dalatstory #anvatdalat #dalattrip #chuyencuadalat #tiktokfood,,https://www.tiktok.com/@chuyencuadalat/video/7113162204962131226,19000,1696,230,434800,,
7554705090431536392,anvatdalat,2026-05-15T07:28:19,1758966852,xalachtrondaugiam,51500,Buổi chiều đi ăn vặt nhooo #local #dalat #anvat #anvatdalat #xalachtrondaugiam ,,https://www.tiktok.com/@xalachtrondaugiam/video/7554705090431536392,1483,590,24,58900,,
7570053131413753095,anvatdalat,2026-05-15T07:28:19,1762540348,pamidalat,1355,Bạn đã bao giờ chưaaaa#xuhuong #fyp #anvatdalat #pami #dalat ,,https://www.tiktok.com/@pamidalat/video/7570053131413753095,1351,1181,31,65200,,
7568861863568608520,anvatdalat,2026-05-15T07:28:19,1762262983,pamidalat,1355,1 từ thôi VUÝPPPPPP#xuhuong #fyp #anvatdalat ##pami #dalat ,,https://www.tiktok.com/@pamidalat/video/7568861863568608520,8381,7449,123,348800,,
7615965010279271700,anvatdalat,2026-05-15T07:28:19,1773230040,daochoivoially,137,yo yo yo !! tình cờ được dẫn đi ăn mà ngon phếccc #allyrongchoi #dalat #dulichdalat #anvatdalat#anwgiodalat ,,https://www.tiktok.com/@daochoivoially/video/7615965010279271700,1525,497,40,40700,,
7517415374002933010,anvatdalat,2026-05-15T07:28:19,1750284670,bdskiemnguyen,4818,#nhaugiaiphong#nhaudem #nhautoidalat #quannhausoidongnhatdalat #anuongdalatvedem #nhautredalat #anvatdalat #quannhauganchodalat #anuongdalatvedem #quannhaungon #anvatdalat #nuonglau #quanngondalat #,,https://www.tiktok.com/@bdskiemnguyen/video/7517415374002933010,3405,891,306,318600,,
7510541232792259858,anvatdalat,2026-05-15T07:28:19,1748684153,dalatangi.1phutdalat,7230,Bà nào hay ăn vặt thì lưu cái clip này để dành liềnnn 😱 #anvat #dalat #dalatangi #1phutdalat #toiladandalat #dochien #banhtrang ,,https://www.tiktok.com/@dalatangi.1phutdalat/video/7510541232792259858,1457,437,17,59400,,
7636983889956834581,anvatdalat,2026-05-15T07:28:19,1778123893,nuisotphomaidalat,329,Món mới: xíu mại phô mai kéo sợi 🧀 Bep15do.dalat | 10:00-21:00| #monngondalat #dalatangi #nuisotxiumaiphomai #anvatdalat ,,https://www.tiktok.com/@nuisotphomaidalat/video/7636983889956834581,4800,933,137,114600,,
7635897648288976148,anvatdalat,2026-05-15T07:28:19,1777870972,nuisotphomaidalat,329,Nui sốt đẫm xíu mại ăn no căng mà chỉ 29kkk 🥳 #monngondalat #nuisotxiumaiphomai #anvatdalat #dalatangi ,,https://www.tiktok.com/@nuisotphomaidalat/video/7635897648288976148,317,59,22,3276,,
7639352398145752340,anvatdalat,2026-05-15T07:28:19,1778675342,lvtdlion,2401,"Ghé ngay A Mía có quà có quà 🍭
#dalat #fyp #hot #monngondalat #angiodalat ",,https://www.tiktok.com/@lvtdlion/video/7639352398145752340,3,1,0,140,,
7637527645751643412,anvatdalat,2026-05-15T07:28:19,1778250483,hocdotnhungnoinhieu,37,@Rin@thiên tài toán học ⚡️ #anvatbeodalt #dalat ,,https://www.tiktok.com/@hocdotnhungnoinhieu/video/7637527645751643412,6,3,4,137,,
7639740788062047509,anvatdalat,2026-05-15T07:28:19,1778765771,bonganvat22,20000,Thích ăn khoai lang vừa ngọt vừa bở vừa thơm #khoailangnhat #khoailangdalat #anvat #ancungtiktok #bonganvat ,,https://www.tiktok.com/@bonganvat22/video/7639740788062047509,1,0,0,77,,
7634147339921411349,anvatdalat,2026-05-15T07:28:19,1777463446,ldtmeow97,754,"Chiều chiều cái bụng buồn thiu, muốn cho vui vẻ ghé ngay Ú Ù đi cả nhà ơi 😘 #ănvatdalat #anvathottrend #anvatUUdalat #xuhuong #mukkbanganvat ",,https://www.tiktok.com/@ldtmeow97/video/7634147339921411349,259,250,16,14600,,
7517947514473942304,anvatdalat,2026-05-15T07:28:19,1750408609,toiladandalat,21800,"Xe cá viên chiên huyền thoại đối diện cổng trường Bùi Thị Xuân, Đà Lạt #dalat #toiladandalat #dalatangi #xh #fyp #anvat #cavienchien ",,https://www.tiktok.com/@toiladandalat/video/7517947514473942304,3719,1553,110,140400,,
7610407900204305685,anvatdalat,2026-05-15T07:28:19,1771936180,tiemangbuc,212100,Phô mai nướng chợ Đà Lạt #thimucbang #mukbang #phomainuong #chodalat #anvat ,,https://www.tiktok.com/@tiemangbuc/video/7610407900204305685,8153,746,43,359100,,
7588169933499010322,anvatdalat,2026-05-15T07:28:19,1766758495,pamidalat,1355,Mấy nay không đăng gì chớ quán vẫn bán đều đều ạ. Khách ghé em ăn flan nho#dalat #xuhuong #dalatstory #dalatangi #anvat ,,https://www.tiktok.com/@pamidalat/video/7588169933499010322,716,734,13,47800,,
7639781819935739156,anvatdalat,2026-05-15T07:28:19,1778775324,quanodalat,710,"Có những thứ…
không đợi mình thật.#quanodalat #suckhoe #cafedalat #anvatdalat #homestaydalat ",,https://www.tiktok.com/@quanodalat/video/7639781819935739156,9,0,0,121,,
7637197438448618770,anvatdalat,2026-05-15T07:28:19,1778173599,thetruog411,304,"Ế quá và chúng tôi. @anvatbeodalat @hocdotnhungnoinhieu @thictradaocamsa_ 
#ănvatdalat #trendtiktok #xuhuong #ăncungtiktok #dalatstory ",,https://www.tiktok.com/@thetruog411/video/7637197438448618770,49,41,12,819,,
7638208396600134933,langbiang,2026-05-15T07:28:43,1778803140,_ng.tramw11,2490,Cung đường xuyên rừng thông siêu đẹp tại Langbiangg 🌲🌲🌲 #xuhuong #viral #langbiang #dalat ,,https://www.tiktok.com/@_ng.tramw11/video/7638208396600134933,4,0,0,63,,
7528369502120185095,langbiang,2026-05-15T07:28:43,1752835122,langbiangland,16200,"🎟 Một vé trọn gói – chơi gì cũng được
Chơi thả ga, không lo về giá tại Langbiang Land nha! #langbiangland #dalat #truotphaodalat #dulichdalat #ilovelangbiangland ",,https://www.tiktok.com/@langbiangland/video/7528369502120185095,21200,12500,621,1300000,,
7639375958327233812,langbiang,2026-05-15T07:28:43,1778680828,huykrajan6,76,#duangua #2026 #cuccaoboi #langbiang ,,https://www.tiktok.com/@huykrajan6/video/7639375958327233812,10,0,2,149,,
7504956347335658770,langbiang,2026-05-15T07:28:43,1747383821,vananhnguyen971,2309,ĐÃ bác nào thử cảm giác trượt dưới trời mưa bão chưa 😂x3 độ văng luôn ạ  nay để âm thanh gốc cho các bác cảm nhận nha dk mấy anh nhân viên ngồi hóng văng chứ 😂😂😂#langbiang #đàlạt ,,https://www.tiktok.com/@vananhnguyen971/video/7504956347335658770,74800,8140,1226,2300000,,
7634371851057155348,langbiang,2026-05-15T07:28:43,1777515719,chrislangan93,55,"Paragliding at Langbiang!

#langbiang #dalat #langbiangmountian ",,https://www.tiktok.com/@chrislangan93/video/7634371851057155348,332,177,22,13700,,
7631443188061981973,langbiang,2026-05-15T07:28:43,1776833838,bbaekim,678,"Một hành trình tuyệt vời và đáng nhớ, luỵ Langbiang quáaaa 🏔️🍃

#trekking #vlog #trekkinglangbiang #langbiang 
#creatorsearchinsights ",,https://www.tiktok.com/@bbaekim/video/7631443188061981973,323,72,24,10500,,
7511934710860369168,langbiang,2026-05-15T07:28:43,1749008608,ttmd278,1946,"Ba mẹ ở nhà cầu mong con bình an, con cái đi chơi kiểu: ….. 😂😅
#langbiangland #truotphaodalat #dalatreview #dalat ",,https://www.tiktok.com/@ttmd278/video/7511934710860369168,30800,6793,897,1900000,,
7635889925426138388,langbiang,2026-05-15T07:28:43,1777869175,iw_ziwq09,1788,Omg Langbiang⛰️So majestic😱#trekking #langbiang #xuhuong #viralvideo ,,https://www.tiktok.com/@iw_ziwq09/video/7635889925426138388,206,27,26,3387,,
7634576478553869588,langbiang,2026-05-15T07:28:43,1777563362,diarylangthang,110,đi trek lời được 1 mớ kỉ nịmmmm ##trekking##langbiang##hanhtrinhxanh,,https://www.tiktok.com/@diarylangthang/video/7634576478553869588,146,29,20,4654,,
7525311831859121426,langbiang,2026-05-15T07:28:43,1752123202,anhduongvo.08,493,Tới công chiện luôn #dalat #xuhuong #fyp #viral #truotcauvong #langbiang ,,https://www.tiktok.com/@anhduongvo.08/video/7525311831859121426,43600,3364,462,1200000,,
7636801199412415764,langbiang,2026-05-15T07:28:43,1778081345,cildoan,993,#trekking #langbiang #langbiangmountian#Dalat ❤️‍🔥,,https://www.tiktok.com/@cildoan/video/7636801199412415764,331,24,7,3389,,
7468169264424357137,langbiang,2026-05-15T07:28:43,1738818675,langbiangland,16200,Ây da cảnh đâu đẹp dữ ta… #chill #dalat #langbiangland #canhdep ,,https://www.tiktok.com/@langbiangland/video/7468169264424357137,5023,1178,211,415900,,
7638627134801480981,langbiang,2026-05-15T07:28:43,1778506479,dicungmonn,18,"Hành trình leo đỉnh Langbiang

#trending #trekking #solotravel #langbiang #xuhuong ",,https://www.tiktok.com/@dicungmonn/video/7638627134801480981,39,5,14,982,,
7630860275217861895,langbiang,2026-05-15T07:28:43,1776698117,mniciera,23,First solo trekking trip ⛰️ #trekking #langbiang #dalat ,,https://www.tiktok.com/@mniciera/video/7630860275217861895,604,86,18,9150,,
7639768691189583111,langbiang,2026-05-15T07:28:43,1778772266,ducxetourdalat,19200,Langbiang land. Địa điểm tham quan phù hợp cho gđ vào hè này ,,https://www.tiktok.com/@ducxetourdalat/video/7639768691189583111,6,0,5,176,,
7130853658413108506,langbiang,2026-05-15T07:28:43,1660281251,lee.haydi,308100,"Khám phá ẩm thực vùng cao Langbiang, một địa điểm không nên bỏ qua khi đến Đà Lạt #langbiang #langbiangdalat #reviewamthuc #ancungtiktok #reviewanngon #dalat #reviewfood #xuhuong",,https://www.tiktok.com/@lee.haydi/video/7130853658413108506,1800,51,16,166300,,
7627044757574847752,langbiang,2026-05-15T07:28:43,1775809746,dichungxe,48800,"Thật đáng thương

#dichungxe #dcx #trekking #langbiang ",,https://www.tiktok.com/@dichungxe/video/7627044757574847752,364,83,9,15900,,
7605069313568951560,langbiang,2026-05-15T07:28:43,1770693239,dichungxe,48800,"Checkin LangBiang cùng DCX

#dichungxe #dcx #trekking #langbiang ",,https://www.tiktok.com/@dichungxe/video/7605069313568951560,1648,152,27,80100,,
7587042669088607496,langbiang,2026-05-15T07:28:43,1766496032,jun.guy_dalat,1584,"LANGBIANG - DÀ LÀCH
#LễHộiCồngChiêngĐôngNamÁ #SouthEastAsianGongCultureFestival2025 
#đàlạt

Nguồn: https://www.facebook.com/share/v/1BjUQ5DTR6/",,https://www.tiktok.com/@jun.guy_dalat/video/7587042669088607496,361,4,7,14800,,
7602949300955516168,langbiang,2026-05-15T07:28:43,1770199584,dichungxe,48800,"Lên ngay con tướng Lang Biang

#dichungxe #dcx #trekking #langbiang ",,https://www.tiktok.com/@dichungxe/video/7602949300955516168,3784,354,76,153400,,
7631107846192549128,langbiang,2026-05-15T07:28:43,1776755761,dulcie.uwu,100,iu buổi trekking Langbiang ⛰️🌳 #fyp #trekking #langbiang #capcut ,,https://www.tiktok.com/@dulcie.uwu/video/7631107846192549128,2250,582,44,27000,,
7637870566107532551,langbiang,2026-05-15T07:28:43,1778330325,sunthics,104,#hiking #langbiang #dalat,,https://www.tiktok.com/@sunthics/video/7637870566107532551,20,3,3,283,,
7509716642214006024,langbiang,2026-05-15T07:28:43,1748492164,langbiangland,16200,"Duy nhất ngày 1/6/2025 miễn phí vé cổng cho bé thuộc cấp mẫu giáo, tiểu học và trung học cơ sở 🥰 Bé tới nhớ mang theo giấy tờ chứng minh nha #langbiangland #dulichdalat #checkindalat #dalat #ilovelangbiangland #khuvuichoi #truotcauvong #truotphao ",,https://www.tiktok.com/@langbiangland/video/7509716642214006024,4283,1096,172,365400,,
7627473913802427666,langbiang,2026-05-15T07:28:43,1775909666,xiaomeii212,6390,"4 tiếng trước thảm hoạ
#trekking #trek #dalat #langbiang ",,https://www.tiktok.com/@xiaomeii212/video/7627473913802427666,10500,652,150,146000,,
7513386812543356178,langbiang,2026-05-15T07:28:43,1749346693,jennythienanh,430,#langbiangland #dalat #2025 #jenny Mùa mưa của mình là thật biết thế hiện ,,https://www.tiktok.com/@jennythienanh/video/7513386812543356178,16800,3570,905,1500000,,
7570568583390989589,langbiang,2026-05-15T07:28:43,1762660361,langbiangland,16200,"Nhất định tuổi trẻ này phải tới LangBiang Land trải nghiệm nhaaaa 😚😍
#LangBiangLand #dalat #xh #viral ",,https://www.tiktok.com/@langbiangland/video/7570568583390989589,245,99,9,16800,,
7639376107208379668,langbiang,2026-05-15T07:28:43,1778680863,ng.nah,39,Thử sức bản thân 💪                              #trekking #langbiang #ididit #xuhuong #capcut ,,https://www.tiktok.com/@ng.nah/video/7639376107208379668,19,1,3,321,,
7490948489980005639,langbiang,2026-05-15T07:28:43,1744122362,langbiangland,16200,Đến Langbiang thưởng thức âm nhạc từ các cô sơn nữ nào #langbiangland #music #dalat #dulichdalat ,,https://www.tiktok.com/@langbiangland/video/7490948489980005639,8070,173,104,177100,,
7614371561042185479,langbiang,2026-05-15T07:28:43,1772859037,hoaian___3,330,Chinh phục đỉnh LangBiangg #trekking #dallas #outfit #salomon #langbiang ,,https://www.tiktok.com/@hoaian___3/video/7614371561042185479,3108,236,68,66000,,
7508576445141208338,dulichdalat,2026-05-15T07:28:57,1748226694,du_lich_dalat,242400,Tốp 5 điểm đáng trãi nghiệm cho gia đình năm 2025 Tại Đà Lạt@Langfarmcenter##thodandalad#dalat#langfarmcenter#dulichdalat#top5dalat2025#diadiemgiadinh#checkindalat#langfarmbuffet#nongtraicotich#,,https://www.tiktok.com/@du_lich_dalat/video/7508576445141208338,38700,26600,1141,2100000,,
7535672971080371474,dulichdalat,2026-05-15T07:28:57,1754535593,ghiendalat_official,263200,Coi hết để biết 5 khu vui chơi dành cho gia đình có con nhỏ khi đi Đà Lạt nhaaaa @Thổ Địa Đà Lạt #ghiendalat #thodiadalat #dalat #LangfarmCenter #DuLichDaLat #Top5DaLat2025 #DiaDiemGiaDinh #CheckinDaLat #LangfarmBuffet #NongTraiCoTich #xuhuong #fyp ,,https://www.tiktok.com/@ghiendalat_official/video/7535672971080371474,2945,3487,160,264800,,
7523798698493545735,dulichdalat,2026-05-15T07:28:57,1751770898,dieuhoang211,758100,"Gợi ý những địa điểm đi chơi Đà Lạt … không chán cùng 2 gđ 💞@✨ Linh Barbie ✨ @Mai Ngốc Nghếch 
@The KUPID - Dalat no single 
@Bát Mì Nhã 
@The CampVille DaLat 
@Suối Bình Yên 
@Tiệm nướng trong rừng @Miền Du Mục 
@Trạm Ký Ức 
#dieuhoang #dalat #dulich #dulichdalat #quananngon ",,https://www.tiktok.com/@dieuhoang211/video/7523798698493545735,18900,7177,334,587000,,
7437476244918127890,dulichdalat,2026-05-15T07:28:57,1731672384,dihetdalat,42900,Bỏ túi ngay 4 căn Homestay đáng thử gần trung tâm Đà Lạt 🧐 #dihetdalat #dalat #chill #bttravel #dulichdalat #traveltiktok #dulichvietnam #checkindalat #homestay #homestaydalat ,,https://www.tiktok.com/@dihetdalat/video/7437476244918127890,185700,67600,2265,5300000,,
7385473109140180240,dulichdalat,2026-05-15T07:28:57,1719564463,dichoimoingay,221900,Lên Đà Lạt là phải chơi trò này nha🏁 #dalat #reviewdalat #dalattrip #dulichdalat ,,https://www.tiktok.com/@dichoimoingay/video/7385473109140180240,8415,9839,285,793100,,
7603733676706352404,dulichdalat,2026-05-15T07:28:57,1770382216,elmdalat,2162,Tips đi du lịch Đà Lạt cực chill và tiết kiệm cho các con vợ #reviewdalat #dulichdalat #trending #xuhuong #yodthong ,,https://www.tiktok.com/@elmdalat/video/7603733676706352404,8339,1838,32,160700,,
7606686172517076245,dulichdalat,2026-05-15T07:28:57,1771069642,ngngthinei,44900,Tổng chi phí Đà Lạt 3n2đ ?? mình có list các địa điểm ăn uống trong danh sách phát này luôn nha. #chiphi #dalat #dulich #fyp #xuhuong ,,https://www.tiktok.com/@ngngthinei/video/7606686172517076245,82100,21800,357,1600000,,
7599564866235436296,dulichdalat,2026-05-15T07:28:57,1769411586,cillynguyen,38900,48h ở Đà Lạt chúng tôi đã ăn những gì trời ơi ngon quá #cillynguyen #Uhằng #dalat #foodreview #dulich ,,https://www.tiktok.com/@cillynguyen/video/7599564866235436296,4257,1225,69,134200,,
7605564991403560213,dulichdalat,2026-05-15T07:28:57,1770808600,bacxiuneee_,57400,"Đi Làng Cù Lần, có ai bỏ quên “Lò Gụ” này khumm🍃
#langculan #reviewdalat #dulichdalat #dalat #bacxiunee ",,https://www.tiktok.com/@bacxiuneee_/video/7605564991403560213,3516,1505,54,191900,,
7523919165783166228,dulichdalat,2026-05-15T07:28:57,1751798951,linhbarbie,18700000,"Đà Lạt 3N2Đ 🌲 
Ăn gì & Và chơi gì ❄️ 2025
Bí kíp địa điểm cho mý bà tham khảo ở đây nha
Day 1 
- @The KUPID - Dalat no single 
- @Miền Du Mục 
- @Bát Mì Nhã 

#LinhBarbie ",,https://www.tiktok.com/@linhbarbie/video/7523919165783166228,21900,1797,328,714900,,
7635179040197954823,dulichdalat,2026-05-15T07:28:57,1777703656,boodiann,2655,"Tui tốn tiền để bạn khỏi tốn 🫶

#dalat #dulichdalat #dalatstory #dalatdidau #chodalat ",,https://www.tiktok.com/@boodiann/video/7635179040197954823,17400,6297,89,196100,,
7515049174765702418,dulichdalat,2026-05-15T07:28:57,1749733740,jessica_review,16700,"24h ở Đà Lạt ăn gì? Clip này là tổng hợp các quán ăn ngon mà mình đã được thử trong chuyến ĐL 5n4d vừa rồi, quán ko ngon m cho ra chuồng gà rồi, đây là clip từ người đi Đà Lạt để chill not booking vì ko phải travel blogger nên mn khỏi lo nhé hé hé #jessicareview #dalatangi #dalatangiodau #didalat #dalat #dalatreview #dalattrip #dalatfood #dalatcoffee #reviewdalat #fooddalat #dulichdalat ",,https://www.tiktok.com/@jessica_review/video/7515049174765702418,39400,15000,505,983200,,
7600226111255072018,dulichdalat,2026-05-15T07:28:57,1769601600,datanlawaterfall,25600,"🌺 Du xuân Đà Lạt, đến Datanla để trải nghiệm những trò chơi thật bùng nổ 😎🤘
#dalat #dalattourist #datanla #dalattrip #happynewyear2026 #adventure",,https://www.tiktok.com/@datanlawaterfall/video/7600226111255072018,4802,3989,167,369600,,
7343078835824364802,dulichdalat,2026-05-15T07:28:57,1709693820,rungthongnuivoi,9312,"Top 5 địa điểm du lịch mới toanh tại Đà Lạt
#kdlrungthongnuivoi #hanokvillage #gokart #tiktoktravel #dulichdalat #reviewdalat #dalat",,https://www.tiktok.com/@rungthongnuivoi/video/7343078835824364802,3015,40,3,23200,,
7337975832725425410,dulichdalat,2026-05-15T07:28:57,1708505644,resortdalat,13400,"Team mê sống ảo không thể bỏ lỡ Terracotta Hotel & Resort Dalat. Mang vẻ đẹp thiên nhiên với rừng thông bao phủ nằm cạnh bờ hồ Tuyền Lâm đầy thơ mộng
———
Liên hệ Hoa Đà Lạt Travel nhận ưu đãi!
———
#dalat #dalatreview #dalattrip #khachsandalat #khachsan4sao #terracotta #terracottaresort #review #reviewdalat #resortdalat #travel #traveltips #khachsandalat #dulichdalat #xuhuong #xuhuongtiktok #viral ",,https://www.tiktok.com/@resortdalat/video/7337975832725425410,1140,860,81,213500,,
7327471583943986433,dulichdalat,2026-05-15T07:28:57,1706059933,du_lich_dalat,242400,Hướng Dẫn Đường Đi Săn Mây Cầu Gỗ Bình Minh Coffee Tại Đồi Chè Cầu Đất Đà Lạt#thodandalad#review#reviewdalat#sănmay#sanmay#sanmaydoichecaudat#doichecaudat# ,,https://www.tiktok.com/@du_lich_dalat/video/7327471583943986433,53400,9748,1249,1600000,,
7376509912337157383,dulichdalat,2026-05-15T07:28:57,1717477556,dichoimoingay,221900,Không gian tiệm nướng ngắm xe lửa cùng view nhà lồng và hoàng hôn cực chill không thể bỏ lỡ ở Đà Lạt🤎 #dalat #dalattrip #dulichdalat #reviewanngon #dichoimoingay ,,https://www.tiktok.com/@dichoimoingay/video/7376509912337157383,29700,21300,1234,2200000,,
7606959126723284242,dulichdalat,2026-05-15T07:28:57,1771133196,dulich.nicetravel,22900,"Tour Đà Lạt 3N3Đ 980.000 
#dulich #nicetravel #dalat ",,https://www.tiktok.com/@dulich.nicetravel/video/7606959126723284242,14500,4888,817,847800,,
7473110759875153159,dulichdalat,2026-05-15T07:28:57,1739969192,koinamang,72100,Phần 2 - Maze Bar Đà Lạt 🫣 #learnontiktok #ancungtiktok #dalat #dulichdalat #koinamang #mazebar ,,https://www.tiktok.com/@koinamang/video/7473110759875153159,51900,15500,1808,1600000,,
7572962874641894674,dulichdalat,2026-05-15T07:28:57,1763217824,happyhill.dalat,1300000,Ghẹo khách hay khách ghẹo ? Nay đông quá muội có bỏ lỡ ai thì mong mn thônh cảm nha #canhdepdalat #dulichdalat #happyhilldalat #dalatdidau ,,https://www.tiktok.com/@happyhill.dalat/video/7572962874641894674,202100,12400,2797,6300000,,
7630148931460074760,dulichdalat,2026-05-15T07:28:57,1776582000,haichi121,419100,Khu du lịch Fresh Garden - địa điểm vui chơi cực hấp dẫn cho các gia đình có bé nhỏ #nhahana #freshgarden #freshzoo #freshplayground #dalat ,,https://www.tiktok.com/@haichi121/video/7630148931460074760,4403,647,64,66600,,
7617339150563429639,dulichdalat,2026-05-15T07:28:57,1773549987,happyhill.dalat,1300000,Ghẹo khách chút xíu à #canhdepdalat #dulichdalat #dalatdidau #dalat #happyhilldalat ,,https://www.tiktok.com/@happyhill.dalat/video/7617339150563429639,218600,9155,2591,6900000,,
7572177579856252168,dulichdalat,2026-05-15T07:28:57,1763034984,happyhill.dalat,1300000,Ghẹo khách hay khách ghẹo ? Nay đích thị là bị khách quánh úp luôn đó #canhdepdalat #dulichdalat #happyhilldalat #dalatdidau ,,https://www.tiktok.com/@happyhill.dalat/video/7572177579856252168,150300,12600,3443,4000000,,
7576609783462006023,dulichdalat,2026-05-15T07:28:57,1764066937,happyhill.dalat,1300000,Ghẹo khách hay khách ghẹo ? #canhdepdalat #happyhilldalat #dalatdidau #dulichdalat #dalatstory ,,https://www.tiktok.com/@happyhill.dalat/video/7576609783462006023,176300,9934,2918,5200000,,
7594045747868306708,reviewanvatdalat,2026-05-15T07:29:10,1768126575,didalatcungtruc,207600,"Ăn Vặt Xù, tiệm ăn vặt ngon ở Đà Lạt #anvatdalat #isbtalents #didalatcungtruc #reviewdalat #dalatreview #anvatxu ",,https://www.tiktok.com/@didalatcungtruc/video/7594045747868306708,2761,2096,30,130200,,
7583956254150659348,reviewanvatdalat,2026-05-15T07:29:10,1765777429,didalatcungtruc,207600,"Tiệm ăn vặt ở Đà Lạt, có các món gà rán sốt ngon #anvatdalat #garandalat #isbtalents #didalatcungtruc #reviewdalat #ancungtiktok #monngondalat ",,https://www.tiktok.com/@didalatcungtruc/video/7583956254150659348,2946,2817,49,109500,,
7611906520112139541,reviewanvatdalat,2026-05-15T07:29:10,1772285102,ngocdilacreview,1327,chòi oi ở Đà Lạt bao năm mà giờ mới ăn ly xoài lắc cóc lắc đỉnh nóc của bà. thiếu sót quáaaaa #dalatreview #ngocdilac #xoailacdalat #dalatangingon #anvatdalat ,,https://www.tiktok.com/@ngocdilacreview/video/7611906520112139541,4637,2019,79,94200,,
7301177386958064904,reviewanvatdalat,2026-05-15T07:29:10,1699937833,_dmylinh,62100,Lưu ngay toạ độ ăn vặt hàn quốc ngon - rẻ - nhiều tại Đà Lạt ngay thôi ✨ #dmylinh #dmylinhindalat #anvatdalat #reviewdalat #dalatfood #boxstudio ,,https://www.tiktok.com/@_dmylinh/video/7301177386958064904,7035,3781,201,431700,,
7336789638620744962,reviewanvatdalat,2026-05-15T07:29:10,1708229463,beohayanvat,70200,Đi Đà Lạt phải thử 9 món ngon rẻ này nha #food #fypシ #xuhuong #foodfestontiktok #Master2023byTikTok #beohayanvat #reviewanngon #ancungtiktok #reviewdalat #dalatangi ,,https://www.tiktok.com/@beohayanvat/video/7336789638620744962,28700,5647,365,2000000,,
7546803493583981832,reviewanvatdalat,2026-05-15T07:29:10,1757127120,reviewdalat.toidandalat,15600,"Nói là khó kiếm đồ ăn vặt ở Đà Lạt, thì đây là 3 quán mình muốn review đến mọi người nha #1phutdalat #reviewdalat #dalat #anvat #fypシ ",,https://www.tiktok.com/@reviewdalat.toidandalat/video/7546803493583981832,1287,622,10,41900,,
7638961392460041493,reviewanvatdalat,2026-05-15T07:29:10,1778584304,thutodalat,13700,"Ăn vặt cút chiên, tào phớ chỗ này ổn áp nha mấy bà #reviewdalat #anvatdalat #anvat #cutchienbo #taopho ",,https://www.tiktok.com/@thutodalat/video/7638961392460041493,191,185,15,11000,,
7608863657933458709,reviewanvatdalat,2026-05-15T07:29:10,1771576634,didalatcungtruc,207600,Xiên que Á Ù Đà Lạt #xienqueau #anvatdalat #didalatcungtruc #isbtalents #reviewdalat #dalatreview ,,https://www.tiktok.com/@didalatcungtruc/video/7608863657933458709,458,271,9,28000,,
7606909036549688597,reviewanvatdalat,2026-05-15T07:29:10,1771121539,didalatcungtruc,207600,Ăn vặt khoai siêu dài và kem siêu sầu ở khu chợ mới Đà Lạt #anvatdalat #didalatcungtruc #isbtalents #reviewdalat #dalatreview ,,https://www.tiktok.com/@didalatcungtruc/video/7606909036549688597,21500,14200,152,538200,,
7359542199014493448,reviewanvatdalat,2026-05-15T07:29:10,1713526952,callmevyvo,102000,Ăn vặt độc lạ Đà Lạt với món đậu hủ lắc khói ngay chợ đêm Đà Lạt 😗🍡🍢 #callmevyvo #vyvoreview #dalat #reviewanngon #ancungtiktok #anvatdalat ,,https://www.tiktok.com/@callmevyvo/video/7359542199014493448,6883,2374,182,290500,,
7466082656061672712,reviewanvatdalat,2026-05-15T07:29:10,1738332834,didalatcungtruc,207600,"Ăn vặt Ying Đà Lạt, quán ăn vặt ngon ở Đà Lạt #anvatdalat #dalatreview #reviewdalat #isbtalents #didalatcungtruc #monngondalat #ancungtiktok #reviewanngon ",,https://www.tiktok.com/@didalatcungtruc/video/7466082656061672712,2920,1553,26,110300,,
7612529471295360264,reviewanvatdalat,2026-05-15T07:29:10,1772430146,tuhoangdethuong,38600,Tổng hợp 3N2Đ ở Đà Lạt Tú đã ăn những gì ?? 🤤🤤 #xuhuong #reviewanngon #ancungtiktok #dicungredbus #dalat ,,https://www.tiktok.com/@tuhoangdethuong/video/7612529471295360264,53600,20100,254,1400000,,
7476330398717365522,reviewanvatdalat,2026-05-15T07:29:10,1740718823,onghoanganvat.dl,4185,món mới cả nhà ơi #reviewdoan #review #fyp #onghoanganvat #anvatxomtro #quantengi #ănvatdalat #doianvat #traveldalat #taphoaxomtro #xuhuong #foodtourdalat ,,https://www.tiktok.com/@onghoanganvat.dl/video/7476330398717365522,938,835,48,100900,,
7618543330791623957,reviewanvatdalat,2026-05-15T07:29:10,1773830355,didalatcungtruc,207600,Quán ăn vặt mở khuya ở Đà Lạt #anvatdalat #didalatcungtruc #ancungtiktok #reviewdalat #isbtalents  ,,https://www.tiktok.com/@didalatcungtruc/video/7618543330791623957,3078,2112,17,93400,,
7458203993559371026,reviewanvatdalat,2026-05-15T07:29:10,1736498442,didalatcungtruc,207600,Bánh tráng nướng full topping và không gian chill ở Đà Lạt #banhtrangnuongdalat #anvatdalat #reviewdalat #dalatreview #isbtalents #didalatcungtruc #ancungtiktok #monngondalat #reviewanngon ,,https://www.tiktok.com/@didalatcungtruc/video/7458203993559371026,5429,4015,208,319200,,
7527976247998090503,reviewanvatdalat,2026-05-15T07:29:10,1752743559,beohayanvat,70200,Pizza củi ở Đà Lạt là gì đó rất này nọ #fypシ゚ #tiktokviral #y #beohayanvat #viral #reviewanngon #ancungtiktok #food #foryou #dalat #reviewdalat ,,https://www.tiktok.com/@beohayanvat/video/7527976247998090503,8545,5046,129,267600,,
7639037012695190804,reviewanvatdalat,2026-05-15T07:29:10,1778601912,tiembanhtrangnhin,1933,Up giờ này chắc mấy ní mê ăn vặt thèm lắm nè 🤤🤤. Thèm thì lư u lại maii ghé ủng hộ quán e nhaaa . Món gì cũm có ạaa #tiembanhtrangnhinho #anvatdalat #dalatangi #reviewdalat #cavienchien ,,https://www.tiktok.com/@tiembanhtrangnhin/video/7639037012695190804,35,10,0,2459,,
7310438557863120129,reviewanvatdalat,2026-05-15T07:29:10,1702094122,didalatcungtruc,207600,"😋 Quán ốc và ăn vặt lai rai về đêm ở Đà Lạt, làm theo kiểu homemade ngon nè #ocdalat #dalatangi #dalatreview #didalatcungtruc #isbtalents #reviewdalat #reviewanngon #monngondalat #ancungtiktok #anvatdalat ",,https://www.tiktok.com/@didalatcungtruc/video/7310438557863120129,759,157,16,46300,,
7592931735000599826,reviewanvatdalat,2026-05-15T07:29:10,1767867186,reviewdalat.toidandalat,15600,Quán ăn vặt ngon ở Đà Lạt #1phutdalat #dalat #reviewdalat #anvat #fyp ,,https://www.tiktok.com/@reviewdalat.toidandalat/video/7592931735000599826,185,158,5,19500,,
7639560267843554581,reviewanvatdalat,2026-05-15T07:29:10,1778723746,tiembanhtrangnhin,1933,KHÁCH ĐÁNH ZÁ 1 sao VÌ DẶN BÁNH TRÁNG KO CAY NHƯNG VẪN CAY ? #tiembanhtrangnhinho #anvatdalat #dalatangi #banhtrangtron #reviewdalat ,,https://www.tiktok.com/@tiembanhtrangnhin/video/7639560267843554581,59,16,2,3375,,
7366211336776338706,reviewanvatdalat,2026-05-15T07:29:10,1715079731,trongtamdalat,199100,Tiệm ăn vặt ngon lâu năm ít ai review bạn biết #dalat #dalatreview #ongboreviewdalat #reviewdalat #ancungtiktok ,,https://www.tiktok.com/@trongtamdalat/video/7366211336776338706,4959,1793,99,181200,,
7378479439560117505,reviewanvatdalat,2026-05-15T07:29:10,1717936124,didalatcungtruc,207600,🤤 Xôi xoài Thái Lan ở khu hoà bình Đà Lạt #xoixoaithai #anvatdalat #isbtalents #didalatcungtruc #dalatreview #reviewdalat #ancungtiktok #reviewanngon #monngondalat ,,https://www.tiktok.com/@didalatcungtruc/video/7378479439560117505,1404,608,35,56200,,
7599966964181748999,reviewanvatdalat,2026-05-15T07:29:10,1769505207,vythichreview,116000,Toàn là mấy quán ngon ngon mà tui đã trải nghiệm rồi mấy bà nhớ lưu lại đó😍😍😍 #cantho65 #vythichreview #dalat #foodreview #ancungtiktok ,,https://www.tiktok.com/@vythichreview/video/7599966964181748999,10300,5961,106,376800,,
7237813636901702917,reviewanvatdalat,2026-05-15T07:29:10,1685184810,ca_hoi_da_lat,6703,Tới đây tha hồ ăn vặt luôn nha 😋 #ancungtiktok #mónngonmỗingày #reviewdalat #hidalat #reviewđồănvặt #reviewquánănngon #dalat #hômnayăngì #điđâuăngì #anngoncungtiktok ,,https://www.tiktok.com/@ca_hoi_da_lat/video/7237813636901702917,1032,285,38,55200,,
7551761424280734994,reviewanvatdalat,2026-05-15T07:29:10,1758281477,trongtamdalat,199100,"Quán ăn vặt với món nước dừa tươi full topping, bánh tráng trộn, bánh tráng cuộn...#dalat #dalatreview #reviewdalat #ongboreviewdalat ",,https://www.tiktok.com/@trongtamdalat/video/7551761424280734994,1523,1237,22,53000,,
7239287781401398533,reviewanvatdalat,2026-05-15T07:29:10,1685528037,sieuanvat25,71300,Chân gà quái thú Đà Lạt - quán ngon của dân địa phương #xuhuong #sieuanvat #HômNayĂnGì #đàlạt #dalatreview #dalatfood #changa #changaquaithu #chângà #dalatangingon #reviewfood #AnCungTikTok #vrstudio #AnCungTikTok #hômnayăngì #foodreview #quánngon,,https://www.tiktok.com/@sieuanvat25/video/7239287781401398533,56800,14800,1196,1500000,,
7611539986638327048,dalatcafe,2026-05-15T07:29:27,1772199761,mimiofficial955,16600,Ghẹo cô Long khum nổi rồi... còn bị cô Long ghẹo lại 🥲 - còn P2 #mimiofficial #dicungmimi #dalat #happyhilldalat #cafedalat ,,https://www.tiktok.com/@mimiofficial955/video/7611539986638327048,48300,1129,268,1900000,,
7630151911307595016,dalatcafe,2026-05-15T07:29:27,1776560400,c.long.happy.hill,21300,bất ngờ hôm nay có khách đố lại tỷ tỷ vẫn trả lời được🥰😂#happyhilldalat #cafechill #checkindalat #colongduongshort #tytyohappyhill ,,https://www.tiktok.com/@c.long.happy.hill/video/7630151911307595016,110100,3523,1449,3600000,,
7517441311092362526,dalatcafe,2026-05-15T07:29:27,1750290720,allbysassa,4705,Replying to @Sassa-(the new one)🏳️‍🌈🇵🇦 Pinky promise me you’ll treat the workers right and tell them how much you love their food?💜 #louisville #louisvillekentucky #foodie #502 #louisvillenightlife #wlw #bourboncity #southend #kentucky ,,https://www.tiktok.com/@allbysassa/video/7517441311092362526,3820,968,125,33400,,
7588448993714228481,dalatcafe,2026-05-15T07:29:27,1766823626,hongphuonghoteldalat42,176400,Đà Lạt cà phê happy hill thần tiên tỉ tỉ 27/12 hồng mến chúc cả nhà buổi trưa ngày cuối tuần vui vẻ#dalat #thinnhhanhtiktokh #xuhuongtiktok #hongphuonghoteldalat #dalat ,,https://www.tiktok.com/@hongphuonghoteldalat42/video/7588448993714228481,10300,481,104,364600,,
7625401545194065183,dalatcafe,2026-05-15T07:29:27,1775427171,lou502city,3357,"You’re sleeping on this spot 👀

We found Dalat’s Cafe, a Vietnamese café serving pho, bánh mì, matcha, and boba.

If you’re in Louisville and want to try something different… this is it.

📍6915 Southside Dr

What are you ordering first?@dalatscafe ",,https://www.tiktok.com/@lou502city/video/7625401545194065183,271,50,6,4512,,
7639729616537603335,dalatcafe,2026-05-15T07:29:27,1778763167,floating.town,7804,Quán có hỗ trợ chụp ảnh cho khách không 🤔🤔 #dalat #dalatreview #cafedalat #tanung #floatingtown ,,https://www.tiktok.com/@floating.town/video/7639729616537603335,77,24,0,2205,,
7333087546748030215,dalatcafe,2026-05-15T07:29:27,1707367501,dichoimoingay,221900,Quán cafe tone đen siêu xịn sò mà bạn phải thử khi đến Đà Lạt🖤 #cafe #reviewcafe #rainycafe #dalat #reviewdalat #dulichdalat #dalattrip #dichoimoingay ,,https://www.tiktok.com/@dichoimoingay/video/7333087546748030215,20600,5344,548,783600,,
7630797274771180817,dalatcafe,2026-05-15T07:29:27,1776683458,dalatlamdongvn,2504,Quán cà phê Cô Long Đà Lạt đông nghẹt khách tới thăm #colongdalat #dulichdalat #trainghiem,,https://www.tiktok.com/@dalatlamdongvn/video/7630797274771180817,5633,330,146,173000,,
7621556278397095181,dalatcafe,2026-05-15T07:29:27,1774531871,jazzygirl_14,14100,"@dalatscafe is a MUST to visit! 
The drinks were amazing and not to mention their food was a good 9/10. I will definitely be coming again to try more 😋 #pho #matcha #boba #foodies #vietnamese ",,https://www.tiktok.com/@jazzygirl_14/video/7621556278397095181,45,1,8,910,,
7633363595354590485,dalatcafe,2026-05-15T07:29:27,1777280966,didalatcungtruc,207600,"New Light Coffee Đà Lạt, tiệm cà phê ăn sáng xinh ở trung tâm, chụp ảnh đẹp, view chill #newlightcoffeedalat #dalatcoffee #reviewdalat #didalatcungtruc #isbtalents ",,https://www.tiktok.com/@didalatcungtruc/video/7633363595354590485,796,670,30,60300,,
7374265816323198226,dalatcafe,2026-05-15T07:29:27,1716955061,dichoimoingay,221900,Muốn săn mây Đà Lạt thì ghé thử cafe này nha⛅️ #dalat #cafe #sanmay #dulichdalat #dalattrip #reviewdalat ,,https://www.tiktok.com/@dichoimoingay/video/7374265816323198226,103600,38100,2373,4900000,,
7639610543988296978,dalatcafe,2026-05-15T07:29:27,1778735446,budicafehehe_,151300,Cafe chill giữa tân phú #nhagocoffee #reviewcafe #cafesaigon ,,https://www.tiktok.com/@budicafehehe_/video/7639610543988296978,630,26,1,7402,,
7639696972517133588,dalatcafe,2026-05-15T07:29:27,1778755569,non_dalat,12000,NON - a beautiful place #NONstayplaychill #DALAT #Cafecheckin #natureretreat #,,https://www.tiktok.com/@non_dalat/video/7639696972517133588,23,4,7,221,,
7228971798237416710,dalatcafe,2026-05-15T07:29:27,1683126161,vianvuxx,4550,tình cờ được một người bạn ĐL dắt đi quán cafe đúng gu tui quá phải share liền huhu vibe của ĐL trong lòng là đây nè các cậu ơii #dalat #dalattrip #dalatcafe #tiktokreviews #vinylrecords #cafevintage #retro #fyp #xuhuong #coffeetiktok #coffeeaddict #coffeetime #coffeeideas #dalatreview ,,https://www.tiktok.com/@vianvuxx/video/7228971798237416710,3483,856,37,93200,,
7603888346670124302,dalatcafe,2026-05-15T07:29:27,1770418253,matchadannhi,164,@dalatscafe Tried matcha in Louisville today 💚💚 Love that they also serve viet food too #louisvillefood #louisville #matcha #matchalover #matchalatte ,,https://www.tiktok.com/@matchadannhi/video/7603888346670124302,507,93,2,9301,,
7634233254723292424,dalatcafe,2026-05-15T07:29:27,1777554000,c.long.happy.hill,21300,bất ngờ khách nói gặp cô long muốn bỏ vợ và cái kết 🤣😁#happyhilldalat #cafechill #colongduongshort #checkindalat #tytyohappyhill ,,https://www.tiktok.com/@c.long.happy.hill/video/7634233254723292424,5921,140,48,187200,,
7630680747443031316,dalatcafe,2026-05-15T07:29:27,1776656321,hanh.bupb,20700,#colongdalat #xuhuong #checkindalat #cafecolong #happyhill cô long mà không có lông….,,https://www.tiktok.com/@hanh.bupb/video/7630680747443031316,582,13,9,28500,,
7632033927770754322,dalatcafe,2026-05-15T07:29:27,1776992400,c.long.happy.hill,21300,bất ngờ hôm nay Cô Long hát chúc mừng sinh nhật khách sợ chạy luôn #happyhilldalat #cafechill #checkindalat #colongduongshort #tytyohappyhill ,,https://www.tiktok.com/@c.long.happy.hill/video/7632033927770754322,4329,92,60,183300,,
7622378560841551135,dalatcafe,2026-05-15T07:29:27,1774723323,dalatscafe,1126,"COME TO DALATS🌀🌀🌀🌀
#louisvilleky #dalatscafe ",,https://www.tiktok.com/@dalatscafe/video/7622378560841551135,1235,290,43,11300,,
7636136839123832078,dalatcafe,2026-05-15T07:29:27,1777926675,tiktokmadejasdoit,242,Fooodddd 🔥 Matcha …better but still mid. 🙃 #louisville #kentucky #matcha #dalatcafe ,,https://www.tiktok.com/@tiktokmadejasdoit/video/7636136839123832078,84,0,4,975,,
7634556893003861268,dalatcafe,2026-05-15T07:29:27,1777558801,shundidau_,40600,"Quán cafe mới toanh chính thức mở cửa ở Đà Lạt. 🌸
#dalat #dalatcoffee #dalatreview #trammodalat #shundidau ",,https://www.tiktok.com/@shundidau_/video/7634556893003861268,141200,50900,2123,4000000,,
7637593131508043039,dalatcafe,2026-05-15T07:29:27,1778265734,dalatscafe,1126,available this mother's day weekend 🫶🫶🫶 #dalatscafe #louisvilleky,,https://www.tiktok.com/@dalatscafe/video/7637593131508043039,54,7,2,658,,
7638275621134601503,dalatcafe,2026-05-15T07:29:27,1778424655,bbyv87,880,"happy mother’s day to all the moms, mother figures, pet moms, future moms, and the people who nurture and care for others in ways that don’t always fit the traditional definition. 💐

& for anyone who finds today a little heavy, difficult, or bittersweet, sending you extra love today, because you aren’t alone 🩷
#mothersday #louisville #coffee ",,https://www.tiktok.com/@bbyv87/video/7638275621134601503,31,1,4,480,,
7634390910356311316,dalatcafe,2026-05-15T07:29:27,1777520163,hanh.bupb,20700,#cafecolong #hottiktok_xuhuong #happyhillcoffee #checkindalat ,,https://www.tiktok.com/@hanh.bupb/video/7634390910356311316,2361,70,30,110200,,
7639745037336726802,dalatcafe,2026-05-15T07:29:27,1778766758,new_light_coffee,9926,"Nếu thế giới ngoài kia hơi ồn ào, mời bạn ghé Newlight tìm chút bình yên 🌿Một tách cà phê thơm, một góc nhỏ quen thuộc, mọi muộn phiền tự nhiên tan biến hết.
Ghé tụi mình để nạp lại năng lượng nhé! ✨ #NewlightCoffee #CafeDaLat #ReviewDaLat #newlightcoffeeDaLat #ansangcapheDalat ",,https://www.tiktok.com/@new_light_coffee/video/7639745037336726802,10,0,1,310,,
7639609309273263368,dalatcafe,2026-05-15T07:29:27,1778735157,loicuagio_ghs4,323700,"Có những ngày chỉ muốn ngồi lặng yên, ngắm mây bay và mặc kệ thế gian vội vã 

📍 𝐋𝐨̛̀𝐢 𝐂𝐮̉𝐚 𝐆𝐢𝐨́
🏠 Đường Huỳnh Tấn Phát, Phường Xuân Trường - Đà Lạt
⏰ Open 7:00 - 20:00 #cafedalat #dalat #loicuagio ",,https://www.tiktok.com/@loicuagio_ghs4/video/7639609309273263368,37,8,6,337,,
7639762005133479186,dalatcafe,2026-05-15T07:29:27,1778770710,vnexpress_hanoi,15200,"The dreamy café in Da Lat 🇻🇳☕✨



Location: Chuyện Của Mơ



It truly feels like stepping into a fairytale - soft lights, cozy corners, and peaceful views 🌿💛

For the best seats with a view, it’s better to make a reservation in advance.

The place gets crowded in the evening, so try to arrive before 5:30 PM.



#dalat #vietnamtravel #cafedalate #chuyencuamo  #travelvibes ",,https://www.tiktok.com/@vnexpress_hanoi/video/7639762005133479186,24,3,0,568,,
7506124200789298439,diadiemanuongdalat,2026-05-15T07:30:11,1747655733,suoibinhyen,568600,Lên Đà Lạt nhất định ghé Suối Bình Yên dùng mẹt gà Bên Suối nhé.. ,,https://www.tiktok.com/@suoibinhyen/video/7506124200789298439,43100,14500,1845,1700000,,
7586908704109350165,diadiemanuongdalat,2026-05-15T07:30:11,1766464848,pastabperdb,1182,"Nếu muốn ăn pizza Ý thật sự... Hãy đến Pasta Fresca - Taste of Italy in Dalat! 🇮🇹
Chúng tôi cam kết: Lò củi thật, Chef Ý thật, hương vị Naples thật! Không phải trải nghiệm ""na ná""! ✨

#PastaFrescaDalat #viral #TasteOfItaly #DalatItalian #PizzaLoCui   ",,https://www.tiktok.com/@pastabperdb/video/7586908704109350165,3907,1417,143,337700,,
7617686854049058070,diadiemanuongdalat,2026-05-15T07:30:11,1773630993,avokliv,7572,"Found the best pizza in Vietnam🇻🇳🇮🇹 Primavera Italian Restaurant 📍Da Lat 

Address: 54/7 Phan Đình Phùng, Phường 1, Đà Lạt

#miraglorycoffee #miraglory #vietnam #lifeinvietnam #italyinvietnam ",,https://www.tiktok.com/@avokliv/video/7617686854049058070,366,39,2,24800,,
7570710409133542663,diadiemanuongdalat,2026-05-15T07:30:11,1762743600,kuti20297,177300,Ăn cơm trưa Đà Lạt mà chỉ có 55🌿 người thì phải ghé @Tiệm Cơm HỒI ĐÓ nha mng✨ #comtrua #dalat #diadiemanuong #minhlakuti #review ,,https://www.tiktok.com/@kuti20297/video/7570710409133542663,2395,2108,109,212500,,
7447126428484685074,diadiemanuongdalat,2026-05-15T07:30:11,1733919248,gowith_we,122000,Phượt hơn 1500km tới Đà Lạt để ăn nướng tại Tiệm nướng Trạm Dừng Chill 🌤️🍃☁️ vừa ăn vừa ngắm tàu chạy qua #travel #traveltiktok #dulichvietnam #travelvietnam #dalat ,,https://www.tiktok.com/@gowith_we/video/7447126428484685074,4561,2694,192,343600,,
7463821415771278610,diadiemanuongdalat,2026-05-15T07:30:11,1737806348,kuti20297,177300,Bánh canh cua Luxury ngon nhất Đà Lạt ✨ #banhcanh #food #dalat #banhcanhcua #minhlakuti #diadiemanuong ,,https://www.tiktok.com/@kuti20297/video/7463821415771278610,13000,6895,329,717000,,
7591492326153833736,diadiemanuongdalat,2026-05-15T07:30:11,1767532050,christineluu_,123600,"Đây là quán mà mng đến Đà Lạt nên đi nha tr ơi, về rồi làm clip lại vẫn thèm 😙 #LearnOnTikTok #dalat #fyp #daily #trending  ",,https://www.tiktok.com/@christineluu_/video/7591492326153833736,23000,7035,124,685500,,
7540704928075877655,diadiemanuongdalat,2026-05-15T07:30:11,1755707185,c3rysbamber,1459,"definitely worth a visit😍

#fyp #vietnam #dalat #cafe #bistro #CapCut #brunch #coffee #placestoeat #thingstodo #dalatfood #travelling #southeastasia ",,https://www.tiktok.com/@c3rysbamber/video/7540704928075877655,1678,1485,14,109300,,
7594445599441816852,diadiemanuongdalat,2026-05-15T07:30:11,1768219671,rackie.burgerdalat,175,"Rackie Burger - Handmade burger in Dalat 
Open : 17h - 22h
📍 Số 2 Huyền Trân Công Chúa, Đà Lạt 
#burgerdalat #dalat #dalatfood #rackieburger #loveburger ",,https://www.tiktok.com/@rackie.burgerdalat/video/7594445599441816852,40,23,1,3232,,
7548842866995399944,diadiemanuongdalat,2026-05-15T07:30:11,1757601947,saigondidautaaa,92300,"Địa điểm hẹn hò vibe Tây Nguyên mới toanh tại Đà Lạt
#saigondidauta #buonkolang #diadiemanuong #dalat ",,https://www.tiktok.com/@saigondidautaaa/video/7548842866995399944,3243,627,73,151700,,
7631846177519979794,diadiemanuongdalat,2026-05-15T07:30:11,1776927667,quancomlinhdalat,12300,"Mách bạn một vài địa điểm ăn uống ngon ở Đà Lạt 
1. Bún riêu cô Nga 
2. Bánh tráng trộn cô Liên
3. Bánh mì xíu mại cô Liên
#quancomlinhdalat #dalatangi #anvatdalat #local ",,https://www.tiktok.com/@quancomlinhdalat/video/7631846177519979794,8393,158,22,102600,,
7631924676524084488,diadiemanuongdalat,2026-05-15T07:30:11,1776945939,amthucdaingan.buonkolang,8634,"Địa điểm ăn uống nhất định 
không thể bỏ qua cho dịp lễ 30/4-1/5 này #buonkolang #amthucdaingan #reviewdalat #congchiengtaynguyen #dalat ",,https://www.tiktok.com/@amthucdaingan.buonkolang/video/7631924676524084488,2768,97,42,145600,,
7445286601103510801,diadiemanuongdalat,2026-05-15T07:30:11,1733490877,tungnuitravel,71900,Một điểm đến mình rất ưng khi đi ăn nướng ở Đà Lạt là Mộc Quán BBQ nha #travel #traveltiktok #dulichvietnam #travelvietnam #dalat #reviewdalat ,,https://www.tiktok.com/@tungnuitravel/video/7445286601103510801,1404,1521,53,202400,,
7602651849690270997,diadiemanuongdalat,2026-05-15T07:30:11,1770130331,saigonloco,70900,"Địa điểm Ăn uống lý tưởng móm nướng ngon giữa thời tiết se lạnh ở Đà Lạt,lưu lại để đi thử nè #dalatreview #dalatangi #namnuong1900 #dalattrip #saigonloco ",,https://www.tiktok.com/@saigonloco/video/7602651849690270997,365,127,24,31100,,
7571765340405845256,diadiemanuongdalat,2026-05-15T07:30:11,1762939003,wigo.southvietnam,2100,"You Have to Try Vietnamese Pizza!!🍕🤤

#streetfood #vietnamesepizza #banhtrangnuong #vietnamesefood #dalat ",,https://www.tiktok.com/@wigo.southvietnam/video/7571765340405845256,55,28,2,4348,,
7636609623767780628,diadiemanuongdalat,2026-05-15T07:30:11,1778036743,thanhmai12790,704,"Đi ăn Pizza cùng Mai tại Đà Lạt nha 

#fyp #dalat #anuong #review ",,https://www.tiktok.com/@thanhmai12790/video/7636609623767780628,34,11,2,1775,,
7530874490159484178,diadiemanuongdalat,2026-05-15T07:30:11,1753418359,beutthuxinhnhat,480,"Tổng hợp các quán auto ngon đã check var rất kĩ từ chuyến đi 3N2Đ tại Đà Lạt, mê nhất quán nướng Túi mơ to má ơi 🙂‍↕️🙂‍↕️ #beutThu #share #foru #đàlạt #tổnghợp #diadiemanuong ",,https://www.tiktok.com/@beutthuxinhnhat/video/7530874490159484178,6920,1985,77,165400,,
7532747227681344786,diadiemanuongdalat,2026-05-15T07:30:11,1753854390,thuykieu_2802,2400000,"Quán nướng view siêu đẹp tại Đà Lạt
#bbqngon #dalat 

#bbqviewngon #review ",,https://www.tiktok.com/@thuykieu_2802/video/7532747227681344786,3632,1054,65,212400,,
7606293071847820562,diadiemanuongdalat,2026-05-15T07:30:11,1770978116,dienodalat.py,14700,Ăn đồ nướng với chiếc view ngắm tàu xịn xò🥰 #dalat #chill #dalatreview #tramdungchill#tramfnuongtramdungchill ,,https://www.tiktok.com/@dienodalat.py/video/7606293071847820562,3060,3270,65,280000,,
7605155421552430343,diadiemanuongdalat,2026-05-15T07:30:11,1770713238,julepe.sheen,70700,"Pizza mì ý thủ công núp hêm, giá cả hssv - The Tasty House. #dalatangi ",,https://www.tiktok.com/@julepe.sheen/video/7605155421552430343,1460,854,17,55900,,
7621847267602894098,diadiemanuongdalat,2026-05-15T07:30:11,1774599610,tiemnuonglangkhet,6672,"Cám ơn những review của Thu Nhi eat clean 😃 

Một buổi chiều rực rỡ hoàng hôn. Quán mình nằm trên 1 ngọn đồi ôm trọn 4 tầng lầu nên bao quát hết view thung lũng

Làng Khét Đà Lạt đẹp nhất từ 16:00 chiều trở đi, bạn có thể tới sớm hơn một chút, nhâm nhi miếng bò nướng mềm mọng thơm ngon bên bếp than hồng rực lửa và đợi mặt trời dần buông xuống

Trong clip Thu Nhi eat clean tới hơi muộn, lúc 17:30 nên hoàng hôn chỉ còn 5p là lặn. Thiệt là tiếc luôn 😢

Làng khét biết là Đà Lạt đẹp nhất là hoàng hôn, và mong mãi trở thành một trong những điểm đón hoàng hôn yêu thích tại Đà Lạt 
#langkhetdalat #hoanghondalat #dalatdonhoanghonodau #donuongviewhoanghondalat",,https://www.tiktok.com/@tiemnuonglangkhet/video/7621847267602894098,14800,5456,155,463200,,
7622514423785114900,diadiemanuongdalat,2026-05-15T07:30:11,1774754951,saigondidautaaa,92300,"Địa điểm hẹn hò ăn trưa giữa rừng cách trung tâm chỉ 2km thôi
#Saigondidauta #viral #runggiaohuong #dalat ",,https://www.tiktok.com/@saigondidautaaa/video/7622514423785114900,7533,4475,112,369600,,
7626002087565856021,diadiemanuongdalat,2026-05-15T07:30:11,1775566979,beyourluv9,127,Update ăn uống Đà Lạt ngon bổ rẻ tháng 4.2026 😋 #dalat #anuong #dalatangi #dalatreview #dulich,,https://www.tiktok.com/@beyourluv9/video/7626002087565856021,36,14,4,2133,,
7496113004753423624,diadiemanuongdalat,2026-05-15T07:30:11,1745324818,omsaonoi,11300,Al Dente nhà hàng Ý mới mở tại Đà Lạt - tập 17 series ăn gì mùa lễ #omsaonoi #italycuisine #diadiemanuong #dalatreview #creatorsearchinsights ,,https://www.tiktok.com/@omsaonoi/video/7496113004753423624,917,519,20,42400,,
7638631491089501458,diadiemanuongdalat,2026-05-15T07:30:11,1778507491,tramnangvuaanvuachill,6,"Đón hoàng hôn tại Trạm Nắng 😋
#tramnang #tramnangbbq #dalatangi #quannuongdalat #tramnangdalat",,https://www.tiktok.com/@tramnangvuaanvuachill/video/7638631491089501458,32,6,8,741,,
7000532398307855642,caphengondalat,2026-05-15T07:30:33,1629938465,cafengondalat,17200,#cây #LearnOnTikTok #onhavanvui để cây mít ra nhiều trái chia sẻ cùng cả nhà 🎉🎉🎉👍🪴,,https://www.tiktok.com/@cafengondalat/video/7000532398307855642,7299,204,79,272000,,
6997379868006698266,caphengondalat,2026-05-15T07:30:33,1629204459,cafengondalat,17200,#onhavanvui #PhimHayMoiNgay #nhieutimlennha🤪🤪,,https://www.tiktok.com/@cafengondalat/video/6997379868006698266,16700,1860,174,465400,,
6999979866586107163,caphengondalat,2026-05-15T07:30:33,1629809818,cafengondalat,17200,#tutorials #onhavanvui #nhieutimlennha🤪🤪 tut nhỏ với trứng trong bếp mn nhé 🤣😂🎉👍,,https://www.tiktok.com/@cafengondalat/video/6999979866586107163,3095,120,8,149100,,
7502935351963569454,caphengondalat,2026-05-15T07:30:33,1746913294,lenlenton,146,#sapa #fyp #bancatcat ,,https://www.tiktok.com/@lenlenton/video/7502935351963569454,15,0,0,345,,
7635169857541131533,caphengondalat,2026-05-15T07:30:33,1777701567,faysal_01,128700,#CapCut #fyp #nyc #chocolateconnects #foryou @Chocolate Connects @sparrowusa24 @Bk.gondal ,,https://www.tiktok.com/@faysal_01/video/7635169857541131533,3028,17,19,67200,,
7537153557930249489,caphengondalat,2026-05-15T07:30:33,1754880381,hiepdonganh,694300,Cay đắng cetral !!! #hiephoangngo #xuhuong2025 #tiktoknew ,,https://www.tiktok.com/@hiepdonganh/video/7537153557930249489,1384,44,88,34800,,
7632730878271212822,caphengondalat,2026-05-15T07:30:33,1777133648,crazykiller0092,1165,@𝐇𝐚𝐤𝐢𝐦𓀍لوہاپھاڑᵒᶠᶠᶤᶜᶤᵃˡ ﾂ @yoman Saudi gang @𝘾𝙀𝙊🥷𝙎𝘼𝙐𝘿𝙄🦂𝙂𝘼𝙉𝙂🦁 @𝐌𝐃🥷𝐒𝐀𝐔𝐃𝐈🦂𝐆𝐀𝐍𝐆 @𝚂𝚊𝚞𝚍𝚒𓄂 𝙶𝚊𝚗𝚐𓀙ꪶ🦁☚ @Saudigang wazeer🤬 ,,https://www.tiktok.com/@crazykiller0092/video/7632730878271212822,32,8,12,669,,
7625660626844618002,caphengondalat,2026-05-15T07:30:33,1775487476,hafsat.jb,1912,"Okay tiktok if this blows up I might post more adventure vlogs. 
#fyp #zipline #istanbul🇹🇷 ",,https://www.tiktok.com/@hafsat.jb/video/7625660626844618002,485,46,20,4213,,
7521669892844686610,caphengondalat,2026-05-15T07:30:33,1751275247,nhatnek206,2601,Lảnh Giang tôn thần #quanlondetamthoaiphu #xuhuong #caunhatbacgiang ,,https://www.tiktok.com/@nhatnek206/video/7521669892844686610,132,3,1,2615,,
7544616444789624072,caphengondalat,2026-05-15T07:30:33,1756617907,phattai0505,2817,Tập sự trẻ mới nhú hột bắp 😂😂 #ghecaobinhdai #ghecaobentre ,,https://www.tiktok.com/@phattai0505/video/7544616444789624072,4131,6,22,61300,,
7619190318696615199,caphengondalat,2026-05-15T07:30:33,1773981010,anacaonalo,764,Mental health is wealth 😅🤭💆🏻‍♀️🤷‍♀️😎 #deployment #chaplain #therapysessions #mentalhealth #voiceeffects ,,https://www.tiktok.com/@anacaonalo/video/7619190318696615199,893,24,27,26800,,
7383199293693349137,caphengondalat,2026-05-15T07:30:33,1719035073,caphengondakla,16,#FindItAtWatsons #xh #nuocuongcantay #cantaymatong #nuocuongdepda #thinhhanh ,,https://www.tiktok.com/@caphengondakla/video/7383199293693349137,4,0,0,158,,
6994427715990375707,caphengondalat,2026-05-15T07:30:33,1628517109,cafengondalat,17200,"#onhavanvui #mẹovặt #TVSHOWHAY thêm cách tăng đô giải say mn tham khảo, bình luận thêm cách của bạn nhé 😉🪴👍",,https://www.tiktok.com/@cafengondalat/video/6994427715990375707,5676,1272,230,266300,,
6998867448804035867,caphengondalat,2026-05-15T07:30:33,1629550813,cafengondalat,17200,#nhieutimlennha🤪🤪  #onhavanvui #mẹovặt  cách để cây chanh ra trái quanh năm 👉👍🪴,,https://www.tiktok.com/@cafengondalat/video/6998867448804035867,53300,2619,579,1600000,,
7493026242703232264,caphengondalat,2026-05-15T07:30:33,1744606128,congcaphedalat,58,#j4f #viral #xh #congcaphedalat #xuhuongtiktok ,,https://www.tiktok.com/@congcaphedalat/video/7493026242703232264,38,1,0,3985,,
7432967740157201671,caphengondalat,2026-05-15T07:30:33,1730622668,gondal_595,66500,Hathyar❤️‍🔥#sidhumoosewala #shanixsidhu👑🖤 #attach❤️‍🔥 #5911__sidhu_moosewala💪💪💪💪💪 #sidhuxtiktok_❤️‍ #justicforsidhumoosewala #gondal_writer🥀 #CapCut #titok_plz_virl_my_viddeo_plz ,,https://www.tiktok.com/@gondal_595/video/7432967740157201671,138100,2797,1219,1500000,,
7594087582737124616,caphengondalat,2026-05-15T07:30:33,1768136302,hrizh,224,#кашалот #шипы #ondaandar2016 #ondaanda #song ,,https://www.tiktok.com/@hrizh/video/7594087582737124616,3441,548,27,57400,,
6849156587467132165,caphengondalat,2026-05-15T07:30:33,1594693540,caphn.esports,7,Introducing @vx.slain to team caphn #fyp #foryou,,https://www.tiktok.com/@caphn.esports/video/6849156587467132165,38,0,1,1033,,
7380743939638185232,caphengondalat,2026-05-15T07:30:33,1718463368,caphengondakla,16,#xuhuong #varil #thinhhanh #càphe #cf #càphekhongđường #caphedua #caphesaigon #caphesua #douong ,,https://www.tiktok.com/@caphengondakla/video/7380743939638185232,9,1,0,337,,
7382785585171139856,caphengondalat,2026-05-15T07:30:33,1718938726,caphengondakla,16,Cafe dừa sầu riêng giá chỉ 100k #xuhuong #thinhhanh #frending #cafe #caphe #càphesaurieng #xh ,,https://www.tiktok.com/@caphengondakla/video/7382785585171139856,3,1,1,133,,
7217883792298495237,caphengondalat,2026-05-15T07:30:33,1680544533,ch.sohaib.gondal1,1756,jhali a gondala jhali@𝙁𝙤𝙧𝙞 𝙂𝙤𝙣𝙙𝙖𝙡👑🔥 #fypシ #CapCut #اکسبلور #gondal #گوندل_محکمہ #پنڈاں_والے ,,https://www.tiktok.com/@ch.sohaib.gondal1/video/7217883792298495237,1626,28,50,21400,,
7637520805936532767,caphengondalat,2026-05-15T07:30:33,1778248895,ohhitstwins,1083,DO IT IN YOUR CAP N GOWN🎓🥹😛,,https://www.tiktok.com/@ohhitstwins/video/7637520805936532767,514,63,24,14800,,
7450742771838651655,caphengondalat,2026-05-15T07:30:33,1734761239,yoursali998,16100,#CapCut  tara nal payra baliya 💖⚜️🥰#dontunderreviewmyvideo #trendingsong #foryoupageofficiall #viralvideo #makeitviralnow #unfreezemyacount #ratethisslowmo #Walk @🦋BeenA GondAl🦋 @♥️♥️Faziofficial 🫀🫀 @علی👑 راجپوت👑 ,,https://www.tiktok.com/@yoursali998/video/7450742771838651655,3868,166,59,110400,,
7587889212649639199,caphengondalat,2026-05-15T07:30:33,1766693145,yourgenre_,38200,Who Dem - #capleton #dancehall #fyp #viral #applemusic ,,https://www.tiktok.com/@yourgenre_/video/7587889212649639199,27500,1333,86,269600,,
7496855791157169415,caphengondalat,2026-05-15T07:30:33,1745497762,utcodon44,2910,Ở đâu có chị bán cà gem hát hây quá#💕❤️‍🔥💥💯 #lenxuhuong ,,https://www.tiktok.com/@utcodon44/video/7496855791157169415,2728,136,56,402800,,
7441386931142823199,caphengondalat,2026-05-15T07:30:33,1732582924,kurvykatie_,23000,"This series is a captivating page-turner that grips you right from the first chapter.

The romance between Capone and Erin is electric, the drama is intense, and the intricate family dynamics add a level of depth that keeps you invested. @jahquel_ writing seamlessly draws you into their world.

What truly sets this series apart is its perfect balance of love and danger. It’s more than just a romance; it’s a powerful story of loyalty, sacrifice, and the lengths people will go to for those they love. The twists and turns are masterfully crafted, keeping you on edge until the very last page.

#blackafbooktok #romancebooks #romancebooktok #urbanbooks #bookrecommendations #bookseries #jahquelj #bookreview ",,https://www.tiktok.com/@kurvykatie_/video/7441386931142823199,854,135,46,29500,,
7313976775921421574,caphengondalat,2026-05-15T07:30:33,1702917923,cute_waqar_hussain72,173500,"MASHAALLAH BEAUTIFUL AND BIGGEST SAHIWALI X BRAHMAN BULLS COLLECTION 2024🥰🥰
DEAR TIKTOK PLEASE DON'T UNDER REVIEW MY VIDEO❤❤
#foryou #foryoupage #allah1000000000000000000k #hazratmuhammadsaw7 #alimoula7 #domailmandicraz7 #fatehjhangmandicraz7 #gondalmandicraz7 #bhatamandicraz7 #mandramandicraz7 #lahoremandicraz7 #karachimandicraz7 #rawalpindi #hajichowk #viral #goviral #fyp #capcut #booktok #filumstok #learnontiktok #sahiwalibullscraz7 #brahmanbullscraz7 #shahbaba7bullscraz7 #cute_waqar_hussain72 #foryoupage #foryou ",,https://www.tiktok.com/@cute_waqar_hussain72/video/7313976775921421574,77300,1704,198,4800000,,
7131596671011540251,caphengondalat,2026-05-15T07:30:33,1660454248,momsrere8,47900,Membalas @opahmuda234 Gondal Gandul keplarak kecemplung kalen🤣🤣🤣🤣#kangujangbusthomicirebon #cirebon,,https://www.tiktok.com/@momsrere8/video/7131596671011540251,7572,368,313,551400,,
7611572878370245901,caphengondalat,2026-05-15T07:30:33,1772207466,capp.kg,1119,this convo lasted like half an hour btw #debatetiktok #debate #fyp #CapCut #philosophy,,https://www.tiktok.com/@capp.kg/video/7611572878370245901,43,1,10,1911,,
7546446358731853087,caphengondalat,2026-05-15T07:30:33,1757043980,_its_domo,2241,#reggaefest #barclayscenter #capleton #jamaica ,,https://www.tiktok.com/@_its_domo/video/7546446358731853087,97700,7371,1748,578600,,
7493127305120845064,reviewdalat,2026-05-15T07:31:18,1744629658,tiktokgapgiquaydo,123300,"Vượt 1500km cũng vì cái địa điểm này tại Đà Lạt thôi á các bạn 😍
📍 Cơm Lam Gà Nướng ( Suối Bình Yên )
#dalat #latnoitravel #dalatreviewtravel #suoibinhyen #comlamganuong ",,https://www.tiktok.com/@tiktokgapgiquaydo/video/7493127305120845064,61600,33800,2153,3600000,,
7333124695727885601,reviewdalat,2026-05-15T07:31:18,1707376161,goldiegallowaytravels,20900,"Here is my honest review of Da Lat Vietnam🇻🇳
.
#traveltok #travellife #backpackinglife #traveladvice #fyp ",,https://www.tiktok.com/@goldiegallowaytravels/video/7333124695727885601,468,36,28,56300,,
7288190291750784257,reviewdalat,2026-05-15T07:31:18,1696914043,thon_foodie,195900,7 quán ruột ở Đà Lạt #Master2023byTikTok #LearnOnTikTok #AnCungTikTok #gdlfamily #reviewanuong #reviewdalat #dalat ,,https://www.tiktok.com/@thon_foodie/video/7288190291750784257,71200,18100,1485,3200000,,
7588446646644641032,reviewdalat,2026-05-15T07:31:18,1766822927,christineluu_,123500,"Review 3 chiếc khách sạn mà mình đã ở trong trip Đà Lạt vừa rồiii 🧚🏻‍♀️✨ 
P/s: Đây chỉ là trải nghiệm cá nhân của mình, hợp hay không thì cũng tùy cảm nhận và gu của mỗi người nhen #trending #viral #dalat #restaurant #daily ",,https://www.tiktok.com/@christineluu_/video/7588446646644641032,15200,3226,93,353200,,
7604474111456234759,reviewdalat,2026-05-15T07:31:18,1770606000,traanxngg,227500,"Bạn bè tui ai đi Đà Lạt với tui là cũng có đúng list này làm tới😝ko những mỗi chuyến đều ghé mà là ghé tới mấy lần🤣 

#dalat #foodie #dalatreview #ancungtiktok ",,https://www.tiktok.com/@traanxngg/video/7604474111456234759,36000,9770,116,552200,,
7357193741779651848,reviewdalat,2026-05-15T07:31:18,1712980160,dichoimoingay,221900,Cafe ngắm hoàng hôn mới toanh ở Đà Lạt🤍 #cafe #reviewcafe #dalat #dalattrip #dichoimoingay ,,https://www.tiktok.com/@dichoimoingay/video/7357193741779651848,140500,53600,3656,7500000,,
7635214351682522388,reviewdalat,2026-05-15T07:31:18,1777711885,nhandian,789600,"Review chân thật 3 tiệm cà phê viral ở Đà Lạt nè, liệu có bị ""overrated"" quá hay không? #dalat #dalatreview #dalatcoffee #nhandian #fyp ",,https://www.tiktok.com/@nhandian/video/7635214351682522388,212,33,3,13100,,
7518347304869301512,reviewdalat,2026-05-15T07:31:18,1750501647,bon.bonreview,3742,Review chân thật các quán ngon Đà Lạt #dalatreview #reviewquanngondalat #dalatangi ,,https://www.tiktok.com/@bon.bonreview/video/7518347304869301512,496,173,6,16700,,
7259311643530710278,reviewdalat,2026-05-15T07:31:18,1690190206,anchoidalat,27800,Lịch trình 2N1Đ ngon bổ rẻ cho mấy bà nè #LearnOnTikTok #reviewanchoidalat #seriesanchoidalat #anchoidalat #dalat ,,https://www.tiktok.com/@anchoidalat/video/7259311643530710278,39200,6910,876,1100000,,
7634093050142149895,reviewdalat,2026-05-15T07:31:18,1777450805,chulamreview,60300,"Đây không phải Hy Lạp hay quảng trường La Mã, mà là Đà Lạt nha mng , không ngờ luôn ấy #xuhuongtiktok #dalat #cafedalat #solenadalat #chulamreview ",,https://www.tiktok.com/@chulamreview/video/7634093050142149895,39200,22600,660,1100000,,
7322690359417507073,reviewdalat,2026-05-15T07:31:18,1704946718,didalatcungtruc,207600,"📍 Dalat Wonderland, khu tổ hợp vui chơi và checkin quy mô lớn ở Đà Lạt có gì? #dalatwonderland #dalatwonderesort #review #reviewdalat #isbtalents #didalatcungtruc #dalatreview #checkindalat ",,https://www.tiktok.com/@didalatcungtruc/video/7322690359417507073,36100,10200,1152,1400000,,
7600011987040390418,reviewdalat,2026-05-15T07:31:18,1769515686,reviewdalat_offical,15900,Hẹn hò kiểu này vừa lạ vừa xả stress 😉 #reviewdalat #dalat #tsukispa #massage ,,https://www.tiktok.com/@reviewdalat_offical/video/7600011987040390418,627,433,15,42500,,
7633944771379203335,reviewdalat,2026-05-15T07:31:18,1777416283,tiktokgapgiquaydo,123300,"Lễ này các bạn lại có địa điểm mới để đi check in nữa rồi nè…
📍 Lạc Dương Hill ( 19/5 - F LangBiang - Đà Lạt )
##dalatreviewtravel##lacduonghill##thuyentrennui##caphechill",,https://www.tiktok.com/@tiktokgapgiquaydo/video/7633944771379203335,2420,1783,76,130900,,
7607409661502967058,reviewdalat,2026-05-15T07:31:18,1771238097,tiktokgapgiquaydo,123300,"Một địa điểm mới tại Đà Lạt khai trương ngày mùng 1 tết này các bạn ơi.
📍 Lạc Hư Cổ Trấn 
##dalatreviewtravel##latnoitravel##lachucotran",,https://www.tiktok.com/@tiktokgapgiquaydo/video/7607409661502967058,40900,20200,924,1800000,,
7577590169797152018,reviewdalat,2026-05-15T07:31:18,1765083900,wikidulich.com,14600,"Review thử thách trượt thác Datanla Đà Lạt: đi một lần nhớ cả đời!
Cảm giác ban đầu là lo lo nhưng một lúc sau lại nghiện tốc độ. Mình chia sẻ chi tiết độ an toàn, giá vé, thời gian chơi và vài tips để không bị “chậm nhịp” khi vào cua. Ai đang phân vân có nên thử thì xem video là quyết định được ngay.
#truotthacdatanladalat #datanladalat#datanlaalpinecoaster#dulichdalat #dalat",,https://www.tiktok.com/@wikidulich.com/video/7577590169797152018,11,4,1,3222,,
7578561218747600159,reviewdalat,2026-05-15T07:31:18,1764521314,mayasgoingplaces,2682,"let me take you through the best day trip around Da Lat in southern Vietnam! 🇻🇳 

you get to see beautiful waterfalls, a huge buddha statue, try incredible local coffee and even go on an alpine coaster.

dave this video of you’re planning to visit Vietnam and don’t forget to follow for more travel tips and recommendations 🤍✈️

#traveltok #backpacking #vietnam #dalatvietnam #vietnamrecommendations ",,https://www.tiktok.com/@mayasgoingplaces/video/7578561218747600159,100,7,0,4565,,
7325313221819108610,reviewdalat,2026-05-15T07:31:18,1705557401,du_lich_dalat,242400,Tiệm Cơm Gia Đình Ngon Bình Dân Nằm Ngay Trung Tâm Đà Lạt#thodandalad#review#reviewdalat#quananngondalat#comtrua#tiemcomavu# ,,https://www.tiktok.com/@du_lich_dalat/video/7325313221819108610,19500,4703,498,2100000,,
7565120061388655890,reviewdalat,2026-05-15T07:31:18,1761391778,dalattrongtim7,2707,Bỏ túi bí kíp săn mây Đà Lạt thành công 100% nhaaa #sanmaydalat #sanmay #dalat #dalatreview ,,https://www.tiktok.com/@dalattrongtim7/video/7565120061388655890,8842,4386,181,216200,,
7245500403624873222,reviewdalat,2026-05-15T07:31:18,1686974526,hantours.com.vn,42900,Một “chiếc” Resort Siêu ưng ngay tại trung tâm Đà Lạt #hantours #mercuredalatresort #mercure #mercuredalat #reviewdulich #bookingdulich #reviewbyhantours #reviewresort #hantoursbooking ,,https://www.tiktok.com/@hantours.com.vn/video/7245500403624873222,2969,1991,157,264200,,
7592412947343772949,caphedalat,2026-05-15T07:31:37,1767746413,15cdalat,4676,"Lạnh quá lạnh luôn 🥶❄️❄️

#quancaphedalat #reviewdalat #quannuockhongbanve #thacmayvachill #tiemcaphethacmay ",,https://www.tiktok.com/@15cdalat/video/7592412947343772949,54500,17300,1105,2000000,,
7623631244026383634,caphedalat,2026-05-15T07:31:37,1775014975,dienodalat.py,14700,Sao cái quán này lúc nào cũng đẹp hết zị💕 Mùa này mà hoa rực rỡ lắm luônnn #dalat #chill #canhdep #caphedalat #tiemcaphedocthi ,,https://www.tiktok.com/@dienodalat.py/video/7623631244026383634,586,266,36,42100,,
7632129162613951752,caphedalat,2026-05-15T07:31:37,1776993552,littletown.dalat,122,Lễ này check in quán cafe mới toanh tại Đà Lạt nha mấy bà ơi 💃🏼💃🏼 #dalat #dalattrip #littleeuropedalat #caphedalat #tanung ,,https://www.tiktok.com/@littletown.dalat/video/7632129162613951752,1238,810,40,51400,,
7627694439330319636,caphedalat,2026-05-15T07:31:37,1775961017,thuyn0010,1460,Quán Cà Phê Happy Hill Coffe Cô Long #colong #caphe #caphedalat #happyhill #happyhilldalat ,,https://www.tiktok.com/@thuyn0010/video/7627694439330319636,179,38,10,2996,,
7598760559059750165,caphedalat,2026-05-15T07:31:37,1769224320,chagiotomthitsieungon,353,"Cheo veo cà phê

Mỗi lần cảm thấy căng thẳng mình sẽ ghé quán ngồi nhìn xa xăm, ngắm nhìn thung lũng🍃
#cheoveocoffee #dalatreview #caphedalat #dalatcoffee #lalamngaodu ",,https://www.tiktok.com/@chagiotomthitsieungon/video/7598760559059750165,75,41,35,4509,,
7493011221671709983,caphedalat,2026-05-15T07:31:37,1744602663,hoang.anh.822,1099,"Tiệm Cà phê bên Suối #caphedalat #dalat #vietnamtrip #vietnam 
T#xuhuong #Americatiktok #tiktok",,https://www.tiktok.com/@hoang.anh.822/video/7493011221671709983,126,2,10,4725,,
7634114282900196626,caphedalat,2026-05-15T07:31:37,1777455748,littletown.dalat,122,Tụi mình là quán cà phê Đà Lạt nha cả nhà ơiiii ✨🫶 #dalat #dalattrip #littleeuropedalat #caphedalat #tanung ,,https://www.tiktok.com/@littletown.dalat/video/7634114282900196626,73,23,3,3028,,
7450131900565327111,caphedalat,2026-05-15T07:31:37,1734619008,caphedalat01,184,"📍Tiệm cà phê Custty - Coffee & More Đà Lạt
Quán cà phê Đà Lạt dễ thương tone pastel! 
#dalat #caphedalat #cafedalat #caphe #coffe #coffeetime #reviewdalat #dalatreview #dalatstory #dalattrip #pastel ",,https://www.tiktok.com/@caphedalat01/video/7450131900565327111,58,123,4,7351,,
7592931867377224980,caphedalat,2026-05-15T07:31:37,1767867222,dalat_reels,15700,📍Tiệm cà phê TAVI #dalatreels #dalat #checkindalat #tiemcaphetavi #caphedalat ,,https://www.tiktok.com/@dalat_reels/video/7592931867377224980,1537,436,55,49100,,
7441405361145367816,caphedalat,2026-05-15T07:31:37,1732587205,oocoffeeandtea,7891,"Nghèo vật chất nhưng được cái giàu phần tình cảm, tinh thần :))). Ò Ó Coffee & Tea, Số 18 hẻm 1 Đặng Thái Thân P3 tp Đà Lạt. #dalat #caphe #coffee #caphedalat #dalatcaphe #coffeedalat #quotes ",,https://www.tiktok.com/@oocoffeeandtea/video/7441405361145367816,639,48,4,36700,,
7621603884275993864,caphedalat,2026-05-15T07:31:37,1774542943,daladala247,4267,"09 St, W.Xuan Huong, Da Lat City #workspacecoffee #dalat #dalatcoffee #caphedalat #dalatcity",,https://www.tiktok.com/@daladala247/video/7621603884275993864,6643,2792,78,172400,,
7389894220972166421,caphedalat,2026-05-15T07:31:37,1720593838,caphedalat01,184,"Quán cà phê ngắm hoàng hôn đẹp tại Đà Lạt!
Tham khảo ngay list quán Cà phê đẹp tại Đà Lạt cho chuyến đi của bạn!
———
#caphedalat #caphe #dalat #chuyencuanang #tramkyuc #goccuatung #loicuagio #chill #hoanghon #sunset #sunrise #binhminh #binhminhdalat #hoanghondalat #sanmaydalat #review #reviewdalat #dalatreview #dalatstory #dalattrip #coffee #coffeedalat #travel #traveltiktok #vietnam ",,https://www.tiktok.com/@caphedalat01/video/7389894220972166421,331,168,6,39700,,
7634547284160122132,caphedalat,2026-05-15T07:31:37,1777556564,mylinhcute510,2567,"Đi Đà Lạt uống trà sữa nướng + trái cây cùng tiệm trà Phụng ☕️🌲 

#dalat #tiemtraphung #caphedalat #reviewdalat #viral ",,https://www.tiktok.com/@mylinhcute510/video/7634547284160122132,578,19,28,13200,,
7390576299573562644,caphedalat,2026-05-15T07:31:37,1720752642,caphedalat01,184,"📍Bao tiền một mớ bình yên
Quán cà phê chill Đà Lạt cho ngày mưa 
#caphedalat #caphe #dalat #baotienmotmobinhyen #caphemoidalat #chill #review #reviewdalat #dalatreview #dalatstory #dalattrip #caphedep #caphedepdalat #travel #traveltiktok #dulichvietnam #dulichdalat #dalattravel #coffee ",,https://www.tiktok.com/@caphedalat01/video/7390576299573562644,130,26,3,6665,,
7414005832070860040,caphedalat,2026-05-15T07:31:37,1726207755,caphedalat01,184,"Quán Cà phê mới sắp khai trương tại Đà Lạt cực xịn! Chắc chắn sẽ là điểm check-in hot tại Đà Lạt vào dịp sắp tới.
📍Quán Cà phê Hoa Xương Rồng
#review #dalatreview #reviewdalat #caphe #cafe #coffee #cafedalat #coffeedalat #caphedalat #quancaphedalat #quancaphe #chill #chillmusic #vibes #goodvibes #dalat #dalatchill #quancaphehoaxuongrong #hoaxuongrong #xuhuong ",,https://www.tiktok.com/@caphedalat01/video/7414005832070860040,1977,973,90,75100,,
7635961294960545045,caphedalat,2026-05-15T07:31:37,1777885789,mylinhcute510,2567,"Gặp em ở thung lũng 😆👉🏻👈🏻💙

#dalat #cloud #reviewdalat #caphedalat #chill ",,https://www.tiktok.com/@mylinhcute510/video/7635961294960545045,1795,62,54,16400,,
7444745156835708178,caphedalat,2026-05-15T07:31:37,1733364812,oocoffeeandtea,7891,"Trời lạnh dễ catch a chill, cần người bên cạnh, teach me cách được iuuuuuu. Ò Ó Coffee & Tea, số 18 hẻm 1 Đặng Thái Thân p3 tp Đà Lạt. #dalat #caphe #coffee #caphedalat #dalatcaphe #coffeedalat #quotes ",,https://www.tiktok.com/@oocoffeeandtea/video/7444745156835708178,11400,1287,34,262500,,
7466403676089765138,caphedalat,2026-05-15T07:31:37,1738407577,108homnaocaphe,56900,"Ghé tiệm lúc 7-9h sáng để có nhiều ảnh xinh cả nhà nghen…!!!

#Dalat #Tiemcaphe #Quancaphe #Caphe #Viewdep #TiemcapheTayHo #dulichdalatreview #reviewcaphedalat #dichoimoingay #Reviewdalat #TayHoDaLat ",,https://www.tiktok.com/@108homnaocaphe/video/7466403676089765138,54400,13200,1210,3100000,,
7558397277191081224,caphedalat,2026-05-15T07:31:37,1759826509,sandwichtrungngonlam,2099,Ngày thứ 3 - đố tui dậy mấy giờ mở quán :)))))#dalat #caphe #emcaphedalat #local,,https://www.tiktok.com/@sandwichtrungngonlam/video/7558397277191081224,1492,46,32,35300,,
7591847193686854930,caphedalat,2026-05-15T07:31:37,1767614674,caphengamruongbacthang,1682,"Này là trên Đà Lạt thui nha m.á. Chớ 5h sáng ở công ty t xỉu liền😆
#tiemcaphevungngoaio #quancaphedalatviewdep #caphesangdalat #caphesanmaydalat #dalatcoffee ",,https://www.tiktok.com/@caphengamruongbacthang/video/7591847193686854930,44100,2429,53,449400,,
7420786910164995329,caphedalat,2026-05-15T07:31:37,1727786621,doancaochun,5827,"Cơm chan nước mắt
#fyp #dalat #caphedalat ",,https://www.tiktok.com/@doancaochun/video/7420786910164995329,19000,35800,1309,1500000,,
7496913074838916383,caphedalat,2026-05-15T07:31:37,1745511112,hoang.anh.822,1099,Cafe Chiu Chiu ...#dalat #vietnamtrip #dulichdalat #caphedalat #vietnamese #california #usa #xuhuong #tiktok #hottrend,,https://www.tiktok.com/@hoang.anh.822/video/7496913074838916383,22,0,7,395,,
7635584223646141714,caphedalat,2026-05-15T07:31:37,1777798001,gocnhodalat_23,197,Ngoan xinh iuuu của Góc Nhỏ ơiiii 😍 #CapCut #dalat #caphedalat #xuhuong #fyp ,,https://www.tiktok.com/@gocnhodalat_23/video/7635584223646141714,33,1,2,1210,,
7634144188434779412,caphedalat,2026-05-15T07:31:37,1777462711,mylinhcute510,2567,"Hello em có khoẻ không 🤩 

#dalat #caphedalat #chill #viral #reviewdalat ",,https://www.tiktok.com/@mylinhcute510/video/7634144188434779412,294,9,19,2623,,
7639696857463131400,caphedalat,2026-05-15T07:31:37,1778755542,duoitananhdao,19600,"Hẹn ước xin khuất lời cover tại @duoitananhdao 

- Đêm nhạc acoustic có lịch diễn mỗi ngày (full tuần)
- KHÔ.NG BÁ.N VÉ - KHÔ.NG PHỤ THU 

📞 Hotline: 093.883.6565

📍Dưới tán anh đào: 29B Hùng Vương, P.Xuân Trường - Đà Lạt (đối diện số 178 Hùng Vương)
🚘 Có bãi đậu xe ô tô và xe máy ngay cổng chính 
#acousticdalat #duoitananhdao #dalatdidau #caphedalat #hottrending
 ",,https://www.tiktok.com/@duoitananhdao/video/7639696857463131400,20,3,0,633,,
7639191741932883207,caphedalat,2026-05-15T07:31:37,1778637937,tim.c.ph.bnh.m.rm,10,"Nếu bạn đang tìm một nơi la cà cà phê bình thường, không cần view sang chảnh nhưng đồ ăn thức uống phải thật chất lượng thì ghé ""RÒM"" nhé 🥰🥰
---
Tiệm ☕️🥖RÒM 
#caphe #caphedalat #banhmithitnuong #banhmingon #hottrend ",,https://www.tiktok.com/@tim.c.ph.bnh.m.rm/video/7639191741932883207,6,0,0,123,,
7398767159897246994,caphedalat,2026-05-15T07:31:37,1722659724,caphedi.dalat,4102,"Tiệm cà phê hidden núp hẻm nhỏ Đà Lạt mà chưa chắc bạn đã biết 🛵🌲☕️
.
#caphedi #caphedidalat #reviewdalat #reviewcaphedalat #caphevibedalat #viral #trending #dalatcaphedep #dalattrip ",,https://www.tiktok.com/@caphedi.dalat/video/7398767159897246994,1479,439,24,37700,,
7637854439575014676,caphedalat,2026-05-15T07:31:37,1778326573,th_longg_,377,Hơi mờ nhưng mà là mờ ê mê #dalat #fyp #xh #caphedalat ,,https://www.tiktok.com/@th_longg_/video/7637854439575014676,3828,4,11,19900,,
7613373066021735687,caphedalat,2026-05-15T07:31:37,1772626558,ama.vietnam.blog,9858,"📍Address: Hoa Cẩm Tú Cầu, Phường 3, Đà Lạt, Lâm Đồng, Vietnam - Rừng Mơ.

Located by the river and surrounded by nature, this beautiful coffee shop offers a chill vibe that feels truly unreal. If you travel to Dalat, Vietnam, don’t miss this place.

Enjoy! 😃

#vietnamesecoffeeshop #vietnamesecafe #dalatcoffeeshop #dalatcafe #vietnamesecoffee",,https://www.tiktok.com/@ama.vietnam.blog/video/7613373066021735687,2359,1667,33,71300,,
7360962928993914130,homestaydalat,2026-05-15T07:31:56,1713857743,nhatzzii,33700,"📍De Ma’at Villa - Đà Lạt

Khu villa này gồm 3 căn theo 3 concept, căn của mình tên Vintage . Một căn nhà tone ấm tràn ngập ánh nắng tự nhiên, bao phủ xung quanh là bìa rừng xanh ngời, cả ngày gió đìu hiu chim hót líu lo nó chill dữ luôn 🥲

#dalat #travel #checkinvietnam #photoshoot #dalatcoffee #coffee #cafe #trip #dalathomestay #dalatreview #fyp #xh #xuhuong #viral #dalattrip #workshop #demaatvilladalat ",,https://www.tiktok.com/@nhatzzii/video/7360962928993914130,12700,5748,190,487000,,
7639720725116767508,homestaydalat,2026-05-15T07:31:56,1778761099,mochihomestayyy,1663,Các cục cưng hay hỏi bên anh có máy chiếu khum thì nay anh giải đáp thắc mắc cho các cục cưng nháaa #mochihomestay #homestaydalatviewdep #homestaytrungtamdalat #xuhuong #cat ,,https://www.tiktok.com/@mochihomestayyy/video/7639720725116767508,123,15,4,2908,,
7414085412152626439,homestaydalat,2026-05-15T07:31:56,1726226282,tiemcaphenhabenrung,216200,"Bình yên là những ngày như thế này..
#dalat #reviewdalat #nhabenrung #cafenhabenrung #nhabenrungcoffee #caphenhabenrung #nhabenrungcaphe #binhyen #QuánCafeViewĐẹp #homestaydalat #homebenrung ",,https://www.tiktok.com/@tiemcaphenhabenrung/video/7414085412152626439,33400,12500,1674,1500000,,
7631949466810977556,homestaydalat,2026-05-15T07:31:56,1776951710,homecuagau,197,Thức dậy giữa biển mây trong căn villa 3 phòng ngủ rộng thoáng — nơi mọi tiện ích đều được chăm chút để mỗi khoảnh khắc đều trở thành đặc quyền.#homestaydalat #homestaychilldalat #Gauhomestaydalat #villadalat ,,https://www.tiktok.com/@homecuagau/video/7631949466810977556,22,4,2,1267,,
7586323885507759380,homestaydalat,2026-05-15T07:31:56,1766328680,skparent,10200,Love this homestay in Da Lat #travel #vietnam #dalat #solotravel ,,https://www.tiktok.com/@skparent/video/7586323885507759380,113,20,19,6475,,
7633422888690928903,homestaydalat,2026-05-15T07:31:56,1777294772,linnsharinghomedalat,13200,"Làm s mà kiếm đc cái phòng cách 
quảng trường Đà Lạt 500m
Có view, có bồn tắm
Giá lại còn nằm ở hàng chăm cơ chứ @Timi Boutique Stay Đà Lạt #homestaydalat #dalat #linnsharinghomedalat #timiboutiquestay #cuoituanlinndidalatnha ",,https://www.tiktok.com/@linnsharinghomedalat/video/7633422888690928903,7515,2272,110,190000,,
7637856615521209620,homestaydalat,2026-05-15T07:31:56,1778327079,lc.homestay,6919,"Căn phòng đơn của đôi ta bên home giá 4.5.0k có view kính trực tiếp buổi tối ngắm nhà lồng lên đèn, buổi sáng bạn chỉ cần kéo rèm là có thể ngắm mây ngay tại giường ạ #lchomestaydalat #nhalong #homestaysanmaydalat #dalat #thugian ",,https://www.tiktok.com/@lc.homestay/video/7637856615521209620,1993,799,69,46900,,
7555889967071792402,homestaydalat,2026-05-15T07:31:56,1759242731,la.mer.home.dalat,5015,"đi Đà Lạt về khuya, quá dễ với La Mer 😍😍 #fyp #xuhuong #homestaydalat #staycation #viral ",,https://www.tiktok.com/@la.mer.home.dalat/video/7555889967071792402,55800,13700,716,1600000,,
7626642861479480597,homestaydalat,2026-05-15T07:31:56,1775716178,homego.dalat,249,Chỉ 200🐠/ng mà búc được chiếc home có căn bếp xinh cỡ đó 🥹🥹 #homestaydalat #homegodalat #homestayviewdepdalat #bbqdalat #xuhuongtiktok ,,https://www.tiktok.com/@homego.dalat/video/7626642861479480597,1427,869,225,67600,,
7636333275878903060,homestaydalat,2026-05-15T07:31:56,1777972401,anviewhomedalat,880,Phòng đẹp view xịn đây ạaa ☺️ #dalat #homestaydalat ,,https://www.tiktok.com/@anviewhomedalat/video/7636333275878903060,15,0,1,924,,
7636369206904245525,homestaydalat,2026-05-15T07:31:56,1777980768,bookphonghomestaydalat,1776,"phòng nào cũng có view khỏi lo dành nhau nha mấy ní 

#dalat #homestaydalat #villadalat ",,https://www.tiktok.com/@bookphonghomestaydalat/video/7636369206904245525,114,70,10,6687,,
7477578613265632534,homestaydalat,2026-05-15T07:31:56,1741009449,thejammygits,71700,"Would you pay to stay here? It’s only £7 per person!🤯 

📍ivy coffee farm - cabin house Da Lat Vietnam🇻🇳 

#vietnamtravel #travelvlogs #dalattrip #roomtour ",,https://www.tiktok.com/@thejammygits/video/7477578613265632534,25000,1324,404,359200,,
7553543846966103307,homestaydalat,2026-05-15T07:31:56,1758696483,heyy.lalalaa,28,"The best place to stay in Dalat !
super comfy, clean, affordable price, and also friendly owner and staff ❤️  i’ll choose this homestay again if i go back to Dalat .. it feels just like home .. #dalatreview #dalattrip #travelvlog #minivlog #vietnam ",,https://www.tiktok.com/@heyy.lalalaa/video/7553543846966103307,269,132,17,26400,,
7637381027970747655,homestaydalat,2026-05-15T07:31:56,1778216347,homestayvuonmintdalat,414,Anh ưu đãi tới 15/6 nha các vợ iu ơi 🫶🏻 #vuonminthomestay #homestaydalat #homestaysanvuondalat #dalatodau #homestaydalatgiare ,,https://www.tiktok.com/@homestayvuonmintdalat/video/7637381027970747655,10000,6050,177,250500,,
7388387572537396496,homestaydalat,2026-05-15T07:31:56,1720243043,tructruc.wolfhouse,34500,"🔥HOME ĐÀ LẠT 2 PN DÀNH CHO 6-8 KHÁCH🔥
📍 Home có 2 phòng ngủ đôi, 1 Wc
📍 Sân vườn rộng đẹp
📍 View cực xịn
📍 Hơi xa trung tâm xíu nha. Có xe thì ok ạ
📍Phù hợp nghỉ dưỡng
#dalat 
#homestaydalat #tructrucwolfhouse #truchomestayvilladalat #travel #villadalat #reviewdalat ",,https://www.tiktok.com/@tructruc.wolfhouse/video/7388387572537396496,16800,5622,2185,981400,,
7572065257053588756,homestaydalat,2026-05-15T07:31:56,1763008835,anmienhomestay,9298,"Homestay Dalat free check in sớm, siêu xinh #anmienhomestay #homestaydalat #dalat #hoteldalat #villadalat ",,https://www.tiktok.com/@anmienhomestay/video/7572065257053588756,22300,3559,463,779900,,
7370692052352306439,homestaydalat,2026-05-15T07:31:56,1716122980,dichoicunghuy,206400,Ngôi nhà gỗ bé xinh nằm giữa đồi thông Đà Lạt. #homestay #staycation #dalat ,,https://www.tiktok.com/@dichoicunghuy/video/7370692052352306439,820,987,80,114200,,
7638972534901411080,homestaydalat,2026-05-15T07:31:56,1778586896,nhung.phm8326,51,"📍Homestay Đà Lạt - 10 Trịnh Hoài Đức, P11, Đà Lạt 

 Một góc nhỏ bình yên giữa Đà Lạt mộng mơ với không gian xinh xắn, view đồi thông và không khí trong lành. Homestay phù hợp cho cặp đôi, nhóm bạn hoặc ai muốn tìm cảm giác nhẹ nhàng, chữa lành 🫶🏻🏔️ #homestaydalat #homestaydalatgiare #dulichdalat #dalat ",,https://www.tiktok.com/@nhung.phm8326/video/7638972534901411080,108,30,11,4680,,
7508732516023553287,homestaydalat,2026-05-15T07:31:56,1748263029,homestaygothong,4971,Top 5 lí do bạn nên lựa chọn Gỗ Thông Homestay lưu trú khi đến Đà Lạt chơi #chill #dalatchill #gothonghomestay #homestaygothong #dalat #homestaydalat #gothong #reviewhomestay #learnontiktok ,,https://www.tiktok.com/@homestaygothong/video/7508732516023553287,14400,7087,2156,456000,,
7618963487775051015,homestaydalat,2026-05-15T07:31:56,1773928179,joe.annaha,305,"Một không gian riêng tư cho 2 khách. Với ô cửa sổ / ban công dày sương và mây bay..
Cung đường nhiều quán cafe check in view đồi.
Za chỉ từ 1 cụ xx học sinh
#khachsandalatdep 
#homestaydalat 
#sănmaydalat ",,https://www.tiktok.com/@joe.annaha/video/7618963487775051015,9073,4122,214,203000,,
7569086489686986002,homestaydalat,2026-05-15T07:31:56,1762315283,hoibacxiuu,7819,"Bốc trúng sí rịt chiếc homestay chill dã man, về rồi mà còn quyến luyến quá trời huhu 🌲✨ #review #homestaydalat #siacottage #hoxireview ",,https://www.tiktok.com/@hoibacxiuu/video/7569086489686986002,3559,2181,146,158400,,
7604691518573563156,homestaydalat,2026-05-15T07:31:56,1770605228,kunlogg,6564,"Một chiếc home ngắm hoàng hôn tui tâm đắc ở Đà Lạt | Almira home ⛅️
#homestay #dalat ",,https://www.tiktok.com/@kunlogg/video/7604691518573563156,895,270,9,28200,,
7520226681504681234,homestaydalat,2026-05-15T07:31:56,1750939221,dihetdalat,42900,4 homestay đáng ở nhất khi đến Đà Lạt ✨ #dihetdalat #dalat #dalatdidau #checkindalat #chill #bttravel #homestaydalat ,,https://www.tiktok.com/@dihetdalat/video/7520226681504681234,2297,1376,43,178200,,
7520979516471119112,homestaydalat,2026-05-15T07:31:56,1751114506,anmienhomestay,9298,Homestay Đà Lạt book mình book tận 3 lần #villadalat #viral #anmienhomestay #homestaydalat #xuhuong #homestay #dalat #viral_video #xuhuongtiktok ,,https://www.tiktok.com/@anmienhomestay/video/7520979516471119112,7180,1451,371,299400,,
7535500229265722631,homestaydalat,2026-05-15T07:31:56,1754495374,lnthaotrann,19800,Bỏ túi thêm chiếc home siu xinh ở Đà Lạt nữa nè mí bà #reviewdalat #homestaydalat #lnthaotran ,,https://www.tiktok.com/@lnthaotrann/video/7535500229265722631,2441,916,41,85400,,
7637840314656443656,homestaydalat,2026-05-15T07:31:56,1778323283,vivove49,9506,Vlog Vi làm homestay ở Đà Lạt tập 34 - Home tour căn nhà Pháp   #vilamhomestay #phanvivlog #rapthome #raptmaison #homestaydalat,,https://www.tiktok.com/@vivove49/video/7637840314656443656,7426,2064,228,157400,,
7637027690880486677,homestaydalat,2026-05-15T07:31:56,1778134083,hamyhousedalat,15000,"Lâu lắm rồi mới quay được trong nhà ☺️ 
HAMY HOUSE là nguyên căn 4p gần trung tâm mà chỉ 1xx🐠/đimmm 💖
#dalat #reviewdalat #xuhuong #hamyhousedalat #homestaydalat ",,https://www.tiktok.com/@hamyhousedalat/video/7637027690880486677,40,8,7,2221,,
7609945477231971592,fooddalat,2026-05-15T07:32:12,1771851600,minhzu_,5614,Foodtour đồ ăn Đà Lạt 2026 thuiiii #dalatangi #dalat ,,https://www.tiktok.com/@minhzu_/video/7609945477231971592,11700,3411,42,231000,,
7379913588686802177,fooddalat,2026-05-15T07:32:12,1718270037,pika_laca,57100,#foodtour ăn sập 12 quán tại Đà Lạt ! #pikalaca #travelblogger #foodreviewer ,,https://www.tiktok.com/@pika_laca/video/7379913588686802177,20200,7598,392,1000000,,
7589479485158739221,fooddalat,2026-05-15T07:32:12,1767063403,traanxngg,227500,"Mãi một niềm đam mê với ẩm thực Đà Lạt🥹lên ĐL chỉ có đi ăn thoai cũng mãn nguyện🤣🤣 

#dalat #foodie #vietnam #ancungtiktok #dalatreview ",,https://www.tiktok.com/@traanxngg/video/7589479485158739221,11000,2006,53,170000,,
7611398327732636936,fooddalat,2026-05-15T07:32:12,1772166778,khoasheep,27200,Hôm rồi lên Đà Lạt được 2 ngày nên mình chỉ đi kịp đi được 12 quán thôi 🥹 #khoasheep #reviewanngon #ancungtiktok #dalat ,,https://www.tiktok.com/@khoasheep/video/7611398327732636936,26100,11800,262,573200,,
7341297589587004718,fooddalat,2026-05-15T07:32:12,1709279062,saigonspringroll,2100000,Ăn gì ở Đà Lạt? / Where to eat in Đà Lạt?,,https://www.tiktok.com/@saigonspringroll/video/7341297589587004718,44100,2147,195,777600,,
7317914631819808001,fooddalat,2026-05-15T07:32:12,1703834786,nhandian,789600,"Tổng hợp list 9 quán ngon ở Đà Lạt cho dịp lễ tết sắp tới nè, bánh căn nem nướng lẩu gà lẩu bò kem bơ... món gì cũng có 😆 #dalat #dalatfood #hellovietnam #hellodalat #dacsanvietnam #dalattrip #dalatreview #dalatstory #dacsan #dacsandalat #ancungtiktok #learnontiktok #nhandian #fyp ",,https://www.tiktok.com/@nhandian/video/7317914631819808001,26900,3010,371,673200,,
7627432677733321998,fooddalat,2026-05-15T07:32:12,1775900171,foodxbert,33600,Day 7 of Eating Street food in Dalat Vietnam until I get Sick #dalat #banhxeo #pancake #vietnamesefood #streetfood ,,https://www.tiktok.com/@foodxbert/video/7627432677733321998,37,0,3,1427,,
7559789022583868679,fooddalat,2026-05-15T07:32:12,1760150550,lulureview_,336100,Ê có ai ở Đà Lạt ăn bánh cuốn thủ công bên đây chưa ? Ngon thật sự! #lulureview #banhcuonthucongohngonqua #dalatangi #vtmgr #ansangdalat ,,https://www.tiktok.com/@lulureview_/video/7559789022583868679,13300,9197,591,968900,,
7497939723105684754,fooddalat,2026-05-15T07:32:12,1745750136,conluoireview,102200,Share vs mng list những quán ăn siu ngon tui cực kì mê ở Đà Lạt #dicungluoi#diadiemanuong#anngonmoingay#ancungtiktok#dalat#dalatreview#dalatangi#reviewdulich#reviewdalat#dulichdalat  ,,https://www.tiktok.com/@conluoireview/video/7497939723105684754,21900,9443,231,667500,,
7626977976462150930,fooddalat,2026-05-15T07:32:12,1775794197,chamdidaudo,30800,Quán ăn độc lạ Đà Lạt  @Tiệm Gà Túk Túk Đà Lạt #chamdidaudo #dalat #dalattrip #dalatangi #tiemgatuktuk ,,https://www.tiktok.com/@chamdidaudo/video/7626977976462150930,11300,9882,238,385900,,
7592237795184348424,fooddalat,2026-05-15T07:32:12,1767705616,hoanganhdidau,59800,Tiệm nướng local ở Đà Lạt 😋😋😋 #hoanganhdidau #donuongdalat ,,https://www.tiktok.com/@hoanganhdidau/video/7592237795184348424,10300,5760,136,399900,,
7593947498872392980,fooddalat,2026-05-15T07:32:12,1768103697,huyheim,17900,Trời lạnh thì mình múc bang Caneles #canelesdalat #dalatreview #banhcaneles ,,https://www.tiktok.com/@huyheim/video/7593947498872392980,6950,1767,66,248700,,
7376531805442297096,fooddalat,2026-05-15T07:32:12,1717482653,tuilasapne,156600,"Quán nướng view đẹp chill in Đà Lạt ngay trung tâm cách chợ Đà Lạt chỉ 5p thôi mng ! 
#sapblogger #tryitwithtiktok #learnontiktok #vtmgr #ancungtiktok #reviewanngon #dalat ",,https://www.tiktok.com/@tuilasapne/video/7376531805442297096,21700,9490,557,1900000,,
7390934774270938385,fooddalat,2026-05-15T07:32:12,1720836108,traanxngg,227500,Các quán Trân lần nào cũng ghé ở Đà Lạt☺️ #ancungtiktok #tryitwithtiktok #reviewanngon #vietnamesefood #dalat ,,https://www.tiktok.com/@traanxngg/video/7390934774270938385,30700,6181,226,585300,,
7635906330292800781,fooddalat,2026-05-15T07:32:12,1777873044,foodxbert,33600,Day 19 of Eating Street Food in  Dalat Vietnam until I get sick #miquang #vietnamesefood #dalat #streetfood #vietnamfood ,,https://www.tiktok.com/@foodxbert/video/7635906330292800781,68,1,4,2432,,
7597736208403270933,fooddalat,2026-05-15T07:32:12,1768985820,chang.trang91,7371,Hai quán ăn trên chợ ĐL mà nhất định mọi người nên gé khi đến Đà Lạt#đicungchang #TikTokShopFUNFEST #reviewdalat ,,https://www.tiktok.com/@chang.trang91/video/7597736208403270933,3596,1876,81,132100,,
7194824583839485210,fooddalat,2026-05-15T07:32:12,1675175643,traanxngg,227500,một nhà hàng xinh như cổ tích cho lần tiếp theo mng đến Dalat🤍 #dalat #dalatreview #xuhuong #ancungtiktok #dalatfood ,,https://www.tiktok.com/@traanxngg/video/7194824583839485210,1447,676,22,92700,,
7630386561707822349,fooddalat,2026-05-15T07:32:12,1776587929,foodxbert,33600,Day 21 of Eating Street food in Dalat Vietnam until I get Sick #vietnamesefood #streetfood #vietnam #dacsan #blackegg ,,https://www.tiktok.com/@foodxbert/video/7630386561707822349,92,1,6,7206,,
7514908810608168200,fooddalat,2026-05-15T07:32:12,1749701059,ngocduy_diachianuong,482300,Thôn 330 nơi ngắm hoàng hôn cực chill với đồ nướng siêu ngon giữa lòng Thành phố Đà Lạt #diachianuong #vtmgr ,,https://www.tiktok.com/@ngocduy_diachianuong/video/7514908810608168200,31600,3017,120,407000,,
7525430430599007496,fooddalat,2026-05-15T07:32:12,1752150814,tranliendoanh_99,342700,"Quán cơm niêu ngon cho mọi người khi đi Tà Nung, Đà Lạt nè #comnieudanhtien #comnieudalat #dalatangi #tanung #dalat #reviewdalat ",,https://www.tiktok.com/@tranliendoanh_99/video/7525430430599007496,11600,1170,138,363300,,
7596910447014464776,fooddalat,2026-05-15T07:32:12,1768793555,lacaphee,33400,"Luỵ đồ ăn, luỵ cảnh đẹp Đà Lạt 🤤🫶 #dalat #lacaphee #dalatangi ",,https://www.tiktok.com/@lacaphee/video/7596910447014464776,10900,6367,143,858600,,
7612572085180845333,dalatcheckin,2026-05-15T07:32:31,1772440084,dihetdalat,42900,"Check in ngay 5 địa điểm có hoa phượng tím tại Đà Lạt này nhé!🌸
#dihetdalat #dalat#checkindalat#phuongtimdalat",,https://www.tiktok.com/@dihetdalat/video/7612572085180845333,605,504,21,40300,,
7625618472201981205,dalatcheckin,2026-05-15T07:32:31,1775477665,danonglambep,92900,"Đi Đà Lạt check in miễn phí thì mấy bà tham khảo mấy chỗ này nha
#tungvuday #reviewdalat #travel #reviewdulich #checkinmienphi ",,https://www.tiktok.com/@danonglambep/video/7625618472201981205,179,85,19,7179,,
7308600277500792072,dalatcheckin,2026-05-15T07:32:31,1701666112,sonvietnamtourist,4218,"30 điểm check in miễn phí ở Đà Lạt. Ai cần vị trí ghim từng nơi, bình luận mình rep nhé. ☎️Contact/Zalo: 0971.521.739
💌FANPAGE : VIETNAM TOURIST
💻WEB : www.vietnamtouristvn.com #checkindalat #canhdepdalat #dalat #reviewdalat #chuphinhdalat #songaodalat #xuhuong",,https://www.tiktok.com/@sonvietnamtourist/video/7308600277500792072,501,188,9,94500,,
7521711699951357191,dalatcheckin,2026-05-15T07:32:31,1751284980,dihetdalat,42900,10 điều musttry tại Đà Lạt vào tháng 7 này ✨ #dihetdalat #dalat #dalatdidau #checkindalat #chill #musttry #musttrydalat ,,https://www.tiktok.com/@dihetdalat/video/7521711699951357191,29400,8803,259,942500,,
7633673488582118663,dalatcheckin,2026-05-15T07:32:31,1777353120,chillcungyang,313400,Đà Lạt có thêm một góc checkin mới toanh ❤️ #dalat #chillcungyang ,,https://www.tiktok.com/@chillcungyang/video/7633673488582118663,949,76,40,16000,,
7586374708749208852,dalatcheckin,2026-05-15T07:32:31,1766340519,tuandungtour,1038,"🪻🎯 Toạ độ check in chill tại Đà Lạt đang hot không nên bỏ lỡ. Đứng bất kì góc nào cũng có thể ra những tấm hình ""siêu phẩm"". 💕🪻 😍. #xuhuong #dulich #dulichDaLat #MienDuMuc #checkin ",,https://www.tiktok.com/@tuandungtour/video/7586374708749208852,208,117,76,4746,,
7578859787505683730,dalatcheckin,2026-05-15T07:32:31,1764590807,dihetdalat,42900,10 điều musttry tại Đà Lạt vào tháng 12 này ✨ #dihetdalat #dalat #checkindalat #dalatthang12 #musttrydalat ,,https://www.tiktok.com/@dihetdalat/video/7578859787505683730,3801,1988,28,101100,,
7630624632902667541,dalatcheckin,2026-05-15T07:32:31,1776643261,hanh.bupb,20700,Duyên #colongdalat #xuhuong #checkindalat #cafecolong #happyhill ,,https://www.tiktok.com/@hanh.bupb/video/7630624632902667541,9096,250,82,428500,,
7624869676006280468,dalatcheckin,2026-05-15T07:32:31,1775303322,dihetdalat,42900,10 điều must try tại Đà Lạt vào tháng 4 này 🌟#dihetdalat #dalat #checklist #musttry #dalatthang4 ,,https://www.tiktok.com/@dihetdalat/video/7624869676006280468,854,364,1,28800,,
7617924738538818837,dalatcheckin,2026-05-15T07:32:31,1773686329,hanh.bupb,20700,Hết thuoc  là điều hành Co long hay tẽn chút #happyhillcoffe #canhdepdalat #cafecolong #happycolong #checkindalat ,,https://www.tiktok.com/@hanh.bupb/video/7617924738538818837,2727,63,15,128900,,
7228781822669376773,dalatcheckin,2026-05-15T07:32:31,1683081931,dilaccungkimdng,1311,"Những điểm checkin đẹp theo trải nghiệm của mình trong chuyến đi Dalat vừa rồi nè 📷🍃
#fpy #dalat #VietNamToiYeu #tuabindiengio  #dalattrip #dalattravel #dalatchill #dalattiktok #dicungtiktok #doichecaudat #ankroet #ankroetcamp #learnontiktok #traveltiktok #xuhuongtiktok #summervibes #moodvibes #",,https://www.tiktok.com/@dilaccungkimdng/video/7228781822669376773,18200,2560,242,290900,,
7623762181804543253,dalatcheckin,2026-05-15T07:32:31,1775045464,odaycohomexinh,71800,Checkin trễ và đây là cảnh tui thấy #odaycohomexinh #homestaydalat #nguyencandalat #xuhuong ,,https://www.tiktok.com/@odaycohomexinh/video/7623762181804543253,6108,3002,129,169400,,
7639607677848472850,dalatcheckin,2026-05-15T07:32:31,1778734778,tiemnuongchillxomleo,77200,Đi Đà Lạt phải 1 lần checkin Tháp Vinaphone và ăn nướng săn tàu cùng nhau #dalat #tiemnuongchillxomleo #dalattrip #buoitoidalat #xomleo ,,https://www.tiktok.com/@tiemnuongchillxomleo/video/7639607677848472850,176,10,3,4963,,
7572796495397719304,dalatcheckin,2026-05-15T07:32:31,1763179089,runggiaohuong,8923,"Toạ độ checkin cực xịn ở Đà Lạt ✨

#runggiaohuong #cafedalatngon #cafedalat #dulichdalat #checkindalat ",,https://www.tiktok.com/@runggiaohuong/video/7572796495397719304,5184,2196,115,292500,,
7620294626150288660,dalatcheckin,2026-05-15T07:32:31,1774238115,runggiaohuong,8923,"Ăn trưa ở Rừng Giao Hưởng kiểu: no bụng + no mắt + chill hết nấc 🌿

Đồ ăn nóng hổi, view thì “đỉnh của chóp” 

📍Nhớ ghé Rừng ăn trưa bạn nhé!

#runggiaohuong #cafedalat #dulichdalat #dalat #checkindalat ",,https://www.tiktok.com/@runggiaohuong/video/7620294626150288660,3669,2691,161,207000,,
7616313241244863752,dalatcheckin,2026-05-15T07:32:31,1773311121,peonybaobao,882,"Not Europe, just Đà Lạt ❤️
📍Quán nướng Solena Đà Lạt
#dalat #checkindalat #homestaydalat #khachsandalat ",,https://www.tiktok.com/@peonybaobao/video/7616313241244863752,25500,14900,265,465700,,
7221506167644671258,dalatcheckin,2026-05-15T07:32:31,1681387935,dalatcungtico,8222,Top 5 trải nghiệm ở khách sạn Saphir Đà Lạt ấn tượng #ticotravel #tikktoktravel #dalat #checkindalat #khachsandalat #khachsansaphir #dulichdalat #xuhuong ,,https://www.tiktok.com/@dalatcungtico/video/7221506167644671258,77,46,25,11300,,
7630489154329300231,dalatcheckin,2026-05-15T07:32:31,1776611707,happytoday_82,1206,"Không biết buôn sao. Chứ hàng ngàn người nhìn thôi cũng xỉu rồi à nhen 
#checkindalat #dalattrip ",,https://www.tiktok.com/@happytoday_82/video/7630489154329300231,4380,281,305,116200,,
7594777763354004744,dalatcheckin,2026-05-15T07:32:31,1768297002,linhtoursanmaydalat,12400,Xe dịch vụ Đà Lạt #linhtoursanmaydalat #xedichvudalat #taxidalat #xedichvu #checkindalat ,,https://www.tiktok.com/@linhtoursanmaydalat/video/7594777763354004744,2514,1361,159,90800,,
7613741364873792776,dalatcheckin,2026-05-15T07:32:31,1772712310,lacadalatcungvybty5394,968,"Tháng 3 Đà Lạt nên đi đâu?
#tramnangbbq #suoncaykhonglo #yodthong #dalatdiary #dalatreview",,https://www.tiktok.com/@lacadalatcungvybty5394/video/7613741364873792776,3957,847,34,133700,,
7566847171107081480,dalatcheckin,2026-05-15T07:32:31,1761793904,dahala.travel,515,Vào mùa Đà Lạt rồi khứa ơi!! Hãy lưu ngay 5 địa điểm check in miễn phí này tại Đà Lạt nhé!🥰 #dalat #dulich #dahalatravel #checkindalat ,,https://www.tiktok.com/@dahala.travel/video/7566847171107081480,62,10,7,1215,,
7255616087696395525,dalatcheckin,2026-05-15T07:32:31,1689329766,mrhwangtravel_dalat,21100,"Cập nhập những điểm check in miễn phí mới nhất Đà Lạt 2023.Nhớ lưu lại để đi nhé.
#dalat #mrhwangtravel #reviewdalat #dalatreview #xuhuong2023 #checkindalat #dcgr ",,https://www.tiktok.com/@mrhwangtravel_dalat/video/7255616087696395525,66,12,5,6733,,
7501301428531580178,dalatcheckin,2026-05-15T07:32:31,1746532844,dihetdalat,42900,10 điều must try tại Đà Lạt vào tháng 5 này ✨ #dihetdalat #dalat #traveltiktok #dulichdalat #checkindalat #bttravel #dalatthang5 ,,https://www.tiktok.com/@dihetdalat/video/7501301428531580178,6253,2081,64,157600,,
7332348249107451154,dalat2024,2026-05-15T07:32:38,1707195370,reviewdalat_offical,15900,Update giá vé những địa điểm hot tại Đà Lạt năm 2024 nha #reviewdalat #dulichdalat #checkindalat #dalat #xuhuong ,,https://www.tiktok.com/@reviewdalat_offical/video/7332348249107451154,3047,1206,113,359000,,
7636832876616502548,dalat2024,2026-05-15T07:32:38,1778088725,ellle_phant,608,"Dalat back in 2024, trip between my final exam and big girl job🥹❤️

#dalat #vietnam #fyp #travel #CapCut ",,https://www.tiktok.com/@ellle_phant/video/7636832876616502548,16,0,2,202,,
7338260421125623060,dalat2024,2026-05-15T07:32:38,1708571934,dicungthy,238800,Hoemstay xịn mịn view hoàng hôn ở trung tâm là Đà Lạt #dicungthy #vtvcab #tiktoktravel #dulichdalat2024 #homestayviewdepdalat #homestaydalatviewdep #homestaydalat ,,https://www.tiktok.com/@dicungthy/video/7338260421125623060,11100,2359,346,522700,,
7336238404012739847,dalat2024,2026-05-15T07:32:38,1708101116,bu1810,1763,Dalat 2024 #pinetown #dalat #fyp ,,https://www.tiktok.com/@bu1810/video/7336238404012739847,2813,25,10,14500,,
7454448265593883922,dalat2024,2026-05-15T07:32:38,1735623991,bobeoo0608,70,Dalat city 2024 #dalat #tiktokviral #capcut #trendingvideo  ❤️,,https://www.tiktok.com/@bobeoo0608/video/7454448265593883922,8,0,2,226,,
7449321761960627474,dalat2024,2026-05-15T07:32:38,1734430385,happyhill.dalat,1300000,Một chiếc cam thường ko chỉnh sửa . Hoàng hôn chiều 17/12/2024 . #dalat #happyhilldalat #hoanghon ,,https://www.tiktok.com/@happyhill.dalat/video/7449321761960627474,29600,9816,690,744900,,
7386146938405702919,dalat2024,2026-05-15T07:32:38,1719721350,quocthinh.officiall,124100,"Đà Lạt 1 góc nhìn từ trên cao 03/2024 ( P.1 )
#Dalat #flycam #fyp #travel #traveltiktok #trending #viral #adventure #explore #hotuyenlam ",,https://www.tiktok.com/@quocthinh.officiall/video/7386146938405702919,433,0,0,12300,,
7378086453630258440,dalat2024,2026-05-15T07:32:38,1717844622,happydaytravel,74300,Tổng hợp giá vé các địa điểm hot ở Đà Lạt 2024. Happy Day cũng có tour đến những điểm này mỗi ngày nên khách cứ liên hệ đặt tour nhen 🥰 #happyday #happydaytravel #reviewdalat #dalat #dulichdalat #tourdalat ,,https://www.tiktok.com/@happydaytravel/video/7378086453630258440,17400,11600,971,1000000,,
7439623128394878216,dalat2024,2026-05-15T07:32:38,1732172248,sizelreview,152800,Fitcheck dalat day 2 with my team #dalattrip #dalatchill #fitcheck #xuhuong2024 @Tớ là Trà Meeeee 🍃 @Trang Han 🦖 @Sang Đoàn Đi Thẩm Đồ @Nguyễn Mạnh Duy @Vũ Khắc Huy @vaan.ilu ,,https://www.tiktok.com/@sizelreview/video/7439623128394878216,902,241,14,99600,,
7434746391857057067,dalat2024,2026-05-15T07:32:38,1731036794,dalatne,145800,"Lên lịch trình đi Đà Lạt là vừa rồi nha😉😉 
#xh #dalat #fyp #festivalhoadalat2024 ",,https://www.tiktok.com/@dalatne/video/7434746391857057067,205,175,19,36300,,
7375534112779652372,dalat2024,2026-05-15T07:32:38,1717250366,hotluu,73900,Một đám cưới có 102 trong năm 2024 của team nhà Hilly 🫶💕 #hotluu #hillygardendalat #wedding #marryme #weddingplanner #damcuoingoaitroi #dalat #harrypotter #harrypotterwedding ,,https://www.tiktok.com/@hotluu/video/7375534112779652372,1508,118,37,64100,,
7638989903883177237,dalat2024,2026-05-15T07:32:38,1778590942,duyenle0501,40200,Dalat2024#CapCut ,,https://www.tiktok.com/@duyenle0501/video/7638989903883177237,31,0,4,244,,
7382569625709546782,dalat2024,2026-05-15T07:32:38,1718888500,tatravels,31,"📍 Da Lat, Vietnam
2024 Trip",,https://www.tiktok.com/@tatravels/video/7382569625709546782,9,0,2,690,,
7363917918603627783,dalat2024,2026-05-15T07:32:38,1714545786,travel_i_luv,1780,"Datanla Waterfall, Khu du lịch Thác Datanla. April/ May 2024. #dalat #datanladalat #vietnam #waterfall ",,https://www.tiktok.com/@travel_i_luv/video/7363917918603627783,131,15,12,5921,,
7639224739176828181,dalat2024,2026-05-15T07:32:38,1778645619,patam.ng,182,"Trả kèo dựng suộc Đà Lạt 2024 🤭
#patam #LSgangs #dalat #trending #foryou @siêng năng lên @Papapa @Chơi Tiktok partime 🤌🏿 @nhỏ này hay khóc🥹 ",,https://www.tiktok.com/@patam.ng/video/7639224739176828181,9,4,2,192,,
7378405635408350472,dalat2024,2026-05-15T07:32:38,1717918939,thyloan29,33,"DALAT 2024 
#CapCut #fyp #dalat #memory #thanhxuan #xuhuong ",,https://www.tiktok.com/@thyloan29/video/7378405635408350472,44,0,2,891,,
7360966417367207210,dalat2024,2026-05-15T07:32:38,1713858673,lenlenton,146,Hello Đà Lạt 🫶🏻 #vn #vietnam #2024 #vacation #dalat ,,https://www.tiktok.com/@lenlenton/video/7360966417367207210,11,0,0,259,,
7350679720498941186,dalat2024,2026-05-15T07:32:38,1711463496,klook_vietnam,92500,Cập nhật 💸 mới nhất cho các bà chuẩn bị đi Đà Lạt nhaaa 😍😍 Nhớ lưu lại video này liền!!! #learnontiktok #tiktoktravel #fypシ゚シ #dalat #đàlạt #games #viral #review #followｍe #dulich #travel #xuhuong #trending ,,https://www.tiktok.com/@klook_vietnam/video/7350679720498941186,40500,9074,446,2300000,,
7555443977529396498,dalat2024,2026-05-15T07:32:38,1759138889,ghs_jsc,387,"Trung Thu GHS JSC 2024
#trungthudalat #dalat #ghsjsc #ruocden #fyp ",,https://www.tiktok.com/@ghs_jsc/video/7555443977529396498,6860,897,74,94500,,
7356952334078905608,dalat2024,2026-05-15T07:32:38,1712923951,tramtramthao7,300,"=)))) thấy cái view củm bt #dalat #dalatstory #dalattrip #dallat2024 
#dalatnight #dalatreview #đàlạt #picoftheday ",,https://www.tiktok.com/@tramtramthao7/video/7356952334078905608,13,1,1,282,,
7452184046777486600,dalat2024,2026-05-15T07:32:38,1735096813,sea_thuan,147,"Kỉ Nịm Đà Lạt 2024❤️🫰🏿
#dalatstory #dalattrip ",,https://www.tiktok.com/@sea_thuan/video/7452184046777486600,17,0,0,323,,
7429571707322715438,dalat2024,2026-05-15T07:32:38,1729831971,tchaimy1809,42,🥰🥰🥰 #dalat #dalatvietnam #2024 #langculan #vietnam ,,https://www.tiktok.com/@tchaimy1809/video/7429571707322715438,15,0,6,990,,
7320381028290301230,dalat2024,2026-05-15T07:32:38,1704409054,kellytrinh79,28,#2024trip #DaLat #CapCut ,,https://www.tiktok.com/@kellytrinh79/video/7320381028290301230,8,0,0,494,,
7406951952224931103,dalat2024,2026-05-15T07:32:38,1724565410,hoanghoa3692,142,Đà Lạt 2024,,https://www.tiktok.com/@hoanghoa3692/video/7406951952224931103,4,0,0,187,,
7454184080297495816,dalat2024,2026-05-15T07:32:38,1735562481,phunggbtam,1051,DaLat2024!🤓 #xuhuong #capcut #dalat #biofreshfarm #2k7 ,,https://www.tiktok.com/@phunggbtam/video/7454184080297495816,31,0,4,1646,,
7363570666936814849,dalat2024,2026-05-15T07:32:38,1714464910,leehai_87dn,12000,"Lighting show- ĐALAT MUSIC FESTIVAL Day 2 29/4/2024
#dalat #dmf #dalatmusicfestival2024 #lightingshow #soundlighting #amthanhanhsang #ledwall #ledscreen #xuhuong #trend  #trendingvideo ",,https://www.tiktok.com/@leehai_87dn/video/7363570666936814849,2164,66,42,60200,,
7639254929143516437,dalat2024,2026-05-15T07:32:38,1778652650,kiuuuuu0303,71,Đà lạt ❤️ #dalat #xuhuong #trending #xaykenhtiktok2024 #xaykenhtiktok ,,https://www.tiktok.com/@kiuuuuu0303/video/7639254929143516437,67,14,39,813,,
7410066880221695233,dalat2024,2026-05-15T07:32:38,1725290652,nguyenphu22660,378200,Siêu cuốn cùng Quang Hùng MasterD #dalat #dalatmusicfestival2024 #quanghungmasterd #thuytrieu ,,https://www.tiktok.com/@nguyenphu22660/video/7410066880221695233,114600,1726,871,3100000,,
7407253434300157227,dalat2024,2026-05-15T07:32:38,1724635590,anhsjournal,80300,"Vlog Đà Lạt 2024. Mọi người cùng đi Đà Lạt chữa lành với mình nha 🤭🤭 đợt về Việt Nam đi Đà Lạt mà mãi tới nay có đăng video lên cho cả nhà xem nè 🙈🙈

#anhsjournal #dalat #vietnam #vlog #travel #traveltiktok #vietnamese #vietnamesefood #foryou #foryoupage #viral #trending #trend #xuhuong #xuhuongtiktok #dulich ",,https://www.tiktok.com/@anhsjournal/video/7407253434300157227,768,6,15,32700,,
7340328540187020587,dalat2024,2026-05-15T07:32:38,1709053434,goncom.dalat,1983,#thaiphienhoi #dalat #2024 ,,https://www.tiktok.com/@goncom.dalat/video/7340328540187020587,175,4,8,16400,,
7549937570201816342,dalat,2026-05-15T07:32:49,1757856829,two_peas_abroad,71500,"10 reasons Dalat is a must-visit! 👇

☕ Coffee farm 
🧗 Canyoning
 🛍️ Night market
🧑‍🦽 Mongo land
🏎️ Mario kart irl
🏚️ Crazy house
🍹 Maze bar
🥛 Try warm tofu
🥖 Try banh mi xiu mai
🌊 Waterfall hopping

Tap the “🔍 Find Video Info” button in our 
Link in Bio 🔗 for info about any of the tours we took in this video! 

What would you do first? 📍

.
.
.

#VietnamTravel #Dalat #TravelTips #CouplesTravel #VietnamAdventures ",,https://www.tiktok.com/@two_peas_abroad/video/7549937570201816342,937,856,23,60200,,
7585493536062082325,dalat,2026-05-15T07:32:49,1766135346,trahuongdaily,645,"Ngày 1 tại Đà Lạtt 💋💋 
#travel #dalat #dalatreview #trahuongvlog #vlog ",,https://www.tiktok.com/@trahuongdaily/video/7585493536062082325,13600,2057,159,354400,,
7633285988231417106,dalat,2026-05-15T07:32:49,1777262898,chillcungyang,313400,"Gợi ý cho các nàng thơ một chiếc cà phê với nhiều góc sống ảo siêu đẹp, lễ này đi Đà Lạt mà chưa biết đi quán cà phê nào vừa chill vừa xinh thì Trạm Mơ là một lựa chọn đáng trải nghiệm nha 🥰 #dalat #trammo #chillcungyang ",,https://www.tiktok.com/@chillcungyang/video/7633285988231417106,3221,1051,70,106300,,
7533214803892964615,dalat,2026-05-15T07:32:49,1753963255,dihetdalat,42900,,,https://www.tiktok.com/@dihetdalat/video/7533214803892964615,14600,5502,164,493900,,
7527988179593399559,dalat,2026-05-15T07:32:49,1752746337,sacotravel_vietnam,5644,"Lưu lại những điểm nên ghé khi tới ĐÀ LẠT nhé, tháng 7 Đà Lạt rất đẹp rồi. Xách ba lô và đi thôi nào #dalat #dalatreview #xuhuongtiktok ",,https://www.tiktok.com/@sacotravel_vietnam/video/7527988179593399559,234,137,2,5340,,
7506138683599260946,dalat,2026-05-15T07:32:49,1747659105,tiemanhbaprangbo,240400,Bạn ghé view này sau cơn mưa tháng 5 của Đà Lạt chưa...chill lắm đấy#tiemanhbaprangbo #quayclipchill #thefloresthoatrongrung #reviewdalat  ,,https://www.tiktok.com/@tiemanhbaprangbo/video/7506138683599260946,130900,31700,1203,2900000,,
7593738771779226900,dalat,2026-05-15T07:32:49,1768055096,wandinhneh,543,"Đà Lạt đầu 2026 part 2
#dalat #sunset #thanhphophiadong #vuongbinh ",,https://www.tiktok.com/@wandinhneh/video/7593738771779226900,47300,11900,264,583300,,
7248100121865473286,dalat,2026-05-15T07:32:49,1687579822,traanxngg,227500,Top 3 địa điểm check in hot nhất Dalat năm 2023 và những lưu ý trc khi đi cho ai cần🙈🤍 #dalat #dalatreview #checkinvietnam #dulichvietnam #learnontiktok #traveltiktok ,,https://www.tiktok.com/@traanxngg/video/7248100121865473286,23900,5403,553,991200,,
7630858763762666770,dalat,2026-05-15T07:32:49,1776697766,anduybaygio,1740,"Top những địa điểm nhất định phải trước tuổi 25 
#dalat #dulich #travel #diduybaygio",,https://www.tiktok.com/@anduybaygio/video/7630858763762666770,36600,19400,541,1100000,,
7590979517661940999,dalat,2026-05-15T07:32:49,1767412652,dao_duy_phuong,252000,Có ai lỡ hẹn với mùa hoa năm nay của Đà Lạt không ạ ( clip này cũ rồi hoa quán này hiện tại chưa nở nên ai đang có dự định thì mọi người tranh thủ nha ) #dalat #reviewcungmap #isbtalents #maianhdao ,,https://www.tiktok.com/@dao_duy_phuong/video/7590979517661940999,55400,23700,1526,2600000,,
7584709735153274113,dalat,2026-05-15T07:32:49,1765952868,min.du.mc,146700,Đà Lạt thức giấc bằng mùi hương của thông và ánh sáng của bình minh. Một khởi đầu không thể chill hơn. #dalat #sanmay #sanmaydalat #miendumuc,,https://www.tiktok.com/@min.du.mc/video/7584709735153274113,134800,48000,476,3100000,,
7456369026856504594,dalat,2026-05-15T07:32:49,1736071204,chillcungyang,313400,"Một chiếc cà phê mới toanh ngắm hoàng hôn siêu chill để tạm biệt một ngày vội vã, đón nhận bình yên trong từng ngụm cà phê và ánh hoàng hôn 🥰. #dalat #chillcungyang ",,https://www.tiktok.com/@chillcungyang/video/7456369026856504594,109800,28100,1657,3000000,,
7462981183102520594,dalat,2026-05-15T07:32:49,1737610717,chamdidaudo,30800,Tết này đi Đà Lạt nhớ lưu những địa điểm vui chơi này nha #dalat #chamdidaudo #dalattrip #dalatstory #dalatreview #coffee #dalatcoffee ,,https://www.tiktok.com/@chamdidaudo/video/7462981183102520594,16200,7967,169,844300,,
7501203500332797202,dalat,2026-05-15T07:32:49,1746510044,dalat_reels,15700,"“Có những buổi sáng, chỉ cần đứng giữa mây trời Đà Lạt là thấy lòng nhẹ nhõm.” #dalat #đàlạt #chill #sanmaydalat #hidalat🌲 #hidalatchill #yenbinh ",,https://www.tiktok.com/@dalat_reels/video/7501203500332797202,247300,43000,3963,4700000,,
7485929290580659463,dalat,2026-05-15T07:32:49,1742953741,lylychuu,981400,"Những nơi mình đã quay lại rất nhiều lần khi đi Đà Lạt, rất háo hức được chia sẻ cùng mọi người ✨🌷 Còn mng thì sao? Nơi nào ở Đà Lạt làm mng muốn đi mãi vậy kể mình nghe với nhé! #lylychuu #dalat ",,https://www.tiktok.com/@lylychuu/video/7485929290580659463,19300,2034,207,361000,,
7518960284199832840,dalat,2026-05-15T07:32:49,1750644368,lylychuu,981400,Series những quán cà phê mình có dịp ghé qua ở Đà Lạt theo yêu cầu của mng nèeee. #lylychuu #dalat ,,https://www.tiktok.com/@lylychuu/video/7518960284199832840,18200,2726,160,403700,,
7564625083436698888,dalat,2026-05-15T07:32:49,1761276534,du_lich_dalat,242400,Tour săn mây Đà Lạt#thodandalad#sanmay#toursanmaydalat#doichecaudat# ,,https://www.tiktok.com/@du_lich_dalat/video/7564625083436698888,28200,1699,303,354800,,
7608182381735972103,dalat,2026-05-15T07:32:49,1771418008,chamdidaudo,30800,Lần đầu đc đi giữa lòng thác #chamdidaudo #dalat ,,https://www.tiktok.com/@chamdidaudo/video/7608182381735972103,16100,8692,134,443100,,
7021818490617187611,banhmidalat,2026-05-15T07:32:56,1634894519,makeuptamle,973,Ghé thăm bánh mì Nga Đà Lạt 🥖 thèm quá 😣#banhmidalat #anvatdalat #dalat #dalattrip #anngondalat #foodydalat #dalatreview #amthucdalat,,https://www.tiktok.com/@makeuptamle/video/7021818490617187611,1480,75,22,81400,,
7436000173614009643,banhmidalat,2026-05-15T07:32:56,1731328720,minutemuncher,12600,"ladies and gentlemen, i think ive finally found it. The best banh mi xiu mai in da lat, and maybe all of vietnam #vietnam #vietfood #vietfoodie #vietnamesestreetfood #vietnamesemukbang #banhmi #banhmixiumai #banhmixiumaidalat #minutemuncher ",,https://www.tiktok.com/@minutemuncher/video/7436000173614009643,193,7,7,6559,,
7629196342413315358,banhmidalat,2026-05-15T07:32:56,1776310717,laurenvacula,4330,"#stitch with @DW Around The World | Traveler thank you for this rec- this was such a good vegan bahn mi find in Dalat, Vietnam! the bread was delicious and she had some crunchy mushrooms on it too. I routed to this place on Google Maps:

📍Tiem Com Tau  #dalat #vietnam #veganbahnmi #vietnamtravel ",,https://www.tiktok.com/@laurenvacula/video/7629196342413315358,8,1,4,258,,
7281695528184843525,banhmidalat,2026-05-15T07:32:56,1695401860,hey_viabritt,250,1 ate there like 5 times. ,,https://www.tiktok.com/@hey_viabritt/video/7281695528184843525,15,0,2,362,,
7507842610304699656,banhmidalat,2026-05-15T07:32:56,1748055832,linhtoursanmaydalat,12400,Bánh Mì BA ĐỜI ngon ngay trung tâm ĐÀ LẠT mà các bạn nên biết#linhlemlinh#dalat#banhmibadoi#banhmi#banhmithitnuong# ,,https://www.tiktok.com/@linhtoursanmaydalat/video/7507842610304699656,373,114,49,6728,,
7557905186564459783,banhmidalat,2026-05-15T07:32:56,1759711938,bomgamingdalat,53,"🥖 BÁNH MÌ & BÚN THỊT NƯỚNG SAU CỔNG ĐẠI HỌC ĐÀ LẠT 🏫
Giòn rụm – thơm lừng – topping đầy ụ luôn 😋
Chỉ từ 12k có bánh mì gà xé, 14k thịt nướng, 15k thập cẩm
và bún thịt nướng chỉ 20k thôi nha! 💥

Sinh viên Đại học Đà Lạt mà chưa ghé “Bánh Mì BOM” là thiếu sót đó nha 😍
📍Ngay sau cổng trường, ghé ăn thử liền đi nè!

💬 Comment “Đà Lạt” để tui chỉ chỗ cho nè!

#BanhMiDaLat #BunThitNuongDaLat #BanhMiBom #DaLatFood #DaLatUniversity         ",,https://www.tiktok.com/@bomgamingdalat/video/7557905186564459783,187,53,6,15200,,
7553486020033957128,banhmidalat,2026-05-15T07:32:56,1758683018,cafe_banhmidalat,766,"Trả lời @Tân chơi guitar 🎸 Bánh mì chả cá chiên nóng 15-20k tại Đà Lạt, em có bán app ạ#ansangdalat #dalatangi #banhmichacadalat #banhmidalat ",,https://www.tiktok.com/@cafe_banhmidalat/video/7553486020033957128,58,19,20,1608,,
7590658215998655765,banhmidalat,2026-05-15T07:32:56,1767337844,mememiura,334,"🇻🇳 Where to find Halal Food in Da Lat?

Have you ever tried the famous Vietnam bun “Bánh mì”?
If you are anywhere in Vietnam, please try their Bánh mì – either beef or chicken.

Make sure halal ya ✌️

	•	Bánh = Roti
	•	Mì = Gandum

Enjoy! 🇻🇳🙋🏻‍♀️ #Dalat #halalvietnam #banhmi #vietnam",,https://www.tiktok.com/@mememiura/video/7590658215998655765,70,14,6,2659,,
7455308994639547694,banhmidalat,2026-05-15T07:32:56,1735824415,minutemuncher,12600,vietnamese meatballs (bánh mì xíu mại) ftw!! A Da Lat must #vietnam #vietfood #vietfoodie #vietnamesefood #vietnamesestreetfood #whattoeatinvietnam #minutemuncher #vietstreetfood #vietnamesemeatballs #banhmixiumai #bánhmìxíumại ,,https://www.tiktok.com/@minutemuncher/video/7455308994639547694,1488,14,29,24100,,
7582229751675424020,banhmidalat,2026-05-15T07:32:56,1765375438,banhmihidalat,2150,"Cuối cùng cũng tối ưu được 1 công. Dậy sớm hơn 1 chút, ra sớm hơn chút. Trộm vía 1 mình vẫn okela #banhmihidalat  #dalat #reviewanngon #banhmithitnuong #Meme ",,https://www.tiktok.com/@banhmihidalat/video/7582229751675424020,836,49,91,52000,,
7442324031816224030,banhmidalat,2026-05-15T07:32:56,1732801136,minutemuncher,12600,bánh mì xịu mái for breakfast anyone? 😋 #vietnam #vietfood #vietfoodie #minutemuncher #vietnamesefood #whattoeatinvietnam #vietnamesestreetfood #vietstreetfood #banhmi #banhmixiumai ,,https://www.tiktok.com/@minutemuncher/video/7442324031816224030,70,3,6,1171,,
7248834229335837957,banhmidalat,2026-05-15T07:32:56,1687750744,banhmidalat,72,"Hên là mưa chưa cuốn trôi tủ bánh mì của tui ahihi 🤣🤣🤣
#xuhuong #xuhuong2023
#muadalat 🌧️ #capcut 
#banhmidalat #bunthitnuong
#bunchagio #xuhuongtiktok #fyp @Út nhỏ ",,https://www.tiktok.com/@banhmidalat/video/7248834229335837957,32,0,3,433,,
7532591429390978335,banhmidalat,2026-05-15T07:32:56,1753818129,dalatscafe,1126,"romanticizing life and this banh mi.🤭🤭

fresh-baked, house-made, and always worth the wait 🤤

#banhmi #banhmidacbiet #vietnamesesandwich #vietnamesestreetfood #dalatsbanhmiandboba #louisvilleeats #vietcafe #foodreel #reellife #romanticizeyourlife #bakerystyle #sandwichgoals #vietnamesefood",,https://www.tiktok.com/@dalatscafe/video/7532591429390978335,197,13,3,4318,,
7345600548818767137,banhmidalat,2026-05-15T07:32:56,1710280913,cheftybeh,161,The best Banh Mi in Dalat,,https://www.tiktok.com/@cheftybeh/video/7345600548818767137,12,0,0,60,,
7532843758124092679,banhmidalat,2026-05-15T07:32:56,1753876866,lethanhtuan4999,230400,"Bánh mì đặc biệt thơm bơ. 
#xuhuong #xuhuongtiktok #asmr #mukbang #viral #fyp #ancungtiktok #49lamdong #dalat #lethanhtuan #nhatkimanh #lauracoffee ",,https://www.tiktok.com/@lethanhtuan4999/video/7532843758124092679,60700,17900,1414,2500000,,
7308969069770722590,banhmidalat,2026-05-15T07:32:56,1701751981,lynio88,141,Xíu mại chén Đà Lạt #ancungtiktok #foryou #breakfast #banhmixiumai #vietnamesefood #dalatfood #leanontiktok #asiangirl ,,https://www.tiktok.com/@lynio88/video/7308969069770722590,20,0,1,562,,
7596720873000668423,banhmidalat,2026-05-15T07:32:56,1768749414,banhmihidalat,2150,Mai e sẽ làm clip cách chữa sốt khuấy bị nhão lúc sau nhé ạ #banhmi #banhmithitnuonghi #dalat #ansangdalat #khoinghiep ,,https://www.tiktok.com/@banhmihidalat/video/7596720873000668423,195,11,42,23100,,
7556950255678262550,banhmidalat,2026-05-15T07:32:56,1759489598,brin.pirathapan,56100,"Sally Season Ep. 14 🥖 Banh Mi Salad

Ingredients: 
* Stale bread - 150g
* Pork belly - 500g
* Soy sauce
* Fish sauce
* Garlic - 1 cloves
* Honey
* Carrots - 1
* Cucumber - 1
* Spring onion - 4
* Rice wine vinegar
* Limes - 2
* Coriander - 10g
* Red chilli - 1 
* Kewpie mayo
* Sriracha 

1. Preheat the oven to 200°C
2. Cut the stale bread into cubes. Add to a tray with a sprinkle of salt and a glug of olive oil. Mix well and place in the oven for 15-20 minutes.
3. Add 2 tbsp soy sauce, 1 tbsp honey, 2 tsp fish sauce and 1 grated cloves of garlic to a bowl and mix well. And the pork and massage then set aside. 
4. Place a pan on medium high heat with 1 tbsp oil. Add the pork belly slices. Turn when they get a bit of colour on one side. Once they’ve got a bit of colour on both sides, transfer to an oven proof dish, add any of the remaining marinating liquid into the tray and place in the oven for 15 minutes.
5. Cut one carrot and the cucumber into thin matchsticks. Finely slice 4 spring onions. Add all of them to a bowl along with 2 tbsp rice wine vinegar and the juice of 2 limes. Mix well and set aside.
6. Thinly slice one red chili and chop the coriander roughly and set aside ready to assemble the salad. 
7. Make the dressing by combining 1 tbsp kewpie mayo, 1 tbsp sriracha, 1 tbsp soy sauce, 2 tsp fish sauce and 1 tbsp olive oil. I also reduce any liquid left in the tray with the pork and add that to the dressing for even more flavour. 
8. Slice the pork into thin strips. Add it to the bowl with the carrots etc. along with the red chilli, coriander, croutons and half the dressing.
9. Mix everything together thoroughly then serve up. Finish with an extra drizzle of dressing

#salad #healthy #vietnam #banhmi ",,https://www.tiktok.com/@brin.pirathapan/video/7556950255678262550,1846,250,14,37200,,
7505366351192558866,banhmidalat,2026-05-15T07:32:56,1747479283,toanlevel.98,1315,Công thức bánh mì lạt #toanlevel #banhmi ,,https://www.tiktok.com/@toanlevel.98/video/7505366351192558866,36,4,10,3092,,
7612863956809501966,banhmidalat,2026-05-15T07:32:56,1772508038,kenmusebui,2608,Banh bo lot at its finest!! #banhbolot #viet #tamales #mexicanvietnamese ,,https://www.tiktok.com/@kenmusebui/video/7612863956809501966,9056,1221,152,76200,,
7443370316094557458,banhmidalat,2026-05-15T07:32:56,1733044710,lynavananh,213,"📍Tiệm mì Bò tại Đà Lạt -  Mì Bò XIII. Với Na thì ngon, bánh phô mai xúc sắc 🤤🤤#tiemmibophugia #mibodalat #tiemmidalat #dalatfood #mibo #fyp ",,https://www.tiktok.com/@lynavananh/video/7443370316094557458,2649,2097,136,196300,,
7629152417329794318,banhmidalat,2026-05-15T07:32:56,1776300497,rawbthegoat,4839,Replying to @alx_svt Huong Lan was an 8.9 btw I forgot to say it out loud 😘😅 sooooo good. #fypシ #trending #foodtok #eatwithme #banhmi ,,https://www.tiktok.com/@rawbthegoat/video/7629152417329794318,2345,421,204,35700,,
7555644858203966733,banhmidalat,2026-05-15T07:32:56,1759185687,ggsworldreview,951,Part3! Quoc Huong on Buford hwy was kinda mid… bad way to end. But glad I tried them all #fyp #foodreview #ggsworldreview #banhmi #atlanta ,,https://www.tiktok.com/@ggsworldreview/video/7555644858203966733,78,5,11,2424,,
7516129339704937736,banhmidalat,2026-05-15T07:32:56,1749985236,eatswithclaire,73100,"The first DRIVE THRU BANH MI is now open in Melbourne 🚗 

For $12 each, the banh mi’s here are soo filled and loaded — actually so generous with the ingredients 🤩  the meat is juicy and tender and veggies are very fresh 

📍@banhmivietnam_ (Maidstone)

— 

🏷️
ad #melbournefoodie #melbournefood #melbourneeats #melbourne #melbournebanhmi #banhmi #banhmimelbourne #vietnamese #vietnamesefood #vietfood ",,https://www.tiktok.com/@eatswithclaire/video/7516129339704937736,19700,10500,191,498500,,
7549611759930281229,banhmidalat,2026-05-15T07:32:56,1757780993,ifoodiejenn,571,"My favorite banh mi is only $5 😭🙏🥖 and everything you need to know ⬇️

I’m a traditional viet girlie so I’ve always loved Banh Mi Cha Lua (pork roll) with extra pate and veggies on side. You can order other banh mis that range from $5-7 depending on the protein.

✨ Pro Tips: 
1️⃣ Ask for extra pate in all your sandwiches.
2️⃣ Ask for veggies on side. You can then add however much pickled veggies, jalapeno, cilantro, or cucumbers you want - plus it doesn’t make the banh mi soggy especially when it’s only takeout.
3️⃣ Go before 10AM or after 1PM to avoid long lines or rush hour
4️⃣ If you want other foods besides banh mi, make sure to go before noon (more fresh and they sell out)

They have a variety of other Vietnamese foods there that are also on the low low - banh cuon, spring rolls, eggrolls, pandan waffles, che, Vietnamese coffee, and more. Whenever I miss home back in Orange County, I come here for my viet cravings 🥺❤️

📝 FYI this part of Oakland is pretty run down. There’s street parking and also a very small parking in the back. Never had problems though cause you’re in and out pretty quickly ❤️

📆 Fri-Sun 7:30AM-3PM

📍 Banh Mi Ba Le in Oakland, CA",,https://www.tiktok.com/@ifoodiejenn/video/7549611759930281229,7996,1433,114,73600,,
7523611303659818260,banhmidalat,2026-05-15T07:32:56,1751727270,rt.rt.cafe,6967,"BÁNH MÌ DA BEO , một trong những signature bên Rột Rột và ở Đà Nẵng mình chưa ai bán loại này nha 😚 #rotrotcafe #danang  #banhmidabeo ",,https://www.tiktok.com/@rt.rt.cafe/video/7523611303659818260,2929,1221,82,142800,,
7639734142191652110,banhmidalat,2026-05-15T07:32:56,1778764234,qvuyabi3063,12200,Adrien Broner vs. MarcosMaidana #boxing #boxing🥊 #knockout #boxingday #boxinghighlights,,https://www.tiktok.com/@qvuyabi3063/video/7639734142191652110,28,0,0,5052,,
7631707447182249247,banhmidalat,2026-05-15T07:32:56,1776895377,atlspoon,1733,"Doraville location NOW OPEN 🎉

Their hours are 9am to 7pm daily with Thursday closed! We love @banh_mi_135 in Duluth but now we have one closer 👏🏼 we love the OG dac biet but grilled pork was good too. Sandwich and drink combo for $9.95 is so reasonable👌🏼

📍5175 Buford Hwy NE, Doraville, GA 30340

↗️ follow for more fun spots + share with someone you want to go with!",,https://www.tiktok.com/@atlspoon/video/7631707447182249247,116,39,8,3407,,
7634784582742674695,banhmidalat,2026-05-15T07:32:56,1777611817,hoangmaii999,21600,Gấp luông mí chị ơiiii  😍 #BánhMiềnTây #63tiengiang #viralvideos #xuhuong #gòcông ,,https://www.tiktok.com/@hoangmaii999/video/7634784582742674695,57800,20700,641,1300000,,
7560063497850064129,banhmidalat,2026-05-15T07:32:56,1760214504,banhmidatviet58,114,1 ổ bánh mỳ thơm ngon giá chỉ 10k có tại 58 Trần thành ngọ ,,https://www.tiktok.com/@banhmidatviet58/video/7560063497850064129,15,0,0,219,,
7588515290154061078,datanla,2026-05-15T07:33:03,1766838907,two_peas_abroad,71500,"How to do this in Vietnam 🎢👇

📍Datanla, Dalat

You can book an Alpine Coaster ticket online like we did!

It was super fun and we got a Grab car from our hotel to get here 😊 you can also see a few waterfalls with a short hike in this area, highly recommend!

To see how we booked the tickets,
Tap the 🔍 Find Video Info button in our 
Link in Bio! 🔗

Would you try this? 😍✨

.
.
.

#Vietnam #vietnamtips #vietnamtrip #vietnamtour #dalat ",,https://www.tiktok.com/@two_peas_abroad/video/7588515290154061078,600,165,13,34700,,
7585025161540275476,datanla,2026-05-15T07:33:03,1766026305,macartneytravels,5283,"Datanla Falls Vietnam Da Lat 🇻🇳

Must visit! 👌

#datanla #viral #fyp #waterfalls #vietnam ",,https://www.tiktok.com/@macartneytravels/video/7585025161540275476,75,36,6,7292,,
7560329889459506453,datanla,2026-05-15T07:33:03,1760276478,klook_vietnam,92500,Những lưu ý trước khi chơi xe trượt thác Datanla tại Đà Lạt cho các bạn chuẩn bị đi chơi nè #datanla #thacdatanladatlat #xetruotthacdatanla #dalat #dalatreview #fypシ #xuhuong #dalatchoigi,,https://www.tiktok.com/@klook_vietnam/video/7560329889459506453,5212,3271,53,250600,,
7280907793110928641,datanla,2026-05-15T07:33:03,1695218452,huyvaloan,148,#datanla #datanladalat #truotthacdatanladalat #xuhuong ,,https://www.tiktok.com/@huyvaloan/video/7280907793110928641,9080,6164,321,946200,,
7639633466505596180,datanla,2026-05-15T07:33:03,1778740785,nhanphepha,111100,Xe trượt ở thác Datanla #dalat #nhanphepha #datanladalat ,,https://www.tiktok.com/@nhanphepha/video/7639633466505596180,59,12,7,3593,,
7599665700864593170,datanla,2026-05-15T07:33:03,1769435061,_thanhhh__,6499,,,https://www.tiktok.com/@_thanhhh__/video/7599665700864593170,53400,29100,519,2200000,,
7542860477358034198,datanla,2026-05-15T07:33:03,1756209066,dwaroundtheworld,216300,"this was at 9am in the morning at datanla in da lat, vietnam and it’ll only get busier as the day goes on. 

but it is good fun. just on my way back up the hill to leave i saw people going so so slow",,https://www.tiktok.com/@dwaroundtheworld/video/7542860477358034198,157,27,11,10000,,
7093846608726592795,datanla,2026-05-15T07:33:03,1651664872,bemohaycuoi24,34400,Ai bảo Đà Lạt đi 2 ngày là hết chỗ check in xin mời đến Datanla - Hành trình trên cao để bật chế độ hét lên 😂 #travel #dalat #datanla #dulich #fyp,,https://www.tiktok.com/@bemohaycuoi24/video/7093846608726592795,24400,3313,815,649500,,
7544732837124033814,datanla,2026-05-15T07:33:03,1756645007,two_peas_abroad,71500,"Every thrill-seekers dream! 😍🌿👇

📍Datanla

Dalat’s Alpine Coaster is 2.4km of gorgeous mountain views. 🌲✨

You can book an Alpine Coaster ticket online 🎢, click the 
“🔍 Find Video Info” button in our Link in Bio! 🔗

Would you try this? 😍✨

.
.
.

#VietnamTravel #Dalat #TravelTips #CouplesTravel #Vietnam ",,https://www.tiktok.com/@two_peas_abroad/video/7544732837124033814,3051,1241,30,141700,,
7561071756409130258,datanla,2026-05-15T07:33:03,1760449207,cochangreview_,1177,"Bà nào đã từng trượt thác Datanla đâu dô hết đây 🤣
#dalat #travel #datanladalat #xuhuong #fypシ゚ ",,https://www.tiktok.com/@cochangreview_/video/7561071756409130258,6177,2485,321,344600,,
7236723617160121602,datanla,2026-05-15T07:33:03,1684931099,spotly.asia,25000,"Khám phá 5 trải nghiệm siêu hấp dẫn tại khu du lịch thác Datanla ở Đà Lạt cùng #raondilonton ngay nè ^^
#dalat #datanlavietnam #datanladalat #xh #fyp",,https://www.tiktok.com/@spotly.asia/video/7236723617160121602,944,1164,35,169400,,
7630701168032779538,datanla,2026-05-15T07:33:03,1776661076,linhtinh_109,245,"chữa lành hẹ hẹ
#datanladalat #datanla #dulich #trend #travel ",,https://www.tiktok.com/@linhtinh_109/video/7630701168032779538,2618,473,40,128700,,
7631844571055410439,datanla,2026-05-15T07:33:03,1777118400,datanlawaterfall,25600,"Rủ đám bạn qua Datanla test tình bạn nào 😎
#dalat #dalattrip #datanla #dalattourist #HighRopeCourse",,https://www.tiktok.com/@datanlawaterfall/video/7631844571055410439,109,44,2,10400,,
7379442440115113224,datanla,2026-05-15T07:33:03,1718337900,datanlawaterfall,25600,Hè này cùng đến Thác Datanla để chơi thỏa thích các trò chơi mạo hiểm giữa rừng thông Đà Lạt nào! #datanla #dalat #dalattourist #shorts,,https://www.tiktok.com/@datanlawaterfall/video/7379442440115113224,20800,3687,303,968600,,
7296677504515919111,datanla,2026-05-15T07:33:03,1698897600,datanlawaterfall,25600,"Hành trình Zipline 1500m tại Đà Lạt cho mấy ní chưa biết nè. Rất đáng để thử nha 😎
#zipline #dalat #datanladalat #dalattourist #adventure #alpinecoaster",,https://www.tiktok.com/@datanlawaterfall/video/7296677504515919111,21700,9696,627,1300000,,
7528323798060272914,datanla,2026-05-15T07:33:03,1752824481,317945220u,1555,Khám Phá Thác Datanla- Đà Lạt #xuhuong #dalatreview #thacdatanla ,,https://www.tiktok.com/@317945220u/video/7528323798060272914,14,3,2,322,,
7639637069702106389,datanla,2026-05-15T07:33:03,1778760000,datanlawaterfall,25600,"🌿 Hè này, rủ ngay hội bạn thân lên Đà Lạt vận động xíu nào 😎
#dalat #dalattrip #dalattourist #datanla #HighRopeCourse",,https://www.tiktok.com/@datanlawaterfall/video/7639637069702106389,18,1,1,1108,,
6901947308540185857,datanla,2026-05-15T07:33:03,1606984837,xunieee080396,6803,Đi Đà Lạt phải ghé thác Datanla trượt máng nha mọi người 😍😍 Vé 170k 1 người trượt bao zui lun 😂 #dalat #datanla #reviewdalat,,https://www.tiktok.com/@xunieee080396/video/6901947308540185857,2211,213,79,171300,,
7558449624244129031,datanla,2026-05-15T07:33:03,1759838695,atiqahumirah_,695,"1500m zipline unlocked ✨ 
📍Datanla Adventure Activities
#dalat #vietnam #zipline ",,https://www.tiktok.com/@atiqahumirah_/video/7558449624244129031,20900,5192,384,294600,,
7539785749835648311,datanla,2026-05-15T07:33:03,1755493213,iammanie,15500,"13x6 deep wave 28 in frm @Datanala Hair Office @Datanala Hair Shop 
#wiginstall #deepwave #deepwavehair #installwig #tiktokshopbacktoschool ",,https://www.tiktok.com/@iammanie/video/7539785749835648311,55,3,4,5015,,
7157402703180696875,datanla,2026-05-15T07:33:03,1666462692,hieuhefner,880,"📍Datanla New Alpine Coaster in Dalat, Vietnam",,https://www.tiktok.com/@hieuhefner/video/7157402703180696875,100,21,4,2851,,
7545457500783480085,datanla,2026-05-15T07:33:03,1756813734,stepmaln,9096,Datanla New Alpine Coaster Vietnam 🇻🇳 #rollercoaster #vietnam ,,https://www.tiktok.com/@stepmaln/video/7545457500783480085,414,3,11,10800,,
7522334144098077968,datanla,2026-05-15T07:33:03,1751429915,shushi17022022,10700,"thác datanla mùa mưa nước đục
#datanla 
#thacdatanla",,https://www.tiktok.com/@shushi17022022/video/7522334144098077968,1136,88,85,10800,,
7627522309913349394,datanla,2026-05-15T07:33:03,1775920932,mh21.911_,192,quá đã đi 🫩 #đàlạt #thácdatanla ,,https://www.tiktok.com/@mh21.911_/video/7627522309913349394,2263,1734,45,279600,,
7557903423677533471,datanla,2026-05-15T07:33:03,1759711535,boi_boi9999,911,Fun time at Datanla Waterfall in Đà Lạt with @Binsalem9999 I’m ready to go back whenever you are❣️❣️#BấtHối #MissingYou💔 #NMT #simplejoy #hpdongianvaythoi❤🙆‍♀️,,https://www.tiktok.com/@boi_boi9999/video/7557903423677533471,22,1,3,240,,
7137269391871266075,datanla,2026-05-15T07:33:03,1661775031,vi98vi24,40,lần đầu trải nghiệm trượt máng Datanla ở Đà Lạt với @hatn21 #voiceeffects,,https://www.tiktok.com/@vi98vi24/video/7137269391871266075,18,15,0,2785,,
7639617335531162888,datanla,2026-05-15T07:33:03,1778737026,nangthocfamily,1003,#Thác #Datanla,,https://www.tiktok.com/@nangthocfamily/video/7639617335531162888,13,0,0,125,,
7468691106100776200,datanla,2026-05-15T07:33:03,1738940162,nhandian,789600,"Trải nghiệm trượt xe, đu zipline và hành trình mạo hiểm trên cao ở khu du lịch thác Datanla 😆 #dalat #zipline #nhandian #travel #dulich #dalattrip #trending #xuhuong #fyp",,https://www.tiktok.com/@nhandian/video/7468691106100776200,10600,3011,179,361100,,
7530341255092505863,datanla,2026-05-15T07:33:03,1753294207,users8n577ps8m,919,khu du lịch thác datanla# دالات # فيتنام # مكان ترفيهي يستحق الزياره فيه كثير من الانشطه كالزحليقه الصيفيه والتسلق والانزلاق وتختلف الانشطه في داخلها  سعر الدخول بدون انشطه قرابه ١٢ ريال سعودي ,,https://www.tiktok.com/@users8n577ps8m/video/7530341255092505863,7,1,0,311,,
7433598646714748177,khamphadalat2024,2026-05-15T07:33:12,1730769586,quanthedulichpini,0,"🌟 LIMI WORLD 🌟 – Thiên đường vui chơi tuyệt vời cho các bé tại Pi Ni Đà Lạt! 🎡
Đến LIMI WORLD, các bé sẽ được thỏa sức khám phá thế giới trò chơi đầy màu sắc với vô vàn hoạt động lý thú và sáng tạo. Đây không chỉ là nơi vui chơi mà còn giúp các bé phát triển kỹ năng và khám phá bản thân qua từng trò chơi hấp dẫn! 🎨🎠
👨‍👩‍👧‍👦 Hãy đến Pi Ni và mang lại cho bé những kỷ niệm đáng nhớ tại LIMI WORLD – nơi bé thỏa sức vui chơi và học hỏi! 🌈💖
-------------------------------
💞𝓠𝓾𝓪̂̀𝓷 𝓣𝓱𝓮̂̉ 𝓚𝓱𝓾 𝓓𝓾 𝓛𝓲̣𝓬𝓱 𝓟𝓲 𝓝𝓲 Đ𝓪̀ 𝓛𝓪̣𝓽💞
𝐴𝑑𝑑: thôn Đạ Nghịt, xã Lát, huyện Lạc Dương, tỉnh Lâm Đồng
𝐻𝑜𝑡𝑙𝑖𝑛𝑒: 02633 733888
#KDLPiNi #DulichDaLat #khamphadalat #xh #xuhuong2024tiktok❤️🌈✔️ #xuhuong2024 #dulich #dulichdalat2024 #xuhuong2024❤️ #DaLat #baby #playstation #kids #playground",,https://www.tiktok.com/@quanthedulichpini/video/7433598646714748177,20,0,1,1441,,
7638197093718297863,khamphadalat2024,2026-05-15T07:33:12,1778406350,trending.rabbit,0,Khamzat Chimaev post fight interview press conference after Chimaev loses to Sean Strickland in UFC 328,,https://www.tiktok.com/@trending.rabbit/video/7638197093718297863,1145,557,51,60700,,
7508478860120575278,khamphadalat2024,2026-05-15T07:33:12,1748204010,sengkham2024,0,"She the main 
:
:
@mariam
@Isaac 
.
.
.
#DanceChallenge #fypシ #fyppppppppppppppppppppppp #ViralDance #TikTokDance #DanceTrend #ForYou #TrendingNow #mustwatch #ViralVibes #fyp ",,https://www.tiktok.com/@sengkham2024/video/7508478860120575278,45,5,4,613,,
7638018013085682966,khamphadalat2024,2026-05-15T07:33:12,1778364657,shvw.17,0,UFC Edit Sean Strickland is mentally broken Borzz Chimaev🐺 #typ #viral #khamzatchimaev #ufc #borz ,,https://www.tiktok.com/@shvw.17/video/7638018013085682966,525,37,25,8408,,
7638142019847687445,khamphadalat2024,2026-05-15T07:33:12,1778393529,1champufc,0,"There's nothing to explain, 15-1 😩#ufc #mma #khamzatchimaev #loss #seanstrickland ",,https://www.tiktok.com/@1champufc/video/7638142019847687445,1883,191,59,46800,,
7484110723451260181,khamphadalat2024,2026-05-15T07:33:12,1742530329,kham92364195,0,#วันนี้ในอดีต ,,https://www.tiktok.com/@kham92364195/video/7484110723451260181,12,0,0,215,,
7637247851021471009,khamphadalat2024,2026-05-15T07:33:12,1778185336,eati.sleepi.traini,0,"Top 5 khamzat fight opener!
#khamzat #khamzatchimaev #ufc #mma #moments ",,https://www.tiktok.com/@eati.sleepi.traini/video/7637247851021471009,1266,222,18,94200,,
7638124972984093982,khamphadalat2024,2026-05-15T07:33:12,1778389574,ibgthewaffler,0,Good luck to Khamzat #khamzat #ufc328 #funny #mma ,,https://www.tiktok.com/@ibgthewaffler/video/7638124972984093982,103000,26100,658,965300,,
7627410614415248661,khamphadalat2024,2026-05-15T07:33:12,1775894936,shahzadsaim8,0,#onthisday,,https://www.tiktok.com/@shahzadsaim8/video/7627410614415248661,50,0,11,388,,
7611984065939508511,khamphadalat2024,2026-05-15T07:33:12,1772303173,andwerefreetoroam,0,happykhampday#fyp ,,https://www.tiktok.com/@andwerefreetoroam/video/7611984065939508511,35,0,1,639,,
7572000791653879060,khamphadalat2024,2026-05-15T07:33:12,1762993831,kwantasomchuesath,0,#วันนี้ในอดีต ,,https://www.tiktok.com/@kwantasomchuesath/video/7572000791653879060,176,0,18,379,,
7419930337733659912,khamphadalat2024,2026-05-15T07:33:12,1727587161,huythuc101,0,"Trái đất sẽ có ""Mặt trăng thứ 2"" vào ngày 29/9/2024. Nó có tên là 2024 PT5. Nhưng liệu 2024 PT5 có so sánh được với Mặt trăng hiện tại? #thienvan #thienvanhoc #vutru #khamphavutru #kinhthienvan #huythuc",,https://www.tiktok.com/@huythuc101/video/7419930337733659912,573,28,12,34300,,
7470546705872669960,khamphadalat2024,2026-05-15T07:33:12,1739372200,khammal82,0,#วันนี้ในอดีต ,,https://www.tiktok.com/@khammal82/video/7470546705872669960,2,0,0,112,,
7498583679401250066,khamphadalat2024,2026-05-15T07:33:12,1745900069,ladla___beta,0,#onthisday,,https://www.tiktok.com/@ladla___beta/video/7498583679401250066,48,0,10,221,,
7579104161388563733,khamphadalat2024,2026-05-15T07:33:12,1764647704,khunkhamleng,0,#onthisday ,,https://www.tiktok.com/@khunkhamleng/video/7579104161388563733,5,0,0,75,,
7636589289035320606,khamphadalat2024,2026-05-15T07:33:12,1778032012,thanhkwt09v,0,Cơn Bão Sấm Sét Kỳ Quái Tại Giếng Khóa Rồng 2024 #khamphathegioi #khampha #khamphabian #tamlinh #tamlinhhuyenbi #xh,,https://www.tiktok.com/@thanhkwt09v/video/7636589289035320606,46,1,0,2525,,
7595227924387712312,khamphadalat2024,2026-05-15T07:33:12,1768401812,venom_edits077,0,Smash Everybody🐺 #ufc #ufcfightpass #ufcedit #fypシ #khamzatchimaev ,,https://www.tiktok.com/@venom_edits077/video/7595227924387712312,48800,2568,485,417800,,
7638432057764433172,khamphadalat2024,2026-05-15T07:33:12,1778461066,kambulat_1,0,"выложи любое видео под звук.
сделай вклад в моё развитие🤍 #kambulat ",,https://www.tiktok.com/@kambulat_1/video/7638432057764433172,1165,9,11,11900,,
7494201861629693191,khamphadalat2024,2026-05-15T07:33:12,1744879850,javedashrafrai,0,#onthisday #kharalandamunda #viralvideo #unitedkingdom ,,https://www.tiktok.com/@javedashrafrai/video/7494201861629693191,47,0,4,817,,
7453767412782091525,khamphadalat2024,2026-05-15T07:33:12,1735465474,om_kun26,0,Momen Pegang tangan Natal 25 Desember 2024 #om_kum #lekdayman #tepapride🏝🔥 #fypシ #babarhits #tepahits ,,https://www.tiktok.com/@om_kun26/video/7453767412782091525,226,9,15,7413,,
7623276366250708245,khamphadalat2024,2026-05-15T07:33:12,1774932352,aqwhegg,0,#...... ....,,https://www.tiktok.com/@aqwhegg/video/7623276366250708245,246,127,18,6193,,
7638683752188644615,khamphadalat2024,2026-05-15T07:33:12,1778519663,jessibarbossa,0,Kim Shantal y Lalo planearon todo lo que pasó en la Mansión VIP #kimshantal #almasgemelas #compatibilidad ,,https://www.tiktok.com/@jessibarbossa/video/7638683752188644615,32400,259,42,894200,,
7428059924279741726,khamphadalat2024,2026-05-15T07:33:12,1729479996,mkham215,0,2024 steelhead trip,,https://www.tiktok.com/@mkham215/video/7428059924279741726,37,2,1,934,,
7625356187180993812,khamphadalat2024,2026-05-15T07:33:12,1775416598,fahadpathan381,0,#yezab group#✌️✌️✌️#full sa port#🥰🥰🥰✌️#,,https://www.tiktok.com/@fahadpathan381/video/7625356187180993812,231,41,52,5691,,
7526800145946594568,khamphadalat2024,2026-05-15T07:33:12,1752469727,mashall043,0,#onthisday,,https://www.tiktok.com/@mashall043/video/7526800145946594568,5,0,0,125,,
7614285517852642574,khamphadalat2024,2026-05-15T07:33:12,1772839038,machu.pikchu5,0,,,https://www.tiktok.com/@machu.pikchu5/video/7614285517852642574,8,16,2,1519,,
7467045313346309382,khamphadalat2024,2026-05-15T07:33:12,1738556973,____.prizrak.____,0,#ВэтотДень,,https://www.tiktok.com/@____.prizrak.____/video/7467045313346309382,73,0,1,423,,
7531141521802841357,khamphadalat2024,2026-05-15T07:33:12,1753480568,hassan.haidarian,0,United States#,,https://www.tiktok.com/@hassan.haidarian/video/7531141521802841357,38,1,3,300,,
7638684379807616278,khamphadalat2024,2026-05-15T07:33:12,1778519808,umekhan.313,0,#pakistan #zindabad ,,https://www.tiktok.com/@umekhan.313/video/7638684379807616278,1,0,0,6,,
7628451179101457682,khamphadalat2024,2026-05-15T07:33:12,1776137206,xetridon12,0,,,https://www.tiktok.com/@xetridon12/video/7628451179101457682,2104,78,18,21000,,
7633390937531534612,cafeviewdalat,2026-05-15T07:33:24,1777287330,nhanphepha,111100,Quán cafe view ngắm hoàng hôn và toàn cảnh tp Đà Lạt từ trên cao 😎😎 #dalat #nhanphepha #cafeviewdep #cafedalatchill #cafehoanghon ,,https://www.tiktok.com/@nhanphepha/video/7633390937531534612,729,473,26,41400,,
7598178051813444872,cafeviewdalat,2026-05-15T07:33:24,1769088691,ama.vietnam.blog,9858,"📍 Address: Đường Lâm Văn Thạnh, Phường 11, Đà Lạt, Lâm Đồng, Vietnam – Miền Du Mục.

Coffee shops in Vietnam just hit different ☕✨

It’s not only about the coffee here, but also the beautiful design and unique concept.

If you love sipping a great cup of coffee while soaking in dreamy cloud views and nature vibes, this place is a must-visit! 😃

#vietnamcafe #vietnamcoffeeshop #vietnamesecoffeeshop #vietnamesecoffee #fyp ",,https://www.tiktok.com/@ama.vietnam.blog/video/7598178051813444872,101800,32700,607,1000000,,
7475687967948967176,cafeviewdalat,2026-05-15T07:33:24,1740569244,hifasne,214500,"Quán cafe tựa bước ra từ cổ tích cực đẹp, thiệt là chỗ nào ngồi cũng có hình đẹp luônnn 

#cafe #coffee #xuhuong #trending #learnontiktok #dalat #dalatcafe #dalatcoffee ",,https://www.tiktok.com/@hifasne/video/7475687967948967176,17600,11800,371,1200000,,
7558350703731772690,cafeviewdalat,2026-05-15T07:33:24,1759815665,ikrxmzzz_,4531,Da Lat’s café that feels unreal 😱. #fyp #travel #cafedalat #vietnam #dalat ,,https://www.tiktok.com/@ikrxmzzz_/video/7558350703731772690,6332,1878,67,128800,,
7509087907039218951,cafeviewdalat,2026-05-15T07:33:24,1748345775,tiemcaphenhabenrung,216200,"Buổi sáng sớm ở Thênh Thang như lạc vào cổ tích..
#dalat #reviewdalat #thenhthang #tiemcaphethengthang #cafethenhthang #thenhthangcoffee #caphethenhthang #caphedalat #QuánCafeViewĐẹp #chill #binhyen #binhminh #caphedep ",,https://www.tiktok.com/@tiemcaphenhabenrung/video/7509087907039218951,27200,4339,475,695100,,
7379832340685573394,cafeviewdalat,2026-05-15T07:33:24,1718251119,dichoicunghuy,206400,Quán cafe có view Thuỵ Sĩ hót rần rần Đà Lạt bữa giờ. #cafe #reviewcafe #dalattrip #dulichdalat ,,https://www.tiktok.com/@dichoicunghuy/video/7379832340685573394,16500,6951,354,704300,,
7501653948302937352,cafeviewdalat,2026-05-15T07:33:24,1746614921,tiemcaphenhabenrung,216200,"Ngôi nhà gỗ mộng mơ cho các bạn đây.. 
#dalat #reviewdalat #thenhthang #tiemcaphethengthang #cafethenhthang #thenhthangcoffee #caphethenhthang #QuánCafeViewĐẹp #chill #binhyen #hoanghon #caphedalat ",,https://www.tiktok.com/@tiemcaphenhabenrung/video/7501653948302937352,8043,2088,185,353400,,
7358722304156683527,cafeviewdalat,2026-05-15T07:33:24,1713336057,dichoimoingay,222000,Quán cafe ngắm hoàng hôn không thể bỏ lỡ ở Đà Lạt☕️🤍 #cafe #dalat #dalattrip #dichoimoingay #reviewcafe ,,https://www.tiktok.com/@dichoimoingay/video/7358722304156683527,26300,9731,322,1600000,,
7451546198621703432,cafeviewdalat,2026-05-15T07:33:24,1734948302,seherfaizullabhoy,6430,Wish we’d booked a christmas dinner here 🥲🎄🧑‍🎄 #dalat #dalatvietnam #vietnamtravel #vietnamfood #dalatfood ,,https://www.tiktok.com/@seherfaizullabhoy/video/7451546198621703432,10700,1936,75,196700,,
7523077765306895646,cafeviewdalat,2026-05-15T07:33:24,1751603063,ericgoesto,1838,"The best café in Da Lat, Vietnam 🇻🇳 is a MUST visit!

 📍Miền Du Mục
The entrance fee is 100,000 vietnamese dong ($3.80USD) and it comes with a coffee/drink of your choice. Its perfect for Instagram pictures 📸.

Don't forget to wear your best outfit ✨️ 

See you in Vietnam 😉

#MiềnDuMục #vietnamcafe #dalat #cafedalat #dalatvietnam #vietnamtravel #vietnamtrip  #vietnamese ",,https://www.tiktok.com/@ericgoesto/video/7523077765306895646,2038,1406,37,113000,,
7621207932553809172,cafeviewdalat,2026-05-15T07:33:24,1774450757,katezhkova,143,"📍A little Japon in Vietnam 🇻🇳

#dalat #dalatreview #dalattrip #dalatvietnam #dalatcoffee ",,https://www.tiktok.com/@katezhkova/video/7621207932553809172,19300,4702,82,302200,,
7464246800178810120,cafeviewdalat,2026-05-15T07:33:24,1737905392,hifasne,214500,Thành công săn được mây sau n lần đi Đà Lạt :)) #cafe #coffee #dalat #tet #tet2025 #xuhuong #trending ,,https://www.tiktok.com/@hifasne/video/7464246800178810120,25000,13400,308,959300,,
7382965107824905489,cafeviewdalat,2026-05-15T07:33:24,1718980525,hau.dalat,3763,Một quán cafe mới toanh tại đà lạt với một chiếc view về đêm thật đẹp #đàlạt #tramkyuc #tramkyucdalat #reviewdalat  ,,https://www.tiktok.com/@hau.dalat/video/7382965107824905489,491,511,26,148700,,
7493504577296223496,cafeviewdalat,2026-05-15T07:33:24,1744717497,tiemcaphenhabenrung,216200,"Một buổi chiều mộng mơ trong màn sương trắng..
#dalat #reviewdalat #nhabenrung #cafenhabenrung #nhabenrungcoffee #caphenhabenrung #nhabenrungcaphe #QuánCafeViewĐẹp #binhyen #chill #caphedalat #homebenrung #homestaydalat #hoanghon ",,https://www.tiktok.com/@tiemcaphenhabenrung/video/7493504577296223496,258700,30500,1730,1600000,,
7503137630016539912,cafeviewdalat,2026-05-15T07:33:24,1746960368,tiemcaphenhabenrung,216200,"Mưa chill cùng các bạn cún đáng yêu..
#dalat #reviewdalat #nhabenrung #cafenhabenrung #nhabenrungcoffee #caphenhabenrung #nhabenrungcaphe #QuánCafeViewĐẹp #chill #binhyen #mua #homestaydalat #homebenrung ",,https://www.tiktok.com/@tiemcaphenhabenrung/video/7503137630016539912,2946,576,55,148900,,
7584324693260324116,cafeviewdalat,2026-05-15T07:33:24,1765863208,thictungtang,672,"À, săn được tháp Vinaphone sáng đèn hay không là nhân phẩm nha!
Tôi xin miễn trừ trách nhiệm. #dalat #cafe #chonbinhyen ",,https://www.tiktok.com/@thictungtang/video/7584324693260324116,1127,870,22,125500,,
7376464212798852370,cafeviewdalat,2026-05-15T07:33:24,1717466917,tiemcaphebinhminhoidalat,216000,"Căn nhà gỗ của Tiệm, căn nhà ấm áp lúc nào cũng có nhạc nhẹ và ánh đèn vàng. Ở trong nhà yên tĩnh hơn, bạn có thể ngồi làm việc, đọc sách, hay đơn giản là chỉ ngồi im chuyện trò với nhau. Góc nào cũng được, miễn bạn thấy thoải mái thì đó là vị trí đẹp nhất rồi - “Tiệm Cà Phê Bình Minh Ơi Đà Lạt ❤️”#binhminhoidalat #girls #quancaphedalatviewdep #tiemcaphebinhminhoi #xuhuong ",,https://www.tiktok.com/@tiemcaphebinhminhoidalat/video/7376464212798852370,334,174,7,78100,,
7489681547797269815,cafeviewdalat,2026-05-15T07:33:24,1743827384,huongnoilamphim,106100,Chạy 300 km chỉ để thấy cảnh này 😱#suoibinhyen #dalat #cafedalat #reviewdalat #dalatreview #dalattrip #xuhuong #huongnoilamphim ,,https://www.tiktok.com/@huongnoilamphim/video/7489681547797269815,7574,2894,192,374600,,
7588020168245169429,cafeviewdalat,2026-05-15T07:33:24,1766723631,ghiendalat_official,263200,Lưu ngay 4 tiệm cà phê ngắm hoàng hôn xink iu ở Đà Lạt nè mấy bà @Thổ Địa Đà Lạt #ghiendalat #thodiadalat #dalat #fyp ,,https://www.tiktok.com/@ghiendalat_official/video/7588020168245169429,2334,1187,26,501600,,
7609314328109501716,cafeviewdalat,2026-05-15T07:33:24,1771681561,nhat.le.trs,1057,"Quán Coffe view hồ Tuyền Lâm đẹp nhất Đà Lạt 🥰🥰
#dalat ; #dulichdalat ; #viewtrieudo 
#hotuyenlam ; #happyhilldalat ",,https://www.tiktok.com/@nhat.le.trs/video/7609314328109501716,4682,1592,233,279900,,
7387617478555258120,cafeviewdalat,2026-05-15T07:33:24,1720063737,duocroidithoi.sg,76700,"Cafe tone đen style Thái Lan lên hình cực ấn tượng. Quán 1/2 Circle Coffee✨

#duocroidithoisg #cafedalat #cafe #cafesongao #dalat #xuhuong #cafetiktok ",,https://www.tiktok.com/@duocroidithoi.sg/video/7387617478555258120,5520,6814,143,536300,,
7429507516775533832,cafeviewdalat,2026-05-15T07:33:24,1729817027,108homnaocaphe,56900,"Đà Lạt, một ngày nhiều nắng vàng!!!

#Dalat #Quancaphe #dulichdalat #tiemcaphetayho #Tayho #dulichdalat #xuhuongtiktok #viewdep #Hoanghon ",,https://www.tiktok.com/@108homnaocaphe/video/7429507516775533832,49000,29500,1285,2100000,,
7528747871147953415,cafeviewdalat,2026-05-15T07:33:24,1752923216,tiemcaphedocthi,92700,Sau chiều hoàng hôn sẽ là khung cảnh lung linh huyền ảo này 🥰🥰 #dalat #docthidalat ##cafedalat##chill,,https://www.tiktok.com/@tiemcaphedocthi/video/7528747871147953415,2051,1572,57,226900,,
7348046582090140929,cafeviewdalat,2026-05-15T07:33:24,1710850423,giodalatthecoffee,8830,Quán cafe view đồi nằm ngay trung tâm dành cho team lười đi xa khi đến Đà Lạt nè #dalat #reviewdalat #giodalatthecoffee #cafedalat #chill #binhyen ,,https://www.tiktok.com/@giodalatthecoffee/video/7348046582090140929,633,443,19,95600,,
7484249527529082120,cafeviewdalat,2026-05-15T07:33:24,1742562639,tiemnuongxomleo,16300,Đặt bàn ngay hôm nay để có bàn view ngồi ngắm nhà lồng nha #dalat #dalatreview #chill #sunset #xomleo #tiemcafexomleo #tiemnuongxomleo #dalatangi #tiemnuongviewdep #nhalong #cafedalat #fyp ,,https://www.tiktok.com/@tiemnuongxomleo/video/7484249527529082120,3822,3528,342,452200,,
7519855917274254599,cafeviewdalat,2026-05-15T07:33:24,1750852897,ghiendalat_official,263200,Mấy bà xem hết clip coi Newlight có gì thú vị nha🤩 @Thổ Địa Đà Lạt #ghiendalat #thodiadalat #dalat #fyp #newlight ,,https://www.tiktok.com/@ghiendalat_official/video/7519855917274254599,4208,2179,101,268700,,
7591076936839892245,camdalat,2026-05-15T07:33:28,1767435337,ngoc.thanh0217,302700,"Đà lạt ở Xuyên Mộc Bà Tô
#iphone #16promax #iphone16promax #dalat #portraitphotography ",,https://www.tiktok.com/@ngoc.thanh0217/video/7591076936839892245,305500,35700,1147,14300000,,
7590671504824749332,camdalat,2026-05-15T07:33:28,1767340945,lcd_dalat,2681,"""Khi cuộc đời cho bạn quả Quýt nhưng mình thì chọn quả Cam 🍊"" 😆😆
Chị Thảo lên Đà Lạt chơi. Nên 2 chị em mình sẽ dẫn đi vườn cam canh ở K'long K'lanh tham quan và hái ít về làm quà. Tuy ở xứ lạnh nhưng cam vẫn rất ngọt và ngon luôn 🤤🤤😍😍🍊🍊#dalat #yeudalat #camcanh🍊 #vuoncamcanhdalat #🏳️‍🌈 ",,https://www.tiktok.com/@lcd_dalat/video/7590671504824749332,60,7,7,985,,
7529799012405234962,camdalat,2026-05-15T07:33:28,1753167955,camdalat.ngoaitruyen,229,"Những ngày trời xám xịt, chúng ta không đi đâu đó để bầu trời sáng lên.

Chúng ta đi đâu đó để thấy lòng mình ấm hơn ☕️

#Cam #Traicayto #suagao #coffee #nuocep #sinhto #localjuicebar #fruit #healthydrink #localfavorite #dalat",,https://www.tiktok.com/@camdalat.ngoaitruyen/video/7529799012405234962,11,1,4,468,,
7601819285123566869,camdalat,2026-05-15T07:33:28,1769936483,chamdalat0,11600,Nhưnnayf đã khiến bạn mê Đà Lạt chưa ? #chamdalat ,,https://www.tiktok.com/@chamdalat0/video/7601819285123566869,37600,15000,634,744500,,
7637063523780119816,camdalat,2026-05-15T07:33:28,1778142421,cristian.vo,290,Đà Lạt dì kì vậy ,,https://www.tiktok.com/@cristian.vo/video/7637063523780119816,20,0,7,454,,
7638165648136260884,camdalat,2026-05-15T07:33:28,1778399031,trangduongnehehe,123,Dẫn con gái nhỏ đi quán Cây Cam Ngọt mà mẹ thích 🍊 #mothersday #caycamngot #dalat ,,https://www.tiktok.com/@trangduongnehehe/video/7638165648136260884,15,0,0,177,,
7622894787531672839,camdalat,2026-05-15T07:33:28,1774843514,sasavivudalat,7294,Nước cam tươi 15k bổ rẻ đà lạt #vivudalatcungsa #reviewdalat #dalat #dalatreview ,,https://www.tiktok.com/@sasavivudalat/video/7622894787531672839,200,115,8,10500,,
7638497561644535061,camdalat,2026-05-15T07:33:28,1778476311,trinhanhnguyen171101,126,Test cam cho tour Dalat 9/7 cùng @Hoàng Mèo chợ tình ,,https://www.tiktok.com/@trinhanhnguyen171101/video/7638497561644535061,5,1,1,127,,
7438206520535305479,camdalat,2026-05-15T07:33:28,1731842415,heocondalat,1219,Cam Canh Đà Lạt ngọt thanh ko chua. #camcanh #camcanhdalat ,,https://www.tiktok.com/@heocondalat/video/7438206520535305479,59,8,37,2375,,
7533243680908512530,camdalat,2026-05-15T07:33:28,1753969979,camdalat.ngoaitruyen,229,Sinh tố Bơ Dừa nhà Cam nè mọi người ơi 🤤 #sinhto #xuhuongtiktok #xuhuong #viral #avocado #bơ🥑 #dừa ,,https://www.tiktok.com/@camdalat.ngoaitruyen/video/7533243680908512530,64,6,5,5933,,
7440343735075966215,camdalat,2026-05-15T07:33:28,1732340025,lieten91th,316200,"cam CARA ruột đỏ giống cam của nước ngoài, nay đã được trồng tại Đà Lạt nha mọi người.
#tiktokfood #reviewfood #ancungtiktok #LearnOntiktok #reviewnghiepdu #camcararuotdo ",,https://www.tiktok.com/@lieten91th/video/7440343735075966215,630,15,10,32200,,
7596610125574573320,camdalat,2026-05-15T07:33:28,1768723630,camnaildalat,912,Chị nào chưa book lịch làm nail Tết thì nhắn em nhen 🎇🎇##camnaildalat #xuhuong #dalat #naildalat #naildesigns ,,https://www.tiktok.com/@camnaildalat/video/7596610125574573320,76,6,12,921,,
7597353874789272839,camdalat,2026-05-15T07:33:28,1768896796,camnaildalat,912,✨ Cần Lịch Làm Nail Xinh Thì Cứ Nhắn Em Nha 💅🏻💫#camnaildalat #xuhuong #dalat #naildalat #nails ,,https://www.tiktok.com/@camnaildalat/video/7597353874789272839,30,7,3,636,,
7438507038516202760,camdalat,2026-05-15T07:33:28,1731912386,thuy_nina2,2736,Mời cả nhà ghé tham quan vườn cam cara ruột đỏ nha#dalat #camcara #donduong #dran #dacsanvietnam ,,https://www.tiktok.com/@thuy_nina2/video/7438507038516202760,25,11,13,2112,,
7513212679184485639,camdalat,2026-05-15T07:33:28,1749306147,camdalat.ngoaitruyen,229,Một góc Cam chill chill mỗi tối ! Mời bạn đến Cam ạ #205BTX #camdalat #traicaytodalat #detox #traicayto #tiktokviral ,,https://www.tiktok.com/@camdalat.ngoaitruyen/video/7513212679184485639,23,3,1,788,,
7495211108291120402,camdalat,2026-05-15T07:33:28,1745114832,camdalat.ngoaitruyen,229,"Cóc non, xoài non, lắc mắm Cam tự làm mix thêm muối tôm. Cam mời bạn 🍊 #traicaytodalat #camdalat #xoaimamruoc #tiktokviral",,https://www.tiktok.com/@camdalat.ngoaitruyen/video/7495211108291120402,562,744,19,60100,,
7438289837695765778,camdalat,2026-05-15T07:33:28,1731861815,lethiletrang,30600,Những quả cam cara ruột đỏ tươi ngon thu hoạch sớm nay #trangodalat #camcara #đàlạt ,,https://www.tiktok.com/@lethiletrang/video/7438289837695765778,64,10,9,5404,,
7639712527173061896,camdalat,2026-05-15T07:33:28,1778759189,keyt.travel,461,Welcome to Đà Lạt. Shot on Action 6 #action6 #djiaction #djicam #keyttravel #djiaction6 ,,https://www.tiktok.com/@keyt.travel/video/7639712527173061896,6,0,1,179,,
7587429369329487124,camdalat,2026-05-15T07:33:28,1766586068,hifasne,214500,"Tân Bình vừa xuất hiện một Đà Lạt thu nhỏ

#cafe #reviewcafe #chamdalat #tanbinh #saigon ",,https://www.tiktok.com/@hifasne/video/7587429369329487124,4273,3577,169,328700,,
7639244990077586709,camdalat,2026-05-15T07:33:28,1778650334,duongnamtran,231,🍊 thích khám phá 😀 #cam #embe #dalat #yeuthuong ,,https://www.tiktok.com/@duongnamtran/video/7639244990077586709,4,0,0,119,,
7625482548088442132,camdalat,2026-05-15T07:33:28,1775446017,nhanphepha,111100,"Trải nghiệm đạp xe, chèo sup, camp giữa rừng thông Đà Lạt #dalat #nhanphepha #chill #rungthongdalat ",,https://www.tiktok.com/@nhanphepha/video/7625482548088442132,1389,1012,72,58800,,
7637395196077968647,camdalat,2026-05-15T07:33:28,1778219644,tanchithanh,878,"Đà Lạt nè 
#dalat  #sh350i #xh #camera360 #xediendo ",,https://www.tiktok.com/@tanchithanh/video/7637395196077968647,9,1,4,183,,
7615615255854599432,camdalat,2026-05-15T07:33:28,1773148608,huuhoang27,962,"Test Cam Mi15u ngày và đêm tại đồi Hòn Bồ Đà Lạt, xin lỗi trước vì mình không biết chụp 😅 #xiaomi #cảnhđẹpthiênnhiên  #dalat #tym #xăng ",,https://www.tiktok.com/@huuhoang27/video/7615615255854599432,10,4,12,521,,
7531579916836539666,camdalat,2026-05-15T07:33:28,1753582608,camdalat.ngoaitruyen,229,Nước ép thơm 🍍 #videography #xuhuong #fyp #camdalat #vlog #daily ,,https://www.tiktok.com/@camdalat.ngoaitruyen/video/7531579916836539666,9,1,2,614,,
7636969447068110088,camdalat,2026-05-15T07:33:28,1778120520,carinacahat,297,Tự tay mình làm mọi thứ nó Hạnh Phúc gì đâu ❤️#gammusic #GAmdalat #nhacmoi #yeumeo #thinhhanhxuhuong ,,https://www.tiktok.com/@carinacahat/video/7636969447068110088,3,0,2,337,,
7626050792495090964,camdalat,2026-05-15T07:33:28,1775578322,bestmomentsofcam,32000,Cam funny moment #fyp #famous #cam2r #cam ,,https://www.tiktok.com/@bestmomentsofcam/video/7626050792495090964,1043,106,41,28200,,
7639537747178392840,camdalat,2026-05-15T07:33:28,1778718497,baozi.ii,7,A little memory 🫶  fl ig : baozi.ii          #xuhuongtiktok #foryou #dalat #fyp ,,https://www.tiktok.com/@baozi.ii/video/7639537747178392840,9,0,0,159,,
7639694624881151250,camdalat,2026-05-15T07:33:28,1778755021,thanhvandalat,2366,,,https://www.tiktok.com/@thanhvandalat/video/7639694624881151250,3,0,1,488,,
7541488839139822870,camdalat,2026-05-15T07:33:28,1755889705,greateacheryas,49900,"Désolée je m’amuse trop avec ma nouvelle cam #sorrynotsorry 
Nan pour de vrai j’essaie des petites choses pour pouvoir faire de plus grandes choses par la suite, j’ai besoin de tester et m’améliorer pour faire de jolis vlogs format plus long pour YouTube et quel meilleur moyen pour s’améliorer que d’essayeyyyy 
La cam 📷 : dji action 5 pro ",,https://www.tiktok.com/@greateacheryas/video/7541488839139822870,19400,1031,101,170400,,
7639769123223817492,camdalat,2026-05-15T07:33:28,1778772367,nhadalat54,183,"Tuổi trẻ của tụi mình được tạo nên từ những chuyến đi bất chợt, những lần cười không nghĩ ngợi và những người bạn luôn đồng hành bên cạnh💗 #dalat #homestay #homedicamdalat #nhadicamdalat ",,https://www.tiktok.com/@nhadalat54/video/7639769123223817492,7,0,0,334,,
,quanngondalat2024,2026-05-15T07:33:34,,,0,,,,0,0,0,0,,
7417303437462768904,quanngondalat,2026-05-15T07:33:44,1726975538,quanngondalat,5678,"📍Phở gà trộn, miến gà trộn Đà Lạt quán Nguyễn Gia 
———
Hợp khẩu vị quá chừng hà, vị sẽ thiên về trong miền Nam 1 xíu nha!
#quanngondalat #dalat #reviewdalat #dalatreview #xuhuong #photron #miengtron #miengatron #phogatron #anngon #dalattrip #dalatfood ",,https://www.tiktok.com/@quanngondalat/video/7417303437462768904,12200,9174,245,685300,,
7638634705390226709,quanngondalat,2026-05-15T07:33:44,1778508239,ladyngan,2234,Đi ăn mì người hoa mới mở ở Đà Lạt 🌲🌲🌲#dalatreview #dalattrip #quanngondalat #miashan #travel ,,https://www.tiktok.com/@ladyngan/video/7638634705390226709,62,17,12,5148,,
7467049267362843922,quanngondalat,2026-05-15T07:33:44,1738557895,anchoicungthu,330200,Đà Lạt ăn gì ????? #dalatangi #laubodalat #anngondalat #quanngondalat #laubonoidat ,,https://www.tiktok.com/@anchoicungthu/video/7467049267362843922,3323,40,9,57200,,
7419887760447737095,quanngondalat,2026-05-15T07:33:44,1727577253,quanngondalat,5678,"Bánh tráng nướng Đà Lạt ngon mlem luôn, thử xem!
#quanngondalat #dalat #reviewdalat #dalatreview #banhtrangnuong #xuhuong #banhtrangnuongdalat #",,https://www.tiktok.com/@quanngondalat/video/7419887760447737095,21800,10100,460,679000,,
7522764403435982088,quanngondalat,2026-05-15T07:33:44,1751530101,quanngondalat,5678,"Quán ăn vặt Đà Lạt gần trung tâm thành phố!
Đây là quán ăn vặt đa dạng món ăn vặt với những món ngon lạ miệng Đà Lạt
#dalat #anvatdalat #quananvatngon #quananvatdalat #dalatreview #quanngondalat #lichtrinhdalat #quananngondalat #reviewdalat #yingdalat #anvatying #banhtrangnuongdalat ",,https://www.tiktok.com/@quanngondalat/video/7522764403435982088,2144,1014,37,61600,,
7626650512565210389,quanngondalat,2026-05-15T07:33:44,1775717959,ladyngan,2234,Đi ăn mì quảng trong 1 con hẻm rất dễ tìm 😆🌲🌲🌲#dalatreview #dalattrip #quanngondalat #travel ,,https://www.tiktok.com/@ladyngan/video/7626650512565210389,31,2,1,436,,
7446651507530845447,quanngondalat,2026-05-15T07:33:44,1733808667,quanngondalat,5678,"Tiệm cơm gia đình Đà Lạt chuẩn cơm mẹ nấu. Lên Đà Lạt muốn tìm quán cơm set menu thì có thể ghé qua quán cơm gia đình lâu đời này nha!
📍Tiệm cơm Mêli Đà Lạt
#quanngondalat #tiemcommeli #quancomgiadinh #comgiadinhdalat #dalatangi #dalatangingon #dalatreview #reviewdalat #dalatfood #dalattrip #dalat #comnhangonnhat #chuancommenau #tiemcommelidalat #setmenu #lunchsetmenu ",,https://www.tiktok.com/@quanngondalat/video/7446651507530845447,1091,643,79,107400,,
7617649326604569864,quanngondalat,2026-05-15T07:33:44,1773622223,bdskiemnguyen,4818,#quanngondalat #longngondalat #chaolongngondalat #chaolongngondalat #anuongdalat ,,https://www.tiktok.com/@bdskiemnguyen/video/7617649326604569864,295,17,38,44300,,
7444479761256156423,quanngondalat,2026-05-15T07:33:44,1733303019,quanngondalat,5678,"Tổng hợp các quán ngon Đà Lạt đáng đồng tiền!
#dalat #quanngondalat #dalatangi #dalatangingon #banhcandalat #banhtrangnuongdalat #quannuongdalat #chaohausua🦪 #chaohaudalat #chaohauhuynhvan #photron #mientron #dalatreview #reviewdalat ",,https://www.tiktok.com/@quanngondalat/video/7444479761256156423,6454,2883,152,202100,,
7606963392359730452,quanngondalat,2026-05-15T07:33:44,1771134192,quanngondalat,5678,"Quán cà phê Đà Lạt có nhiều món nước  đa dạng, vị trí gần trung tâm Đà Lạt
📍Mint Coffee & Tea
#caphedalat #mintcoffeeandtea #quanngondalat #reviewdalat #dulichdalat ",,https://www.tiktok.com/@quanngondalat/video/7606963392359730452,3909,1111,29,103400,,
7458879362511686920,quanngondalat,2026-05-15T07:33:44,1736655689,quanngondalat,5678,"Quán nướng Đà Lạt hay Lẩu gà lá é Đà Lạt ngon cho gia đình, nhóm bạn đông hãy thử ghé qua Ẩm thực Nam Anh Phát - Ẩm thực Tây Nguyên hội tụ đầy đủ món ăn vùng miền chất lượng! 
#quannuongdalat #laugalaedalat #amthucdalat #amthuctaynguyen #dalat #dalatangi #anngondalat #quanngondalat #tiemnuongdalat #reviewdalat #dalatreview #laucatam #laucatamdalat ",,https://www.tiktok.com/@quanngondalat/video/7458879362511686920,2115,26,3,18200,,
7540213903972666645,quanngondalat,2026-05-15T07:33:44,1755592863,quanngondalat,5678,"Tổng hợp quán ngon Đà Lạt khi đến Đà Lạt: quán ăn vặt ngon Đà Lạt, quán cơm gia đình Đà Lạt hay là nhà hàng lẩu nướng Đà Lạt
#quanngondalat #quannuongdalat #anvatdalat #banhtrangnuongdalat #dalat ",,https://www.tiktok.com/@quanngondalat/video/7540213903972666645,4981,2260,51,155500,,
7532857742118096148,quanngondalat,2026-05-15T07:33:44,1753880125,quanngondalat,5678,"Gợi ý món ở vặt ở Đà Lạt: Khoai lang nướng Caramel hot trend ở Đà Lạt của quán Khoai Lang Nướng
#khoailangnuong #quannuongdalat #anvatdalat #dalatreview #quananvatngon #quananvatdalat #quanandalat #quannuongngondalat #khoailangnuongcaramel #dalatreview #launuongdalat #quanngondalat #quananngondalat ",,https://www.tiktok.com/@quanngondalat/video/7532857742118096148,5855,3630,104,259000,,
7637133584016362770,quanngondalat,2026-05-15T07:33:44,1778158732,ocluocchidau,1009,Mùa Ốc Núi tới rồi nè Bạn ơi! #ocluocchidau #dalat #ocngondalat #quanngondalat #quanocngondalat ,,https://www.tiktok.com/@ocluocchidau/video/7637133584016362770,19,12,4,1273,,
7434372010249063698,quanngondalat,2026-05-15T07:33:44,1730949627,quanngondalat,5678,"Quán ăn vặt Đà Lạt mà HSSV nào cũng sẽ biết 
#dalat #anvatdalat #cavienchien #quanngondalat #dalatreview #reviewdalat #dalatangi #dalatangingon #dalattrip #dalatfood ",,https://www.tiktok.com/@quanngondalat/video/7434372010249063698,1868,455,25,63000,,
7533187312654585106,quanngondalat,2026-05-15T07:33:44,1753956859,quanngondalat,5678,"Tiệm cơm gia đình Đà Lạt. Gợi ý quán ăn trưa ngon cho gia đình tại Đà Lạt.  📍Quán cơm Linh Đà Lạt là một trong những quán cơm nhà có nhiều món cơm quê hương vị xưa ngon đáng trải nghiệm! 
#comnhadalat #comgiadinh #comgiadinhdalat #comgiadinhngon #quancomgiadinh #comgiadinhdalat #comque #comlinhdalat #quanngondalat #quananngondalat #comtruadalat #quancomdalat #dalat #reviewdalat ",,https://www.tiktok.com/@quanngondalat/video/7533187312654585106,593,96,25,35700,,
7508744433865723154,quanngondalat,2026-05-15T07:33:44,1748265804,_tiemgalungchungdoi_,1601,"SIÊU PHẨM CHO MÙA HÈ 💥
COMBO NƯỚNG 4 NGƯỜI THẢ GA chỉ 385k 🫨
Ăn no – chia đều – giá hợp lý: Combo 4 loại thịt nướng đủ cho nhóm 3-4 người, giúp cả hội no bụng mà không lo ví mỏng.. 
☎️ : 0️⃣9️⃣3️⃣3️⃣.0️⃣7️⃣.0️⃣2️⃣.0️⃣5️⃣
#tiemgalungchungdoi #quanngondalat #acoustic #dalat #viral #quannuongdalat #tiemgadalat ",,https://www.tiktok.com/@_tiemgalungchungdoi_/video/7508744433865723154,7,4,1,694,,
7264066004131810606,quanngondalat,2026-05-15T07:33:44,1691297180,m.gondal381,515,#boat #lakelife #vermont #godfrey #brothers #punjab #punjabi #jatt #gondal #fresno #cali #yaari #yaar #chilling #brothersfromanothermothers😘💥🤘🏻😎 #lahore #foryou #trending #tiktok #tiktokindia #awaisghummansialkoti #true #words #inspriation #quotess ##viral ,,https://www.tiktok.com/@m.gondal381/video/7264066004131810606,82,3,5,1633,,
7092812492505648410,quanngondalat,2026-05-15T07:33:44,1651424099,quan_goc_dalat,251,,,https://www.tiktok.com/@quan_goc_dalat/video/7092812492505648410,21,1,0,430,,
7628763068339653919,quanngondalat,2026-05-15T07:33:44,1776209825,igebu.jhay,1314,There you have it guys. You got your prove now follow 😆😆🤣..,,https://www.tiktok.com/@igebu.jhay/video/7628763068339653919,240,2,15,2554,,
7636978128446901517,quanngondalat,2026-05-15T07:33:44,1778122556,lila.rants87,10,@Thien ,,https://www.tiktok.com/@lila.rants87/video/7636978128446901517,3,0,4,17,,
7599665067465936158,quanngondalat,2026-05-15T07:33:44,1769434927,gio2op,365,300 FLIPPING FOLLOWERS YO WE MADE IT TWIN🥹✌️,,https://www.tiktok.com/@gio2op/video/7599665067465936158,56,6,21,813,,
7599063367814303007,quanngondalat,2026-05-15T07:33:44,1769294833,unicornfaartgirl,32,@4renJetSki🩸🕊️ 1year together 🥹🥹🥹,,https://www.tiktok.com/@unicornfaartgirl/video/7599063367814303007,27,1,9,350,,
7538635670265384223,quanngondalat,2026-05-15T07:33:44,1755225413,saeji09,176,#CapCut ,,https://www.tiktok.com/@saeji09/video/7538635670265384223,12,0,2,166,,
7626520514864893197,quanngondalat,2026-05-15T07:33:44,1775687708,m4_frmokc,229,Enjoy 😂 #life ,,https://www.tiktok.com/@m4_frmokc/video/7626520514864893197,18,1,3,281,,
7478785523088133418,quanngondalat,2026-05-15T07:33:44,1741290459,leo.stoll,174,@landon.xu ,,https://www.tiktok.com/@leo.stoll/video/7478785523088133418,26,4,1,1055,,
7606779626915974413,quanngondalat,2026-05-15T07:33:44,1771091426,cullenjeddaa,1520,#grabmatters,,https://www.tiktok.com/@cullenjeddaa/video/7606779626915974413,76,0,5,816,,
7322449953807191339,quanngondalat,2026-05-15T07:33:44,1704890748,bk.gondal,1100000,Shera and Boss at ATM 😍😂 #bkgondal #bilalkhangondal #gondal #trending #shera #funny #foryou #viral ,,https://www.tiktok.com/@bk.gondal/video/7322449953807191339,528100,15700,11600,10000000,,
7611012510669425934,quanngondalat,2026-05-15T07:33:44,1772076975,fesimpson,1128,,,https://www.tiktok.com/@fesimpson/video/7611012510669425934,20,0,2,497,,
7605092482627521805,quanngondalat,2026-05-15T07:33:44,1770698622,lilss_2112,270,bring this back ,,https://www.tiktok.com/@lilss_2112/video/7605092482627521805,33,0,4,318,,
7601839891789532437,cafedalat,2026-05-15T07:33:54,1769941284,review.lt7,10800,"☁️ Cafe săn mây Đà Lạt — ngồi một chỗ cũng thấy trời chạm đất.
Chỉ cần cà phê nóng và một buổi sáng sớm, mây đã phủ kín cả thung lũng.
✨ Đà Lạt đẹp nhất khi còn ngái ngủ. #review #dalat #xuhuong #xuhuongtiktok #viral ",,https://www.tiktok.com/@review.lt7/video/7601839891789532437,12600,6703,226,518700,,
7497803212053941511,cafedalat,2026-05-15T07:33:54,1745718357,lacaphee,33400,Quán này có thiệc luôn hả Đà Lạt ơii 🥺 #dalat #lacaphee #dulichdalat #dalatdidau #cafe #coffee #cafedalat #diadiemhenho #dalatview ,,https://www.tiktok.com/@lacaphee/video/7497803212053941511,114600,39500,1864,2200000,,
7603894719248076053,cafedalat,2026-05-15T07:33:54,1770419708,review.lt7,10800,"🎶 5 quán cafe acoustic Đà Lạt cho buổi tối thật chill — nhạc mộc mạc, không gian ấm áp, ngồi nghe là quên luôn thời gian trôi.
Lên Đà Lạt nhớ ghé một quán để thả cảm xúc theo từng giai điệu nhé ☕🎧 #review #dalat #xuhuong #xuhuongtiktok #viral ",,https://www.tiktok.com/@review.lt7/video/7603894719248076053,1195,916,28,106800,,
7632639675420855559,cafedalat,2026-05-15T07:33:54,1777112415,vuongtong_1,1600,Cafe Đà Lạt phát triển tới mức này rồi sao? #xuhuongtiktok #dalat #cafedalat #reviewcafe #chuyencuamo ,,https://www.tiktok.com/@vuongtong_1/video/7632639675420855559,3672,2116,94,215400,,
7461468993396706567,cafedalat,2026-05-15T07:33:54,1737258634,bolonton_,51900,"Vượt 275km từ Thủ Đức lên Đà Lạt chỉ để tận hưởng không gian cafe mới với không khí se lạnh iu thíchhh 🤎🍂 
#bolonton #cafe #dalat #chuyencuamo #cafedalat #xh #fyp #reviewcafe ",,https://www.tiktok.com/@bolonton_/video/7461468993396706567,32600,11700,630,1000000,,
7625439166242802958,cafedalat,2026-05-15T07:33:54,1775435934,jacobj_lars,33300,Amazing views in da lat Vietnam. My favorite coffee shops,,https://www.tiktok.com/@jacobj_lars/video/7625439166242802958,177,3,12,9759,,
7621195298634845461,cafedalat,2026-05-15T07:33:54,1774447818,tueminhting,84500,"Thiếu hình tùm lum hết… mà nước nó ngon thiệt. Bạn nào đi ĐL muốn ghé quán cf nước ngon bánh ngon thì có thể tham khảo nha…
.

#tueminhting #dalat #monleoquan #travel #cafemeo ",,https://www.tiktok.com/@tueminhting/video/7621195298634845461,114,8,1,3348,,
7628542421235666196,cafedalat,2026-05-15T07:33:54,1776158452,bossnews.official,443900,"Kiếm tiền gặp kiếm chuyện: Quán cafe Cô Long trên Đà Lạt bất ngờ bị nam du khách bóc phốt khinh người, bán 110 k cho một ly nước nhưng khách gọi thì làm lơ. CĐM đang nghi ngờ khách hàng này do quán bên cạnh thuê tới để phá quán #cafedalat #dalat #colongdalat #trending #bossnews ",,https://www.tiktok.com/@bossnews.official/video/7628542421235666196,15200,672,379,756700,,
7614169704105594132,cafedalat,2026-05-15T07:33:54,1772812041,suoibinhyen,568600,"Một cảm giác bình yên đến lạ 
• Suối Bình Yên || Cafe - Mẹt Núi Rừng #Dalat #Suoibinhyen #Dalat #Travel #vietnam",,https://www.tiktok.com/@suoibinhyen/video/7614169704105594132,283700,8916,1105,2200000,,
7584439008688688405,cafedalat,2026-05-15T07:33:54,1765889840,phuongxedich.espc.com.vn,2885,"Quán cà phê Đà Lạt hot rần rần vì cô chủ quán hoá thân thành ""tiên nữ phim kiếm hiệp"" #phuongxedich #esperantotur #news #dalat #coffee ",,https://www.tiktok.com/@phuongxedich.espc.com.vn/video/7584439008688688405,12300,721,106,383700,,
7460073643004022034,cafedalat,2026-05-15T07:33:54,1736933752,hachireview74,424400,"Lại thêm một tọa độ check-in ở Đà Lạt nè mọi người, hoàng hôn đẹp mê 🥰🥰 ##mountainchill##mountainchilldalat##cafedalat#cafiewdalat ##hoanghon##dalatreview##dalatstory##dalat  ",,https://www.tiktok.com/@hachireview74/video/7460073643004022034,18300,1091,275,319900,,
7499085053125823764,gocnhodalat,2026-05-15T07:34:00,1746016807,tuthoreview,200300,"Trốn cả thế giới tại @tiệm cà phê Dốc thị – nơi thời gian như ngưng lại giữa sương mù Đà Lạt. Một tách cà phê, một chút chill, và cả bầu trời an yên ❤️  #DocThi #CaPheDocThi #DaLatViewDep #CafeDaLat #CheckinDaLat #DaLatChill #GocNhoDaLat #CafeViewDoi #DocThiCoffee #AnYenGiuaDaLat #TronLenDaLat #dalat ",,https://www.tiktok.com/@tuthoreview/video/7499085053125823764,3653,164,35,145500,,
7585116320832752903,gocnhodalat,2026-05-15T07:34:00,1766047524,vuhomestaydalat25,3885,"🌿 Sen đá ở Đà Lạt – nhỏ xíu nhưng bền bỉ.
Giữa tiết trời se lạnh và nắng nhẹ, những chậu sen đá nằm yên bên hiên nhà, không cần chăm nhiều nhưng lúc nào cũng xanh. Sen đá ở Đà Lạt nhìn vậy mà rất có hồn, chậm rãi và bình thản như chính nhịp sống nơi đây.

Người ta hay nói sen đá giống con người ở Đà Lạt:
ít nói, không ồn ào, nhưng sống rất lâu và rất bền. Chỉ cần đặt cạnh cửa sổ, có nắng sáng chiếu vào là đủ để thấy một góc nhỏ bình yên.

Đà Lạt có nhiều điều giản dị như thế —
một chậu sen đá, một buổi sáng lạnh, một căn phòng nhìn ra thành phố.

Nếu anh/chị ghé Đà Lạt và muốn tìm một nơi ở yên tĩnh:

🏡 Vũ Homestay Đà Lạt – nhà gỗ vintage, phòng view kính – ban công nhìn thành phố
📍 25/34/3 Nhà Chung – Phường Xuân Hương (Phường 3 cũ)
🌸 Phòng đơn: 3.x.x – 4.x.x /đêm
🌸 Phòng đôi: 5.x.x – 7.x.x /đêm
👥 Nhận 8–12 người
🔥 Có bếp nấu & bếp nướng BBQ
🚲 Cho thuê xe máy
📞 0375.446.420 – 0399.506.311

Có những thứ nhỏ bé ở Đà Lạt,
nhưng lại làm người ta nhớ rất lâu 🌿

⸻

#SenDaDaLat #VuHomestayDaLat
#DaLatSongCham #HomestayDaLat
#GocNhoDaLat #DaLatMuaLanh",,https://www.tiktok.com/@vuhomestaydalat25/video/7585116320832752903,24,0,0,304,,
7407332379066518791,gocnhodalat,2026-05-15T07:34:00,1724653969,gocnhodalat_01,2582,Mách bảo cho bạn mấy quán siêu xinh này nha #gocnhodalat #dalatdivatrainghiem #dalatreview #coffee ,,https://www.tiktok.com/@gocnhodalat_01/video/7407332379066518791,3,0,5,39,,
7379584532388793618,gocnhodalat,2026-05-15T07:34:00,1718193420,gocnho_dalat,858,"Sự tử tế vẫn tử tế đến cuối cùng. Hồi kết vẫn là hồi kết, bỏ lỡ chính là bỏ lỡ . tạm biệt chuyến tàu tình yêu đã đi đi về suốt thời gian vừa qua . 
#dalat #dalatreview #dalatstory #gocnhodalat ",,https://www.tiktok.com/@gocnho_dalat/video/7379584532388793618,61,2,2,1087,,
7388140220866186514,gocnhodalat,2026-05-15T07:34:00,1720185446,gocnho_dalat,858,"Mình thiếu một chút bối rối ! 
#dalat #dalatstory #dalatchill #gocnhodalat ",,https://www.tiktok.com/@gocnho_dalat/video/7388140220866186514,1844,127,18,32500,,
7386091605289176328,gocnhodalat,2026-05-15T07:34:00,1719708470,gocnho_dalat,858,"giấc mơ của em, là những ấm êm, hạnh phúc mỗi đêm. #dalat #dalatreview #dalatstory #dalatchill ##checkin #dulichdalat #gocnhodalat #xh #chualanh ",,https://www.tiktok.com/@gocnho_dalat/video/7386091605289176328,78,0,3,753,,
7523389423199849735,gocnhodalat,2026-05-15T07:34:00,1751675610,rendezvous_dalat,239,"☕🍰 Rendez-vous – Góc nhỏ cho những buổi trà chiều lãng mạn hay cho 1 buổi tối hẹn hò yêu thương.
🎹 Live piano mỗi tối Thứ Bảy
⏰ 19:20 – 20:20
🕰 Mở cửa: 6:30 – 20:30
📍 142 Yersin,  P.9, Đà Lạt 
Không gian cổ điển, ấm cúng – nơi bạn có thể nhâm nhi trà ngon, bánh ngọt và để tâm hồn dịu lại.

Rendez-vous – Where every sip tells a story. 🌿
☕🍰 Rendez-vous – A cozy corner for romantic afternoon teas or a loving evening date.
🎹 Live piano every Saturday night
⏰ 7:20 PM – 8:20 PM
🕰 Open daily: 6:30 AM – 8:30 PM
📍 142 Yersin Street, Ward 9, Da Lat

Rendez-vous – Where every sip tells a story. 🌿
#xuhuong #xuhuongtiktok 
#CafeDaLat
#TeaTimeDaLat
#QuanTraDaLat
#DaLatCafe
#TramGiuaDaLat
#DaLatVibes
#ChillInDaLat
#TronVaoDaLat
#HiddenGemDaLat
#DaLatMood
#DaLatMoments
#DaLatTrip
#DaLatView
#GocNhoDaLat
#QuanDepDaLat
#DaLatCheckin
#ChieuDaLat
#TraVaNhac
#PianoAndTea
#VintageDaLat
#DaLatRetro
#RomanticDaLat
#MustTryInDaLat
#DaLatCafeTour
#DaLatFoodie 
#DaLatHiddenSpot 
#CheckInDaLat
#BestCafeInDaLat
#CafeViewDepDaLat
#SlowLivingDaLat
#RendezvousPianoNight
#DaLatTeaBlend
#RendezvousGarden
#TeaWithAStory
#RendezvousTeaAndCafe
#RendezvousMoments#
#WhereEverySipTellsAStory",,https://www.tiktok.com/@rendezvous_dalat/video/7523389423199849735,18,0,2,4349,,
7392544452948004114,gocnhodalat,2026-05-15T07:34:00,1721210887,gocnho_dalat,858,"Sương mù giữa mùa hè ở Đà Lạt 
#dalat #dalatreview #dalatstory #dalatchill ",,https://www.tiktok.com/@gocnho_dalat/video/7392544452948004114,86,2,2,830,,
7513941917730671890,gocnhodalat,2026-05-15T07:34:00,1749475936,gocnhodalat_01,2582,"LƯU Ý KHI
ĐI ĐÀ LẠT TRONG THÁNG 6 🌦️
Tháng 6 ở Đà Lạt là thời điểm đẹp theo kiểu dịu dàng và ẩm ướt, nên nếu bạn đang có kế hoạch lên núi chill thì nhớ note liền những tips sau nha 👇
#dalatdivatrainghiem #dalatreview #dalatriviu #dalattrip #xuhuong ",,https://www.tiktok.com/@gocnhodalat_01/video/7513941917730671890,52,18,13,656,,
7448159035066551570,gocnhodalat,2026-05-15T07:34:00,1734159669,viehongdidau,25700,"Góc nhỏ bình yên giữa lòng Đà Lạt 🍃
#viehongdidau #dalat #dalatstory #dalattrip #dalatvibes #CapCut ",,https://www.tiktok.com/@viehongdidau/video/7448159035066551570,1219,164,12,31100,,
7387010267550338322,gocnhodalat,2026-05-15T07:34:00,1719922357,gocnho_dalat,858,"lại thấy mùa hè ta gặp nhau ! 
#dalat #dalatstory #dalatchill #dulichdalat ",,https://www.tiktok.com/@gocnho_dalat/video/7387010267550338322,55,1,6,893,,
7394809774778436871,gocnhodalat,2026-05-15T07:34:00,1721738323,gocnho_dalat,858,"Đà lạt sau cơn mưa ! 
#dalat #dalatreview #dalatstory #dalatchill #dalatmua ",,https://www.tiktok.com/@gocnho_dalat/video/7394809774778436871,18,0,0,366,,
7398103621797170437,gocnhodalat,2026-05-15T07:34:00,1722505232,gocnho_dalat,858,"Đà lạt lại trở về với vẻ đẹp nguyên bản sau cơn mưa dài 
#dalat #dalatstory ",,https://www.tiktok.com/@gocnho_dalat/video/7398103621797170437,45,1,0,470,,
7376520989103901970,gocnhodalat,2026-05-15T07:34:00,1717480134,gocnho_dalat,858,"Đà lạt sau cơn mưa sẽ trông như thế nào ? 
#dalat #dalatstory #datreview #xuhuong #dalatchill ",,https://www.tiktok.com/@gocnho_dalat/video/7376520989103901970,95,3,0,1345,,
7565844061144239367,gocnhodalat,2026-05-15T07:34:00,1761560346,gocnhodalat_01,2582,"Cập nhật nhanh thời tiết tại Đà Lạt tháng 10 này

Nhiệt độ hiện tại khoảng 19°C (66°F).

Cảnh báo: mưa nhỏ và khả năng mưa giông từ khoảng 17:00-19:00.

Từ 20:00 trở đi trời sẽ chuyển có mây, không mưa và nhiệt độ giảm dần về 17-18°C, thậm chí còn thấp hơn về khuya.

Vì trời se lạnh và có khả năng mưa, nhớ mang áo khoác ấm, áo mưa gấp gọn và giày chống trượt nếu có di chuyển ngoài trời nhé.

Tối đến là thời điểm tốt để chọn một quán cà phê ấm áp hoặc đi dạo quanh hồ – không khí rất nên thơ
#dalatreview #dalatriviu #dalatdivatrainghiem #dalattrip #riviumcn ",,https://www.tiktok.com/@gocnhodalat_01/video/7565844061144239367,68,10,6,1485,,
7626078738307878164,gocnhodalat,2026-05-15T07:34:00,1775584828,gacnhohomestay,768,Một căn home vibe dalat mới toanh có bếp nướng ngoài sân tha hồ tụ tập #gacnhohomestay #cantho #homestay #dalat #trending ,,https://www.tiktok.com/@gacnhohomestay/video/7626078738307878164,496,118,12,12700,,
7389960180038978823,gocnhodalat,2026-05-15T07:34:00,1720609191,gocnho_dalat,858,"Thời gian là thứ tĩnh , thứ chuyển động là lòng người . Tình yêu bao giờ cũng sẽ có sự chuyển hoá từ giai đoạn kỳ vọng khi khởi đầu và vô vọng khi kết thúc . 
Mong rằng chúng ta của dau này vẫn sẽ luôn dành sự tử tế cho nhau 
#dalat #dalatstory #dalatreview #nhathocongadalat ",,https://www.tiktok.com/@gocnho_dalat/video/7389960180038978823,58,2,3,773,,
7531418033013722375,gocnhodalat,2026-05-15T07:34:00,1753544913,gocnhodalat_01,2582,"POV: Bạn đang tận hưởng cái lạnh của Đà Lạt
#xuhuongtiktok #dalatreview #dalatriviu #dalatdivatrainghiem #dalattrip ",,https://www.tiktok.com/@gocnhodalat_01/video/7531418033013722375,29,2,3,325,,
7455682538518990087,gocnhodalat,2026-05-15T07:34:00,1735911368,gocnhodalat_01,2582,"HƯƠNG VỊ CAO NGUYÊN
TẠI
ĐẶC SẢN NHÀ TÔM
Đến Đà Lạt, đừng quên thưởng thức những món ngon mang đậm tinh hoa vùng cao nguyên. Nhà Tôm mời bạn ghé qua để nếm trọn hương vị đặc trưng, từ rau củ tươi ngon đến những món đặc sản độc đáo. Đã đến lúc đánh thức vị giác rồi! 🌿✨
#dalatreview #dalatdivatrainghiem #dalatriviu #dalattrip #xuhuong ",,https://www.tiktok.com/@gocnhodalat_01/video/7455682538518990087,5,0,3,437,,
7401447810589019410,gocnhodalat,2026-05-15T07:34:00,1723283861,gocnho_dalat,858,"Nhiều năm xa hạnh phúc anh muốn bên em ! 
#dalat #dalatstory ",,https://www.tiktok.com/@gocnho_dalat/video/7401447810589019410,32,1,0,636,,
7498883736394534162,gocnhodalat,2026-05-15T07:34:00,1745969935,gocnhodalat_01,2582,"🌿 50 năm đã qua, đất nước đổi thay từng ngày. Đà Lạt từ vùng đất cao nguyên yên bình giờ đây đã trở thành điểm đến của hòa bình, của ký ức lịch sử và hy vọng cho tương lai. Trong không khí linh thiêng này, chúng ta cùng nhìn lại, tri ân, và hứa sẽ tiếp tục viết tiếp những trang sử đẹp đẽ bằng lao động, sáng tạo và lòng yêu nước của thế hệ trẻ hôm nay.
#dalattrip #xuhuong #dalatriviu #dalatdivatrainghiem #dalatreview ",,https://www.tiktok.com/@gocnhodalat_01/video/7498883736394534162,63,2,1,591,,
7395900774200528136,gocnhodalat,2026-05-15T07:34:00,1721992342,gocnho_dalat,858,"Bình yên là cụm từ rất dễ nghe - nhưng lại khó tìm được , phải chăng sau lưng chúng ta còn trách nhiệm , sứ mệnh và tất bật cho cuộc sống mưu sinh ... nên sự bình yên lẽ nào là một khoảng cách quá xa ! 
#dalat #dalatmua #dalatchil #dalatstory ",,https://www.tiktok.com/@gocnho_dalat/video/7395900774200528136,73,4,5,938,,
7591202924563352850,gocnhodalat,2026-05-15T07:34:00,1767464671,gocnhodalat_01,2582,"Bình yên... cũng là một loại hạnh phúc nhỉ? 
#riviumcn #dalatreview #dalatriviu #dalatdivatrainghiem #dalattrip ",,https://www.tiktok.com/@gocnhodalat_01/video/7591202924563352850,2,1,0,204,,
7395784056442457362,gocnhodalat,2026-05-15T07:34:00,1721965167,gocnho_dalat,858,"Kết thúc đâu phải lúc nào cũng buồn, đôi khi đó là khoảnh khắc tươi đẹp nhất khép lại cho một chương sách viết lệch trong đời ta ! 
#dalat #dalatreview #dalatstory ",,https://www.tiktok.com/@gocnho_dalat/video/7395784056442457362,44,0,0,526,,
7552701224886275336,gocnhodalat,2026-05-15T07:34:00,1758500296,langthanglk,116,"TIỆM CAFE NHỚ HOÀI - Là một góc nhỏ giữa thành phố Đà Lạt ồn ào - nó nằm ngay dưới con dóc nhỏ nơi có những bậc cầu thang đặc trưng của những con dóc Đà Lạt - là nơi Trịnh Công Sơn đã đến với MoChico nàng thơ của ông trong những sáng tác về Đà Lạt về giấc sơ sương - hãy đến để trải nghiệm nổi Hoài cổ mộc mạc của 1 quán cafe góc đường.
#cafenhohoai #đalat #langthangđườngphố #khampha #xuhuongtiktok ",,https://www.tiktok.com/@langthanglk/video/7552701224886275336,62,15,10,1531,,
7379106446555876626,gocnhodalat,2026-05-15T07:34:00,1718082110,gocnho_dalat,858,"chúng ta xứng đáng với những điều tuyệt vời , có thể đến chậm nhưng nhất định sẽ đến !
#dalat #đàlạt #dalatchill #fyp ",,https://www.tiktok.com/@gocnho_dalat/video/7379106446555876626,61,1,1,862,,
7278684788125420808,gocnhodalat,2026-05-15T07:34:00,1694700867,goc.tro.ve.dalat,33,Đà Lạt đẹp ngỡ ngàng #dalat #ngàymainguoitalaychong #view #views #CapCut ,,https://www.tiktok.com/@goc.tro.ve.dalat/video/7278684788125420808,2,0,0,117,,
7174294308160310554,gocnhodalat,2026-05-15T07:34:00,1670395568,goc.tro.ve.dalat,33,"Có những người chỉ nên gặp trong mơ, vì bạn chỉ muốn giữ những kỷ niệm đẹp về họ 🥰#đàlạt #love #hoa ",,https://www.tiktok.com/@goc.tro.ve.dalat/video/7174294308160310554,22,0,0,296,,
7277163719346441480,gocnhodalat,2026-05-15T07:34:00,1694346715,goc.tro.ve.dalat,33,"Đà Lạt đang mưa...
Trời chuyển sang mùa thu, lạnh thật... #đèn #CapCut #xuhuong #annhien ",,https://www.tiktok.com/@goc.tro.ve.dalat/video/7277163719346441480,5,0,0,111,,
7558802464762334472,gocnhodalat,2026-05-15T07:34:00,1759920847,dalaphoto,1061,Góc nhỏ thân quen mỗi khi ghé đến Đà Lạt….#dalaphoto #chill #quancaphedepdalat #lungchung #chupanhdalat ,,https://www.tiktok.com/@dalaphoto/video/7558802464762334472,33,5,5,387,,
,anvatdalat2024,2026-05-15T07:34:04,,,0,,,,0,0,0,0,,
,diachodalat,2026-05-15T07:34:13,,,0,,,,0,0,0,0,,
7639607594394471698,comdalat,2026-05-15T07:34:14,1778734761,vanvanbookingvilladalat,4335,"PHẦN 3: Đà Lạt ăn cơm tấm ở đâu ngon???
POV: Cơm tấm local ở Đà Lạt 😊
#comtamdalat #comsuonbicha #comngondalat #dalat",,https://www.tiktok.com/@vanvanbookingvilladalat/video/7639607594394471698,41,14,4,3279,,
7627358455547841799,comdalat,2026-05-15T07:34:14,1775882789,myiudalat,2963,Lần đầu được ăn bufet cơm tại Đà Lạt #myiudalat #dalatangi #dalatdidau #buffetcomdalat #fyp ,,https://www.tiktok.com/@myiudalat/video/7627358455547841799,98,67,9,7827,,
7637004051611127047,comdalat,2026-05-15T07:34:14,1778128575,vinhatiemcomdalat,638,"💖💖Cơm nhà ngon nhất khi từng món đều được nấu bằng sự tỉ mỉ. Ghé Vị Nhà, thưởng thức vị ngon mộc mạc nhưng đầy chăm chút. 
Vị Nhà giữ trọn vị ngon bằng những nguyên liệu chất lượng và cách chế biến đầy tâm huyết  #tiemcomvinha  #quancomngon #ComTruaDaLat #tiemcomdalat #VịNhà ",,https://www.tiktok.com/@vinhatiemcomdalat/video/7637004051611127047,755,30,28,33400,,
7581337529404869909,comdalat,2026-05-15T07:34:14,1765167715,didalatcungtruc,207600,"Tiệm cơm trưa view thông xanh ngát ở Đà Lạt, Cơm Nhà Thông gần trung tâm #comnhathong #antruadalat #comdalat #isbtalents #didalatcungtruc #reviewdalat #ancungtiktok ",,https://www.tiktok.com/@didalatcungtruc/video/7581337529404869909,3634,2758,104,303500,,
7574263664425962770,comdalat,2026-05-15T07:34:14,1763520689,quancomlinhdalat,12300,Khách đến quán có cần gọi cơm hay không #quancomlinh #comnhadalat #tiemcomdalat #quancomdalat #comgiadinh ,,https://www.tiktok.com/@quancomlinhdalat/video/7574263664425962770,32800,1404,195,887200,,
7636388936243301653,comdalat,2026-05-15T07:34:14,1777985357,comngondalat,1555,#đalat #đalatreview #Comdalat #Cơm #thodiadalat ,,https://www.tiktok.com/@comngondalat/video/7636388936243301653,20,1,2,263,,
7633687486434151701,comdalat,2026-05-15T07:34:14,1777356378,comngondalat,1555,Ghé trải nghiệm ngay cơm ĐÀ LẠT  141 BÙI THỊ XUÂN phường Xuân Hương Đà Lạt #comngon #Comdalat #comgiadinh ,,https://www.tiktok.com/@comngondalat/video/7633687486434151701,20,0,5,234,,
7631789139515428114,comdalat,2026-05-15T07:34:14,1776914384,vinhatiemcomdalat,638,"Người ta đi Đà Lạt để chill, còn mình ghé Vị Nhà để...ăn cơm như ở nhà. Đơn giản thôi, nhưng lại thấy dễ chịu đến lạ. 
#tiemcomvinha #comtruadalat #quancomdalat #dalat ",,https://www.tiktok.com/@vinhatiemcomdalat/video/7631789139515428114,24400,1020,237,448300,,
7604418686509681940,comdalat,2026-05-15T07:34:14,1770541704,didalatcungtruc,207600,"Tiệm cơm Thành Long Đà Lạt, tiệm cơm đã 20 năm nhiều người quen thuộc #tiemcomthanhlong #didalatcungtruc #isbtalents #ancungtiktok #reviewdalat #comtruadalat ",,https://www.tiktok.com/@didalatcungtruc/video/7604418686509681940,2690,1590,62,184800,,
7514631840213454088,comdalat,2026-05-15T07:34:14,1749636571,du_lich_dalat,242400,Quán Cơm Trưa Với Các Món Ăn Đặc Sản Của Người Đồng Bào Ngon Bình Dân Ngay Trung Tâm Đà Lạt#thodandalad#dalat#comtrua#quancomdalat#mocbbq#mocquan#checkindalat# ,,https://www.tiktok.com/@du_lich_dalat/video/7514631840213454088,6023,3767,213,354800,,
7586531780442836242,comdalat,2026-05-15T07:34:14,1766377084,budicafehehe_,151300,Tiệm cơm mà cái view cỡ này không á #dalat #reviewdalat #comlinhdalat #dalatdidau ,,https://www.tiktok.com/@budicafehehe_/video/7586531780442836242,1231,247,11,53800,,
7634391611350256903,comdalat,2026-05-15T07:34:14,1777520320,vinhatiemcomdalat,638,"Vị Nhà – một mâm cơm giản dị,
khói bếp còn vương,
đủ để ai đi qua một ngày dài
cũng có chỗ dừng lại nhẹ nhàng 
#vinha #comtrua #tiemcomdalat #dalatangi #dalat",,https://www.tiktok.com/@vinhatiemcomdalat/video/7634391611350256903,2160,111,44,98000,,
7594711439592426770,comdalat,2026-05-15T07:34:14,1768281557,cindyhan._,5904,#localdalat #comtam #comtamdalat #comtamnguyen #dalat ,,https://www.tiktok.com/@cindyhan._/video/7594711439592426770,3935,2353,55,213700,,
7638147907178237191,comdalat,2026-05-15T07:34:14,1778394897,comgasotdanhancachdalat,370,"Cơm gà sốt đồng giá 50xu với 10 loại sốt gà ngay trung tâm Đà Lạt 🫰🏻 YASSSSS
 #comgasotdanhancach #comgadalat #comgasottrung #dalatangi #fooddalat ",,https://www.tiktok.com/@comgasotdanhancachdalat/video/7638147907178237191,5723,1013,136,205300,,
7638636551517539605,comdalat,2026-05-15T07:34:14,1778508674,muoimethecomplex,23,"Một mâm cơm trọn vị, một khoảnh khắc yên bình với Muối Mè #muoime #comnieudalat #thecomplex #dalat #videoviral ",,https://www.tiktok.com/@muoimethecomplex/video/7638636551517539605,20,3,7,547,,
7570181839051083026,comdalat,2026-05-15T07:34:14,1762570314,quancomlinhdalat,12300,Giới thiệu sơ qua chi nhánh Trần Hưng Đạo cho nhà mình cùng xem nha #quancomlinh #comnhadalat #tiemcomdalat #antrua #viral ,,https://www.tiktok.com/@quancomlinhdalat/video/7570181839051083026,2070,162,26,96200,,
7639309889264848149,comdalat,2026-05-15T07:34:14,1778665443,quancomlinhdalat,12300,Bạn đang dùng bữa ở 2 chi nhánh cơm Linh vào những ngày đầu hè #quancomlinh #quancomdalat #comnhadalat #dalatangi #comnha ,,https://www.tiktok.com/@quancomlinhdalat/video/7639309889264848149,219,1,1,2600,,
7633010447058275591,comdalat,2026-05-15T07:34:14,1777198746,dienodalat.py,14700,Một tiệm cơm nhà mới mở ngay trung tâm Đà Lạt #dalat #dalatangi #tiemcomvinha ,,https://www.tiktok.com/@dienodalat.py/video/7633010447058275591,228,38,6,10400,,
7587392658046569748,comdalat,2026-05-15T07:34:14,1766577522,motbuacom.dl,803,Tại sao nên ghé Một Bữa Cơm vào dịp lễ tết sắp tới #antruadalat #dalat #1phutdalat #motbuacom #comnha #comtrua #dalatangi #xuhuong ,,https://www.tiktok.com/@motbuacom.dl/video/7587392658046569748,113,59,5,16600,,
7622143069621800199,comdalat,2026-05-15T07:34:14,1774668483,namkinhcan3004,50300,"Không gian thoáng mát, món ăn chất lượng, đến Đà Lạt mọi người chưa tìm được quán cơm trưa nào vừa ý, thì thử đến Tiệm Cơm Hồi Đó nha #dalatreview #dalatangi #monngondalat #learnontiktok #ancungtiktok ",,https://www.tiktok.com/@namkinhcan3004/video/7622143069621800199,4166,860,195,86700,,
7599686917617143061,comdalat,2026-05-15T07:34:14,1769440003,toanloanhquanh,175,Ở Đà Lạt 5 năm rồi mà giờ tui mới đi quán cơm nhà ngon như này luôn ✨🫶 #comtruadalat #comnhadalat #comngondalat #quancomlinh #fypシ゚viral ,,https://www.tiktok.com/@toanloanhquanh/video/7599686917617143061,1732,423,51,56000,,
7636600240900164871,comdalat,2026-05-15T07:34:14,1778034558,congtyvangbacgiabao,770400,Cơm tấm ngon Đà Lạt #giabaojewelry #congtyvangbacgiabao ,,https://www.tiktok.com/@congtyvangbacgiabao/video/7636600240900164871,221,12,9,11000,,
7590041201357786388,comdalat,2026-05-15T07:34:14,1767194183,didalatcungtruc,207600,"Bản Garden, tiệm cơm đồng bào ngon ở Đà Lạt #bangardendalat #didalatcungtruc #isbtalents #reviewdalat #ancungtiktok #antruadalat ",,https://www.tiktok.com/@didalatcungtruc/video/7590041201357786388,685,577,16,80700,,
7634190080785009940,comdalat,2026-05-15T07:34:14,1777473395,quancomlinhdalat,12300,"Một vài dòng tâm sự của tụi mình ngày hôm nay, hy vọng rằng sau cơn mưa trời lại sáng 🥺 #quancomlinh #quancomdalat #tamsu #comnhadalat #tiemcomdalat ",,https://www.tiktok.com/@quancomlinhdalat/video/7634190080785009940,648,18,20,44300,,
7631396488651787528,comdalat,2026-05-15T07:34:14,1776822962,trongtamdalat,199100,"Tiệm cơm ngon như nhà nấu , mọi người thử ăn chưa? #dalat #ongboreviewdalat #reviewdalat ",,https://www.tiktok.com/@trongtamdalat/video/7631396488651787528,596,396,19,49000,,
7617415115264052498,comdalat,2026-05-15T07:34:14,1773579300,tiemcomthidodalat,1052,"Set cơm 59.000 tại Đà Lạt - Đắt hay rẻ???
#dalat #comtruadalat #Tiemcomthido",,https://www.tiktok.com/@tiemcomthidodalat/video/7617415115264052498,4317,405,1146,114500,,
7639262348712267016,comdalat,2026-05-15T07:34:14,1778654375,quancomlinhdalat,12300,Trưa hè với những bữa cơm quen thuộc bên căn nhà nhỏ #quancomlinhdalat #comgiadinh #dalatangi #binhyen ,,https://www.tiktok.com/@quancomlinhdalat/video/7639262348712267016,2207,7,2,20700,,
7531414422338768146,comdalat,2026-05-15T07:34:14,1753544071,huongnoidian,101400,+ 1 máy ghiền Quán cơm Linh ở Đà Lạt #reviewanngon #ancungtiktok #LearnOnTikTok #tryitwithtiktok #huongnoidian ,,https://www.tiktok.com/@huongnoidian/video/7531414422338768146,2521,1368,50,166300,,
7333588515239808257,cafedalat2024,2026-05-15T07:34:28,1707484141,naoranhcaphe,81600,Dành cho mấy bạn Dalat lover nè #naoranhcaphe #dalat #cafedalat #coffedalat,,https://www.tiktok.com/@naoranhcaphe/video/7333588515239808257,515,70,6,75600,,
7634402759697386760,cafedalat2024,2026-05-15T07:34:28,1777522912,didaubaygio2024,26700,"Top một trong những quán cafe vibe chữa lành mà cả nhà nhất định phải ghé khi đến Đà Lạt ❤️
#didaubaygio #didaubaygio2024 #tuimotocafe #dalat #coffee ",,https://www.tiktok.com/@didaubaygio2024/video/7634402759697386760,343,10,4,6840,,
7421851982341704978,cafedalat2024,2026-05-15T07:34:28,1728034578,riviulauki,155,Đà Lạt lại thêm nhiều quán cafe mới nè mụi người #dalat #dulichdalat #dalattrip #dalatreview #dalatreviewcotam #viral #xhtiktok #dalat2024 #checkindalat #trendy #dalatstory #dalatcoffee ,,https://www.tiktok.com/@riviulauki/video/7421851982341704978,167,56,13,43600,,
7399602885719346450,cafedalat2024,2026-05-15T07:34:28,1722870000,traveleverywhere.vn,23700,Quán cafe Thời Thanh Xuân nơi làm việc của các bạn khiếm thính mang lại sự yên bình ngay giữa lòng Đà Lạt #cafe #dalat #reviewdalat #reviewcafe #xuhuong #2024 #dalatdidau #checkindalat,,https://www.tiktok.com/@traveleverywhere.vn/video/7399602885719346450,298,156,10,21500,,
7444802163194236178,cafedalat2024,2026-05-15T07:34:28,1733378084,7749ngaydichoi,29200,Đà Lạt thuii #coffeetiktok #dalat #cafedalat #cafedalat2024 #café #cafe ,,https://www.tiktok.com/@7749ngaydichoi/video/7444802163194236178,24000,10200,274,908700,,
7360999643209026832,cafedalat2024,2026-05-15T07:34:28,1713866291,toiudl,49300,Cập nhật giá nước các quán cafe hot nhất Đà Lạt 2024 🫡 #dalat #riviudalat #reviewdalat #cafe #coffee #quancafedep #cafedalat ,,https://www.tiktok.com/@toiudl/video/7360999643209026832,29,6,2,7392,,
7442942424147692817,cafedalat2024,2026-05-15T07:34:28,1732945104,chulamreview,60300,Tiệm cafe bên suối đẹp điêngggg chỉ với 45 cành #xuhuongtiktok2024 #tiktok #xuhuong #dalat #reviewdalat #review #cafetiktok #reviewcafe #dalatstory #viralvideo #fyp #trending #viral #vietnam #đalatstatus #xhtiktok #chulamreview #thebalihill ,,https://www.tiktok.com/@chulamreview/video/7442942424147692817,12000,6068,446,576600,,
7443779642986712337,cafedalat2024,2026-05-15T07:34:28,1733140034,chulamreview,60300,"Quán cafe đang hot nhất lúc này tại Đà Lạt, đẹp điênggggg#xuhuongtiktok2024 #cafe #coffee #noel #giangsinh #giangsinh2024 #cafedalat #tiktok #review #chulamreview #viral #reviewdalat #merrychristmas #xmas #fyp #puppyfarm ",,https://www.tiktok.com/@chulamreview/video/7443779642986712337,271,222,26,26100,,
7333407707489127682,cafedalat2024,2026-05-15T07:34:28,1707442053,trendoicomay,9944,Mỗi bình mình sớm mai 🌅🌅#trendoicomay #dalat #2024 #treding ,,https://www.tiktok.com/@trendoicomay/video/7333407707489127682,900,152,43,139900,,
7326562163907235074,cafedalat2024,2026-05-15T07:34:28,1705848192,hiakhoa,7450,"Bạn có biết Đà Lạt vừa có 1 quán cafe thú cưng mới. Đây là Cherry Pet Coffee ở Tự Phước nha. Mở cửa 7:00-22:00.
#quancafedalat #dalat #dalat2024 ",,https://www.tiktok.com/@hiakhoa/video/7326562163907235074,227,122,7,28300,,
7374785993670413576,cafedalat2024,2026-05-15T07:34:28,1717076172,thaine812,16800,Quán cà phê đẹp nhất đồi chè cầu đất là đây #teehaydi #haiyihcoffee #caphedepdalat #dalat2024 ,,https://www.tiktok.com/@thaine812/video/7374785993670413576,3344,1850,143,197900,,
7437439173222616328,cafedalat2024,2026-05-15T07:34:28,1731663753,dephonmoingay1905,892,"Mấy bà đi thử chưa 🥰🥰
#dalat #dalatreview #coffeedalat ",,https://www.tiktok.com/@dephonmoingay1905/video/7437439173222616328,12,1,2,194,,
7491299171199159559,cafedalat2024,2026-05-15T07:34:28,1744204012,haliscelife,12100,"How to visit a best cafe of 2024 near Dalat!

It's a wonderful place. The view of the statue and the waterfall is amazing. The 110,000 dong entrance fee includes a coffee, a cake, and a tour. The coffee was truly delicious. We spent almost four hours here.",,https://www.tiktok.com/@haliscelife/video/7491299171199159559,8,0,0,231,,
7355881486559595794,cafedalat2024,2026-05-15T07:34:28,1712674627,vpmun,237,❤️‍🔥#friendship #bạnbè #chill #cafe #xh #travel #đàlạt #dalat2024 #xhtiktok #dalatcafe ,,https://www.tiktok.com/@vpmun/video/7355881486559595794,65,28,1,4762,,
7347781883209534726,cafedalat2024,2026-05-15T07:34:28,1710788789,nurrul.k,368,"pov: you’re visiting a cafe in Da Lat

#dalat #dalatvietnam #vietnam #dalatcafe #dalatstory #dalattrip #dalatreview #dalat2024 #tiemcaphetuimoto ",,https://www.tiktok.com/@nurrul.k/video/7347781883209534726,62,3,1,1606,,
7529876407002959122,cafedalat2024,2026-05-15T07:34:28,1753185974,khuvuonmuahe,688,"Khu vườn mùa hè hẹn bạn 🌿🍃
📍27 hẻm 1 , đường Đặng Thái Thân , p3 , Đà lạt 
📞 093 6525327
#reviewdalat #dalattrip #khuvuonmuahecafe #khuvuonmuahedalat #caphedalat #dalatcoffee #quancaphedepdalat #xuhuong2024 #viralvideo #cafedalat #giangsinhdalat #lear#caphe#cafe#coffee#reviewcafe #khuvuonmuahecafe#dalat #foryou#viral #travel #hastag#delicious #vlog#xuhuong #fyp ",,https://www.tiktok.com/@khuvuonmuahe/video/7529876407002959122,97,41,27,2118,,
7551067372229102866,cafedalat2024,2026-05-15T07:34:28,1758119881,onenightstation,63,"Tiệm cà phê Hoàng Hôn Chiều
 📸 2024 Dec, 14
•
•
• 
#dalat #vietnam #เวียดนาม #ดาลัด #เที่ยวเวียดนาม ",,https://www.tiktok.com/@onenightstation/video/7551067372229102866,50,19,23,900,,
7445544724238306568,cafedalat2024,2026-05-15T07:34:28,1733550975,dalatlokal,9985,"Hoa cafe
#dalatlokal #dalatstory #dalat #dalatreview #dalatfestival2024 #dalattrip #dalattravel #chill #dalatchill #dalatcoffee #cafe ",,https://www.tiktok.com/@dalatlokal/video/7445544724238306568,876,546,17,36200,,
7317634272913935618,cafedalat2024,2026-05-15T07:34:28,1703769516,thanhluan.1010,5563,Đón TẾT 2024 sớm tại Cafe vibe Đà Lạt 🧧 #coffee #cafe #reviewcafe #tet2024 #tiemcafethangbay #tiemcafethang7 #cafedeptanphu #cafetet ,,https://www.tiktok.com/@thanhluan.1010/video/7317634272913935618,63,2,5,3662,,
7325010893652102402,cafedalat2024,2026-05-15T07:34:28,1705487005,petitapetit18b,182,Petit à petit quán cà phê tại Đà Lạt sắp Grand Opening vào 18/01/2024 mời các bạn đến với chúng mình nhé 🩷 #dalat #caphedalat #cafechill #cafexinh #cafesongao #reviewcafe ,,https://www.tiktok.com/@petitapetit18b/video/7325010893652102402,1467,286,82,60200,,
7434140072196246791,cafedalat2024,2026-05-15T07:34:28,1730895621,chulamreview,60300,Địa điểm checkin Noel dự kiến sẽ rần rần trong thời gian tới #xuhuong2024 #xh #review #reviewcafe #chulamreview #mẻychristmas🎄🎁🎊 #merrychristmas #xmas #learnontiktok #viralvideo #viral #noel #cafedalat #dalat #fyp #view #puppyfarm ,,https://www.tiktok.com/@chulamreview/video/7434140072196246791,68500,41100,2436,2100000,,
7443678965849541889,cafedalat2024,2026-05-15T07:34:28,1733116605,chulamreview,60300,Tiệm cà phê tone đen trắng cực xịn tại Đà Lạt#xuhuongtiktok2024 #cafesongao #reviewcafe #reviewcafesongao #cafe #quáncafeviewđẹp #cafedalat #tiktok #xuhuong #review #reviewdalat #viralvideo #chulamreview #waicafe ,,https://www.tiktok.com/@chulamreview/video/7443678965849541889,1599,254,43,37600,,
7343878599365184769,cafedalat2024,2026-05-15T07:34:28,1709879988,sonrakhe,286800,Cafe ngắm mây đẹp 2024 bạn không nên bỏ lỡ #ancungtiktok #learnontiktok #sonrakhe #travelbloger #foodreview #dalat #sanmaydalat #sanmay #cafeviewdep ,,https://www.tiktok.com/@sonrakhe/video/7343878599365184769,1949,202,88,52800,,
7324239184787541256,cafedalat2024,2026-05-15T07:34:28,1705307331,chillwithvyuyennn,9523,Quán cà phê tone đen đang hot tại Đà Lạt 🖤 #ThanhThoiLuotTet #dalat #fyp #dalattrip #dalatcoffee #2024 #dalattrip ,,https://www.tiktok.com/@chillwithvyuyennn/video/7324239184787541256,1154,154,31,39300,,
7453034051700608264,cafedalat2024,2026-05-15T07:34:28,1735294719,harri.vah,880,Cafe Vùng Ngoại Ô . Một chiếc cafe làm rung động những tâm hồn mơ mộng ở Đà Lạt @Tiệm cà phê Vùng Ngoại Ô #dalattrip #dalat2024 #dalatstory #vungngoaiodalat #xuhuong #fyp ,,https://www.tiktok.com/@harri.vah/video/7453034051700608264,248,4,8,3151,,
7400256633311382791,cafedalat2024,2026-05-15T07:34:28,1723006518,caphedalatviewdep,24,"DEVON COTTAGE Tea Room in Dalat
#cafedalat #coffeetiktok #coffedalat #dalat #xh #xuhuong #xuhuong2024 #xhhhhhhhhhhhhhhhhhhhhhhh #fyp #viral #foryoupage ",,https://www.tiktok.com/@caphedalatviewdep/video/7400256633311382791,33,16,1,3031,,
7446275711201053959,cafedalat2024,2026-05-15T07:34:28,1733721171,chulamreview,60300,Đi lẹ không là hết hoa tới nơi 😂#xuhuongtiktok2024 #hoadaquy #review #dalat #chill #reviewcafe #cafetiktok #cafedalat #dalatcoffee #reviewdalat #chulamreview #calalily #fypシ゚ #fyp ,,https://www.tiktok.com/@chulamreview/video/7446275711201053959,182,42,12,12000,,
7409930280238124295,cafedalat2024,2026-05-15T07:34:28,1725258842,heuupham95,208200,"Tiệm cafe của thanh xuân 2024 
#travel #food #cafe #review #heuuulatui #dalat #learnontiktok #xuhuong #dqn ",,https://www.tiktok.com/@heuupham95/video/7409930280238124295,2250,574,76,63700,,
7362513512943357185,cafedalat2024,2026-05-15T07:34:28,1714218770,nanhor_,6105,"Quán cafe xinh xỉuuuu, mà nước hơi cao tẹo 🥲. Cây cây hoa hoa là thích òi 😘 #2024 #nanhor_ #dalatreview #review #fyp #dalat #food ",,https://www.tiktok.com/@nanhor_/video/7362513512943357185,34,2,3,1917,,
7325273773047909650,cafedalat2024,2026-05-15T07:34:28,1705548216,chillwithvyuyennn,9523,Trông - quán cà phê tone đen siêu hot dạo gần đây cùng concept hoa tulip mới 🌷 #dalat #fyp #ThanhThoiLuotTet #dalatcoffee #dalatreview #dalattrip #2024 #dalattravel ,,https://www.tiktok.com/@chillwithvyuyennn/video/7325273773047909650,148,25,4,17200,,
7635497474953596167,khamphadalat,2026-05-15T07:34:30,1777777798,thanhlanbt88,4443,Thác Pongour được mệnh danh là thác hùng vĩ nhất tại Đà Lạt. Với vẻ đẹp hoang sơ và không kém phần thơ mộng là điểm đến lý tưởng khi khám phá Đà Lạt#thanhlanbt88 #canhdepdalat #khamphadalat #thacnuoc#thacpongour ,,https://www.tiktok.com/@thanhlanbt88/video/7635497474953596167,14,10,3,495,,
7537683963142245633,khamphadalat,2026-05-15T07:34:30,1755058500,happydaytravel,74300,Lưu lại để có những trải nghiệm du lịch đáng nhớ cùng Happy Day nha 🥰 #happydaylamdong #happydaytravel #tourdalat #khamphadalat #dalatdidauchoi #dalat #reviewdalat,,https://www.tiktok.com/@happydaytravel/video/7537683963142245633,7907,5620,258,399500,,
7262940646841847048,khamphadalat,2026-05-15T07:34:30,1691035150,sugarmaker72,22000,"Chinh phục Pinhatt. Có ai muốn lên đỉnh với Tuyên không nè? 
#đàlạt #dĩnhtiên #cuocsongdalat #fyp #foryou #dalatstory #langthangdalat #khamphadalat #dalatreview #reviewdalat #phuotdalat #leonui #pinhatt #rongchoidalat #ghiendalat #dalat ",,https://www.tiktok.com/@sugarmaker72/video/7262940646841847048,301,81,45,14600,,
7590939058159832328,khamphadalat,2026-05-15T07:34:30,1767403240,dulich.innotour,414,"Đà Lạt mộng mơ 

#innotour #dalat #khamphadalat ",,https://www.tiktok.com/@dulich.innotour/video/7590939058159832328,5,0,1,456,,
6722658333305720066,khamphadalat,2026-05-15T07:34:30,1565240872,mittorau,985,khám phá Đà Lạt : nấm dừa #bungbutv #đà_lạt #đàlạt #khámphá #trekking #nấm,,https://www.tiktok.com/@mittorau/video/6722658333305720066,9974,68,106,704100,,
7235866563163835653,khamphadalat,2026-05-15T07:34:30,1684731474,sugarmaker72,22000,"Năm nay có vẻ được thần nấm độ rồi 🥰🍄
#dĩnhtiên #dalat #khamphadalat #dalatstory #cuocsongdalat #nấm #háinấm #fyp #foryou #reviewdalat #dalatreview #ghiendalat #dalattrip #anchoidalat ",,https://www.tiktok.com/@sugarmaker72/video/7235866563163835653,5440,156,243,116400,,
7241157494825831685,khamphadalat,2026-05-15T07:34:30,1685963364,sugarmaker72,22000,Nấm bé na 🍄🐍 #dalat #dĩnhtiên #háinấm #nấm #cuocsongdalat #khamphadalat #foryou #dalatstory #dalatreview #reviewdalat #ghiendalat #fypシ #dulichdalat ,,https://www.tiktok.com/@sugarmaker72/video/7241157494825831685,2088,41,114,53200,,
7108280272898034971,khamphadalat,2026-05-15T07:34:30,1655025472,sugarmaker72,22000,Đừng đi một mình nếu bạn yếu tim  #dalat #dĩnhtiên #khámphánhàhoang #khamphadalat #reviewdalat #foryou #fyp #dulich #phuotdalat,,https://www.tiktok.com/@sugarmaker72/video/7108280272898034971,10300,414,379,203600,,
7242163733852654853,khamphadalat,2026-05-15T07:34:30,1686197647,sugarmaker72,22000,"Cùng đi, cùng đi, cùng đi hái nâm 🍄🤣🤣🤣#dalat #dĩnhtiên #cuocsongdalat #nấm #háinấm #foryou #dalatstory #khamphadalat #dalatreview #reviewdalat #ghiendalat #fyp #dalattrip #dulichdalat ",,https://www.tiktok.com/@sugarmaker72/video/7242163733852654853,998,25,61,26600,,
7235487781806427397,khamphadalat,2026-05-15T07:34:30,1684643281,sugarmaker72,22000,Ngày đầu mà hái được nhiêu đây cũng xem là một khởi đầu thuận lợi cho mùa nấm năm nay 🍄 #dĩnhtiên #dalat #háinấm #khamphadalat #dalatstory #cuocsongdalat #foryou #nấm #cuocsongthuongngay #fyp ,,https://www.tiktok.com/@sugarmaker72/video/7235487781806427397,4589,209,225,134100,,
7226685693622275333,khamphadalat,2026-05-15T07:34:30,1682593885,sugarmaker72,22000,Lần đầu trải nghiệm hái mận siêu u mê ở Đà Lạt #dalat #dĩnhtiên #dalatstory #khamphadalat #dulichdalat #ancungtiktok #cuocsongdalat #dalatreview #ghiendalat #dalattrip #foryou #anchoidalat ,,https://www.tiktok.com/@sugarmaker72/video/7226685693622275333,184,29,59,17400,,
7367962541466717456,khamphadalat,2026-05-15T07:34:30,1715487469,sugarmaker72,22000,"Nay Dĩnh Tiên dắt bạn đi du lịch xa #dalat xíu nha cụ thể là Sao Hoả 😂 #dĩnhtiên #rongchoidalat #foryou #dalatreview #cuocsongdalat #fyp #langthangdalat #phuotdalat #baolam #reviewdalat #khamphadalat
Chỗ này không nên tới nên mọi người coi online thôi nha ",,https://www.tiktok.com/@sugarmaker72/video/7367962541466717456,108300,1265,3252,4000000,,
7129358708542393627,khamphadalat,2026-05-15T07:34:30,1659933183,mr.cunghe,161000,BÚN BÒ HUẾ THIÊN TRANG 2 - 28 Hô Tùng Mậu - Đà Lat#xuhuongtiktok2022 #trainghiemamthuc #thanhphonganhoa #amthucdalat #khamphadalat,,https://www.tiktok.com/@mr.cunghe/video/7129358708542393627,16900,1644,656,625700,,
7236194040532782342,khamphadalat,2026-05-15T07:34:30,1684807719,sugarmaker72,22000,Replying to @Heo Sữa🐽🥛 Dĩnh Tiên mời bạn ăn nha #dĩnhtiên #dalat #khamphadalat #cuocsongdalat #dalatstory #nấm #háinấm #foryou #reviewdalat #dalatreview #ghiendalat #ancungtiktok #cooking ,,https://www.tiktok.com/@sugarmaker72/video/7236194040532782342,704,19,74,24200,,
7238524324284615941,khamphadalat,2026-05-15T07:34:30,1685350283,sugarmaker72,22000,"Bị mê hái nấm quá rồi 🍄 
#dalat #dĩnhtiên #nấm #háinấm #dalatstory #dalatreview #reviewdalat #dulichdalat #khamphadalat #cuocsongdalat #foryou #dalattrip #ghiendalat #foryoupage #fyp ",,https://www.tiktok.com/@sugarmaker72/video/7238524324284615941,820,16,90,21100,,
7214046849970277659,khamphadalat,2026-05-15T07:34:30,1679651179,khamphadalat_,1,,,https://www.tiktok.com/@khamphadalat_/video/7214046849970277659,17,0,0,664,,
7551448902092737793,khamphadalat,2026-05-15T07:34:30,1758286800,bacsinoduytam,118000,Thịt dư vùng âm hộ. #bacsinoduytam #DrTamEva #pkspktambinhan #khamphukhoadalat,,https://www.tiktok.com/@bacsinoduytam/video/7551448902092737793,139,8,8,16500,,
7556062829493619988,khamphadalat,2026-05-15T07:34:30,1759293000,bacsinoduytam,118000,Sau sinh 6 tháng chưa sinh hoạt vợ chồng??! #bacsinoduytam #khamphukhoadalat #khamthaibstamdalat #pkspktambinhan #DrTamEva #khamhienmuon #hienmuon #phunusausinh #tantrangcobe #chuyenvochong #lotuyencotucung,,https://www.tiktok.com/@bacsinoduytam/video/7556062829493619988,2486,173,214,204300,,
7249212040026311942,khamphadalat,2026-05-15T07:34:30,1687838710,sugarmaker72,22000,Vào rừng có gì thú vị? #dalat #dĩnhtiên #dalatstory #cuocsongdalat #ghiendalat #nấm #háinấm #khamphadalat #foryou #learnontiktok ,,https://www.tiktok.com/@sugarmaker72/video/7249212040026311942,524,8,39,19000,,
7551847259541998868,khamphadalat,2026-05-15T07:34:30,1758459600,bacsinoduytam,118000,Bí quyết sinh con trai - con gái. #bacsinoduytam #DrTamEva #pkspktambinhan #khamphukhoadalat #khamthaibstamdalat #tranhthaiantoan,,https://www.tiktok.com/@bacsinoduytam/video/7551847259541998868,18500,7507,480,703100,,
7559142273007586578,khamphadalat,2026-05-15T07:34:30,1759999965,bacsinoduytam,118000,Có thai 3 tháng đầu uống nước dừa có gây hại cho thai không? #bacsinoduytam #phongkhamsanphukhoatambinhan #tranhthaiantoan❤ #khamphukhoadalat #nuocdua ,,https://www.tiktok.com/@bacsinoduytam/video/7559142273007586578,2050,616,82,132600,,
7563382503281642782,khamphadalat,2026-05-15T07:34:30,1760987241,official._.kamran,10500,Temporary 🥀,,https://www.tiktok.com/@official._.kamran/video/7563382503281642782,67,1,32,1606,,
7111506426798804250,khamphadalat,2026-05-15T07:34:30,1655776625,sugarmaker72,22000,"Reply to @_hannie.tran_ T tìm ra rồi nè, nhưng mà nó lạ lắm 😥 #dalat #dĩnhtiên #khamphadalat #dalatstory #thiennhien #moitruong #foryou #reviewdalat",,https://www.tiktok.com/@sugarmaker72/video/7111506426798804250,212,25,12,18600,,
7632668329492139286,khamphadalat,2026-05-15T07:34:30,1777119087,dobronxsae,34500,Khamzat Chimaev🐺🔥 // DM For Sound Promo // #khamzatchimaev #edits #ufc #mma #foryou ,,https://www.tiktok.com/@dobronxsae/video/7632668329492139286,57200,2628,636,698700,,
7637668365380717855,khamphadalat,2026-05-15T07:34:30,1778283260,perfumesdeloasis,150300,"Khamrah Waha 🥶 

@perfumesdeloasis 

#perfumes #khamrahwaha ",,https://www.tiktok.com/@perfumesdeloasis/video/7637668365380717855,10800,768,98,158200,,
7424901134071958792,khamphadalat,2026-05-15T07:34:30,1728744514,mdk_fans,145400,Pashtun Qaami Adalat Screen Documentary 💔 #Malak_Darya_khan_Afridi #11october #11octoberpashtoonnationalcourt #manzoor_pashteen #manzoorahmadpashteen #chief_of_zakhakhel #mdk_fans #layseverywhere #2024 #pakistan #burhantv #fypシ #tiktok #foryou #viral #video ❤️🌸🥰,,https://www.tiktok.com/@mdk_fans/video/7424901134071958792,31900,237,463,349900,,
7424933587935431944,khamphadalat,2026-05-15T07:34:30,1728752071,itx_dada7,1193,Mashar Khan Wali on Fire #11october #manzoor #October11دہ #manzoor_pashteen #khyber #pashtoonqumiadalat #gelamanwazir #11October #October11 #kpk #gelaman #khanwali ,,https://www.tiktok.com/@itx_dada7/video/7424933587935431944,12000,221,440,75400,,
7516186128945319186,khamphadalat,2026-05-15T07:34:30,1749998459,biraspak.kmc,1279,"Amir khan proud that he is Muslim and indian #podcast #amirkhan 

#aapkiadalat #amirkhanpodcast #indiatv #aapkiadalatamirkhan #youtubeshorts ",,https://www.tiktok.com/@biraspak.kmc/video/7516186128945319186,34300,301,144,1700000,,
7638129335047556373,khamphadalat,2026-05-15T07:34:30,1778390579,nurulloewwww03,2089,Khamzat💔..|#ufc328 #sad #ufc #khamzatchimaev #fyp ,,https://www.tiktok.com/@nurulloewwww03/video/7638129335047556373,10300,1211,213,111900,,
7509742123164470546,sanmaydalat,2026-05-15T07:34:46,1748498098,sanmaycaugo_binhminh,33100,Một địa điểm săn mây Đà Lạt mà bạn không muốn share cho đứa bạn thân ⛅️📸. #sanmaycaugobinhminh #dalat #sanmay #sanmaydalat #sanmaycaudat #xuhuong ,,https://www.tiktok.com/@sanmaycaugo_binhminh/video/7509742123164470546,64500,14900,646,2600000,,
7604811020229528839,sanmaydalat,2026-05-15T07:34:46,1770633050,sanmaydalat_,34500,Săn mây Đà Lạt không thua kém gì Tà Xùa đâu mấy bà uiii 😚 #toursanmaydalat #sanmaydalat #sanmaycaugobinhminh #vancongtoursanmaydalat #checkindalat,,https://www.tiktok.com/@sanmaydalat_/video/7604811020229528839,11700,4159,319,318400,,
7639622388962888978,sanmaydalat,2026-05-15T07:34:46,1778738202,tiemcaphevungngoaio,17800,"Xe Phương Trang có trung chuyển đến Vùng Ngoại Ô miễn phí. Nên mọi người yên tâm ghé sớm săn mây nhaaa
#tiemcaphevungngoaio #sanmaydalat #diadiemsanmay #caphesanmaygantrungtam #caphesanmaydalat  ",,https://www.tiktok.com/@tiemcaphevungngoaio/video/7639622388962888978,1173,573,10,28600,,
7639646671638449429,sanmaydalat,2026-05-15T07:34:46,1778743859,kedisanmay,313,Wow chính nó rồi ⛅️. #sanmaycaugobinhminh #sanmaydalat ,,https://www.tiktok.com/@kedisanmay/video/7639646671638449429,26,5,3,320,,
7639907780790340884,sanmaydalat,2026-05-15T07:34:46,1778804653,toursanmaydalat39,78100,Săn sương thành công..dki tour ib em zl trên kênh.#hoangsanmaydalat #dalat #dulich #sanmaycaudat #sanmaydalat ,,https://www.tiktok.com/@toursanmaydalat39/video/7639907780790340884,3,0,0,64,,
7638194518499544340,sanmaydalat,2026-05-15T07:34:46,1778405752,kedisanmay,313,Chỉ cần chúng ta đi Đà Lạt là săn được biển mây ⛅️. #sanmaycaugobinhminh #sanmaydalat #dalat ,,https://www.tiktok.com/@kedisanmay/video/7638194518499544340,105,25,20,1653,,
7638877411093826823,sanmaydalat,2026-05-15T07:34:46,1778564761,tiemcaphevungngoaio,17800,"4h sáng ở Đà Lạt nhất định phải đi săn mây nha quý zị ơiii
#tiemcaphevungngoaio #sanmaydalat #diadiemsanmay #caphesanmaygantrungtam #caphesanmaydalat ",,https://www.tiktok.com/@tiemcaphevungngoaio/video/7638877411093826823,2963,1151,31,57100,,
7639750941910076679,sanmaydalat,2026-05-15T07:34:46,1778768134,tiemcaphevungngoaio,17800,"Báo thức đã điểm, chốt kèo 4h sáng mai dậy săn mây nha Đà Lạt ơiii
#tiemcaphevungngoaio #sanmaydalat #diadiemsanmay #caphesanmaygantrungtam #caphesanmaydalat ",,https://www.tiktok.com/@tiemcaphevungngoaio/video/7639750941910076679,17,3,0,583,,
7624462846444735752,sanmaydalat,2026-05-15T07:34:46,1775208603,min.du.mc,146700,"Đặc sản Đà Lạt mang tên săn mây
Ghé Miền Du Mục để test nhân phẩm săn mây, đón bình minh & ngắm hoàng hôn nha
#2026 #dalat #sanmaydalat #sanmay #binhminh #miendumuc #hoanghon #hoanghondalat",,https://www.tiktok.com/@min.du.mc/video/7624462846444735752,325000,46200,534,2100000,,
7638974867492162824,sanmaydalat,2026-05-15T07:34:46,1778587443,sanmaydalat_,34500,Săn mây tháng 5 vào hè #sanmaydalat #toursanmaydalat #sanmaycaudat #sanmaycaugobinhminh #dalat ,,https://www.tiktok.com/@sanmaydalat_/video/7638974867492162824,24,5,6,898,,
7633418157130108181,sanmaydalat,2026-05-15T07:34:46,1777293669,anngoncungcam01,88600,"Đà Lạt - Honami Farm 
Địa điểm, quán săn mây mới cách chợ Đà Lạt khoảng 10 phút đi xe máy rất là chill.
#xuhuong #review #coffee #sanmaydalat #dulich ",,https://www.tiktok.com/@anngoncungcam01/video/7633418157130108181,356,81,57,39900,,
7639713528026385685,sanmaydalat,2026-05-15T07:34:46,1778759426,lac_duong_hill,9760,"cái con dốc bao Tình mà không ai để ý hết hè ...
#LAC_DUONG_Hill #sanmaydalat #vìviewmàđến #coffeeviewdep ",,https://www.tiktok.com/@lac_duong_hill/video/7639713528026385685,18,0,0,309,,
7638922745614470418,sanmaydalat,2026-05-15T07:34:46,1778575307,tan357tourdalat,4448,"12/5 – săn mây cực đẹp ☁️
199k thôi – đi là mê 🤭
Chốt nhanh kẻo hết kèo!#Toursanmay #SanMayDaLat #199kBaylenMay #chill #tansanmaydalat ",,https://www.tiktok.com/@tan357tourdalat/video/7638922745614470418,96,17,3,4224,,
7634729120550735124,sanmaydalat,2026-05-15T07:34:46,1777598907,thacmay,26800,"Một chút hoàng hôn ở tiệm chúng em ạ...

#thacmaychill #thacmayvachill #hoanghondalat #tiemcaphe #sanmaydalat #thacmay",,https://www.tiktok.com/@thacmay/video/7634729120550735124,896,60,20,170200,,
7639568473017945364,sanmaydalat,2026-05-15T07:34:46,1778725655,thacmay,26800,"Nghe một bản nhạc thật chill…

#thacmaycaphe #tiemcaphethacmay #sanmaydalat #hoanghondalat #thacmayvachill ",,https://www.tiktok.com/@thacmay/video/7639568473017945364,86,28,16,2077,,
7637071406009781512,sanmaydalat,2026-05-15T07:34:46,1778144258,phuoctour,96100,Săn mây tranh thủ ra tua bin 10 quay trend nha mấy ní..#sanmay199k #toursanmaydalat #sanmaydalat #phuocvosanmay #xuhuongtiktok ,,https://www.tiktok.com/@phuoctour/video/7637071406009781512,2156,584,50,132900,,
7540824125963586834,sanmaydalat,2026-05-15T07:34:46,1755734945,dhii18ten,540,Đà lạt + ghé qua = 1000% sát thương 😇                                                      #dalat #sanmay #sanmaydalat ,,https://www.tiktok.com/@dhii18ten/video/7540824125963586834,62300,8632,464,798100,,
7624765802075442453,sanmaydalat,2026-05-15T07:34:46,1775279142,the.heo.coffee.ca,270,Thử 1 bữa dậy sớm đi săn mây và kết quả #theheocoffeecamp #xuhuong #dalat #sanmaydalat #theheodaphu,,https://www.tiktok.com/@the.heo.coffee.ca/video/7624765802075442453,391,101,60,19800,,
7639683683871411476,sanmaydalat,2026-05-15T07:34:46,1778756400,sucsongdalattravel,251,"14.05.26. Đà Lạt 22 độ C
4 giờ rưỡi sáng, lạnh run, buồn ngủ — nhưng nhìn thấy cái này rồi thì hết hối hận luôn 🌫️
📸 Thanh Viet
#dalat #sucsongdalat #dalatthang5 #sanmaydalat #xuhuong #thoitietdalat",,https://www.tiktok.com/@sucsongdalattravel/video/7639683683871411476,14,0,2,242,,
7635134436803218709,sanmaydalat,2026-05-15T07:34:46,1777693274,thch.i.trekk,959,Săn mây đồi chè Cầu Đất 2/5 #sanmay #sanmaydalat #dalat #doichecaudat #viralvideo ,,https://www.tiktok.com/@thch.i.trekk/video/7635134436803218709,101,18,12,2373,,
7625562772595543303,sanmaydalat,2026-05-15T07:34:46,1775464694,howaboutthao,54,"Buổi sáng ở Đà Lạt 
#dalat #dalattrip #fyp #sanmaydalat #doimanglin ",,https://www.tiktok.com/@howaboutthao/video/7625562772595543303,524,12,18,4810,,
7638976377018043669,sanmaydalat,2026-05-15T07:34:46,1778587792,shebarber0,4148,Đalat mây và em #sanmay #sanmaydalat #fyp ,,https://www.tiktok.com/@shebarber0/video/7638976377018043669,33,7,14,441,,
7387748570369232146,sanmaydalat,2026-05-15T07:34:46,1720094259,kacosmetic95,109000,"⛅️ Đây là điểm Săn Mây mà mình thấy đẹp nhất tại Đà Lạt , mùa này săn mây đúng bài luôn rồi 🥰 #buikieuanh #kacosmetic #dalat #sanmay #vlogs ",,https://www.tiktok.com/@kacosmetic95/video/7387748570369232146,16800,6101,504,556900,,
7603720185215864084,sanmaydalat,2026-05-15T07:34:46,1770379071,tt03082024,70,"Top những trải nghiệm nên thử khi đi Đà Lạt
Top 1: Săn mây 10 độ lúc 4h30 sáng 🥶
#sanmaydalat ",,https://www.tiktok.com/@tt03082024/video/7603720185215864084,19000,4515,112,322900,,
7603906725929831701,sanmaydalat,2026-05-15T07:34:46,1770422508,thacmay,26800,"Sớm nay ai không ngắm mây là tiếc hùi hụi luôn nghen ☀️☁️☕️

#thacmaychill #tiemcaphethacmay #quancapheviewdep #thacmayvachill #sanmaydalat ",,https://www.tiktok.com/@thacmay/video/7603906725929831701,19300,6546,166,486000,,
7639361491472256263,sanmaydalat,2026-05-15T07:34:46,1778677458,hin.trng955,896,#duet cùng @dalatusdt #sanmaydalat ,,https://www.tiktok.com/@hin.trng955/video/7639361491472256263,6,0,1,90,,
7639353927929974036,sanmaydalat,2026-05-15T07:34:46,1778675697,ttvan2004,14,Đi Đà Lạt thuiii #dalat #sanmaydalat,,https://www.tiktok.com/@ttvan2004/video/7639353927929974036,14,0,0,584,,
7639637008318598420,thacdalat,2026-05-15T07:34:49,1778741609,ziemzhi0,1127,Da lat.                                         #dalat #thacdatanla #fyp,,https://www.tiktok.com/@ziemzhi0/video/7639637008318598420,6,0,0,114,,
7639706298803555604,thacdalat,2026-05-15T07:34:49,1778757740,thacmaydalat,2307,"Có những lúc giữa phố đông chỉ muốn được trở về quê nhà, ngồi trước hiên nghe tiếng gió, nhìn trời chiều chậm rãi trôi qua và thấy lòng mình nhẹ hơn.#thacmayvachill #sanmay #tiemcaphethacmay #thacmaydalat #sanmaydalat ",,https://www.tiktok.com/@thacmaydalat/video/7639706298803555604,23,14,1,338,,
7639727366410947848,thacdalat,2026-05-15T07:34:49,1778762644,tuyetngung1808,721,"tới nơi rồi là không muốn về nước trong veo , quá đẹp #thacodalat #canhdepvietnam🇻🇳 #thacdepodalat #caudat #hottrend ",,https://www.tiktok.com/@tuyetngung1808/video/7639727366410947848,27,3,8,134,,
7638584137577745680,thacdalat,2026-05-15T07:34:49,1778504400,gia_phu_10,440,Hướng dẫn đường tới rừng thông thác 7 tầng Đà Lạt | Nơi có ngọn thác 7 tầng nằm sâu trong rừng thông. Thác này mình thấy trên map để là Thác Da Hiông. Cung đường đi tới đây rất mát và đẹp. Video này hướng dẫn mọi người đoạn đường chạy xe máy. Đoạn còn lại mình sẽ đi bộ mình up video sau nha. Mọi người có dịp trải nghiệm nha! #Phudidaudo #thac7tang #dalat,,https://www.tiktok.com/@gia_phu_10/video/7638584137577745680,7033,700,62,283900,,
7540502130948410645,thacdalat,2026-05-15T07:34:49,1755659972,anhhuongdanviendeptrai,11800,"Thác DaTanLa Đà Lạt, Bao Lâu Rồi Bạn Chưa Ghé ? #dalat #thacnuoc #tourguidedeptrai #canhdepthiennhien #dalatreview 
@Tour Guide_ Đẹp Trai🧑‍🦱 
@Tour Guide_ Đẹp Trai🧑‍🦱 
@Tour Guide_ Đẹp Trai🧑‍🦱 ",,https://www.tiktok.com/@anhhuongdanviendeptrai/video/7540502130948410645,358,106,23,15400,,
7638700537633967368,thacdalat,2026-05-15T07:34:49,1778523567,callmekieu_,101,rớt hồn ra ngoài #thácdatanlađàlạt #dalat #xuhướng #dulich ,,https://www.tiktok.com/@callmekieu_/video/7638700537633967368,27,3,5,964,,
7585124561444719890,thacdalat,2026-05-15T07:34:49,1766049439,minhdaishooting,1479,99% bạn chưa khám phá được con thác này #Dalat #Dasa #lacduong #trecking #dulich,,https://www.tiktok.com/@minhdaishooting/video/7585124561444719890,101,40,11,2722,,
7588057923134213396,thacdalat,2026-05-15T07:34:49,1766732420,thacmay,26800,"Có những ngày chỉ muốn trốn cả thế giới, lên đỉnh núi cao ngắm mây bay dưới chân mình.

#thacmay #tiemcaphethacmay #thacmayvachill #thacmaydalat #thacmaychill ",,https://www.tiktok.com/@thacmay/video/7588057923134213396,12400,2853,241,534500,,
7592562644016434440,thacdalat,2026-05-15T07:34:49,1767781249,coupleta0207,259,"Phần 7: Dành cả thanh xuân theo đuổi 1 tình yêu
#datanladalat #pinekarts #love #travel #dalat ",,https://www.tiktok.com/@coupleta0207/video/7592562644016434440,5536,5158,104,244800,,
7610974681964858645,thacdalat,2026-05-15T07:34:49,1772068148,thacmay,26800,"Sau những ngày bận rộn, Đà Lạt dường như trở về lại sự vốn có của nó: nhẹ nhàng và bình yên…

 #thacmay #thacmaychill #thacmaydalat #hoanghondalat #sanmaydalat",,https://www.tiktok.com/@thacmay/video/7610974681964858645,1530,395,69,63000,,
7583615500593138964,thacdalat,2026-05-15T07:34:49,1765698091,tuandatvendalat,29200,"Thác Voi là cả nhà , ngoại ô Đà Lạt nhé ☘️☘️ #thacvoi #vendalat #namban #dalat #linhantu ",,https://www.tiktok.com/@tuandatvendalat/video/7583615500593138964,101,16,9,4368,,
7567323143132450068,thacdalat,2026-05-15T07:34:49,1761904724,anduhii,325,"KHÔNG THỂ TƯỞNG TƯỢNG NỔI NGỌN THÁC HÙNG VĨ Ở ĐÀ LẠT LẠI CÓ THỂ NGẬP TỚI NHƯ THẾ NÀY 
#thacpongour #thacnuoc #dalat #dulich #lulut ",,https://www.tiktok.com/@anduhii/video/7567323143132450068,509,96,116,23100,,
7419309616829435154,thacdalat,2026-05-15T07:34:49,1727442638,hieuanhcaudung,37800,Thác 7 tầng - Vườn Địa Đàng - Đà Lạt #dungmeanh #caudungdalat #chupanhdalat #reviewdalat #vuondiadang ,,https://www.tiktok.com/@hieuanhcaudung/video/7419309616829435154,52700,12200,734,1700000,,
7639753885875293460,thacdalat,2026-05-15T07:34:49,1778768820,thiendaugau7,951,Thác tại View triệu đô #dulichvietnam #dalat #viraltiktok #foryou #fypシ゚ ,,https://www.tiktok.com/@thiendaugau7/video/7639753885875293460,8,0,1,113,,
7572205059732360456,thacdalat,2026-05-15T07:34:49,1763041381,thachdalat,3219,Cả Nhà Có Ai Bị Mâu Thuẫn Vậy Không Nhỉ :)) #keodautam #keomem #anvat #dacsandalat #19dofarm #thachdalat,,https://www.tiktok.com/@thachdalat/video/7572205059732360456,2432,316,32,628500,,
7552106317293292807,thacdalat,2026-05-15T07:34:49,1758361778,thacmay,26800,"Bình yên là những sớm mai rực rỡ ở tiệm ❤️❤️❤️

#Thacmay #Thacmaydalat #TiemcapheThacmay #Thacmaycaphe #Quancaphe #Dalat #Chualanh #checkin ",,https://www.tiktok.com/@thacmay/video/7552106317293292807,966,364,67,53400,,
7599989816050109717,thacdalat,2026-05-15T07:34:49,1769510529,thacmay,26800,"Bạn nào thích CÚC HOẠ MI không nè ❤️

#thacmay #tiemcaphethacmay #thacmayvachill #thacmaydalat #thacmaychill ",,https://www.tiktok.com/@thacmay/video/7599989816050109717,9958,1673,230,324400,,
7318409941935508737,thacdalat,2026-05-15T07:34:49,1703950115,thachdalat,3219,Hồ Xuân Hương Đà Lạt Sau Tiết Mục Pháo Bông #dalat #sukien #phaobong #ketxe #thachdalat #19dofarm #19dofarmdacsandalat ,,https://www.tiktok.com/@thachdalat/video/7318409941935508737,2512,963,250,217800,,
7620816490383691024,thacdalat,2026-05-15T07:34:49,1774359646,thachdalat,3219,Thấy Nhiều Bạn Bảo Chua Nhiều Cả Nhà Thì Thấy Sao Nè #nuoccot #atisodo #nuocatisodo #giaikhat #phachedouong #dacsandalat #19dofarm #thachdalat #19dofarmdacsandalat,,https://www.tiktok.com/@thachdalat/video/7620816490383691024,446,21,19,78100,,
7432574843058425096,thacdalat,2026-05-15T07:34:49,1730531189,thachdalat,3219,"Hèn Gì Thấy Thiếu Thiếu Gì Đó Cả Nhà Có Để Ý Không
#dalat #dalatreview #reviewdalat #hoxuanhuong #thachdalat #19dofarm #19dofarmdacsandalat",,https://www.tiktok.com/@thachdalat/video/7432574843058425096,724,39,28,41600,,
7610682629268000018,thacdalat,2026-05-15T07:34:49,1772000146,nt.vp9999,423,mãi keo 💕 #thacdatanla #dalat #xuhuong #viral #xhhhhhhhhhhhhhhhhhhhhhhh ,,https://www.tiktok.com/@nt.vp9999/video/7610682629268000018,9515,1624,62,252000,,
7639684927650417928,thacdalat,2026-05-15T07:34:49,1778752766,benchuaii,61,Liaaa cam cùng em iuu thành công #capcut #thacdatanla #dalat #truocthacdatanla #xuhuong ,,https://www.tiktok.com/@benchuaii/video/7639684927650417928,11,3,6,123,,
7621480125472722196,thacdalat,2026-05-15T07:34:49,1774514132,tnganncte,6692,#CapCut đôi ta vẫn cứ yêu đi 😋💗 @N-PC #viral #dalat #thacdatanla ,,https://www.tiktok.com/@tnganncte/video/7621480125472722196,6524,394,14,210200,,
7353875601373154568,thacdalat,2026-05-15T07:34:49,1712207597,s.thch.du.lch,1740,Thác hang cọp #thachangcop #dalat #review #reviewdalat #dalatreview ,,https://www.tiktok.com/@s.thch.du.lch/video/7353875601373154568,145,16,36,2425,,
7632991350727707924,diaDiemdalat,2026-05-15T07:35:02,1777194304,congtyhoadalattravel.vn,2972,"Tổng hợp quán cà phê vibe Đà Lạt. Sau đây là những quán cà phê Đà Lạt vintage với nhiều góc chụp hình xinh lung linh
📍Tiệm cà phê Nhà của Thông
📍Cà phê Dốc Thị
📍Tiệm cà phê Bình Minh Ơi
📍Túi Mơ To
📍Tiệm cà phê Cheo Veo
#quancaphedalat #checkindalat #diadiemdalat #hoadalattravel #caphedalat ",,https://www.tiktok.com/@congtyhoadalattravel.vn/video/7632991350727707924,95,47,5,10900,,
7630684530604608776,diaDiemdalat,2026-05-15T07:35:02,1776657201,dalat_fairytale_land,16000,"Every morning, a little fairytale begins.
#dalat#dalatfairytaleland#fairytaleland#langcotichdalat#diadiemdalat ",,https://www.tiktok.com/@dalat_fairytale_land/video/7630684530604608776,7096,548,21,155600,,
7620435689280163090,diaDiemdalat,2026-05-15T07:35:02,1774270954,dalat_fairytale_land,16000,"💜💜💜 In full bloom 💜💜💜
#Dalat2026 #dalatfairytaleland #langcotichdalat #dulichdalat #diadiemdalat ",,https://www.tiktok.com/@dalat_fairytale_land/video/7620435689280163090,22300,2202,33,321000,,
7635639009036782855,diaDiemdalat,2026-05-15T07:35:02,1777810751,duoitananhdao,19600,"Mọi người đi du lịch Đà Lạt, ghé Dưới tán anh đào nghe nhạc acoustic nhé 🫶

- Đêm nhạc có lịch diễn mỗi ngày (chỉ nghỉ ngày thứ 4).
- Thời gian từ 19:30-21:30 
- KH.ÔNG BÁ.N VÉ - KH.ÔNG PHỤ THU

📞 Hotline: 093.883.6565

📍Dưới tán anh đào: 29B Hùng Vương, P.Xuân Trường - Đà Lạt (đối diện số 178 Hùng Vương)
🚘 Có bãi đậu xe ô tô và xe máy ngay cổng chính
#acousticdalat #duoitananhdao #dalatdidau #caphedalat #trendingtiktok ",,https://www.tiktok.com/@duoitananhdao/video/7635639009036782855,16000,74,17,161300,,
7556602785878396181,diaDiemdalat,2026-05-15T07:35:02,1759408697,review.dulich.vn,9488,"🌿📸 TOP 7 ĐỊA ĐIỂM SỐNG ẢO ĐẸP NHẤT ĐÀ LẠT – GIƠ MÁY LÀ AUTO TRIỆU VIEW! 📸🌿
🔥 Đà Lạt không chỉ có hoa và sương mù, mà còn những góc check-in “ảo tung chảo” khiến ai cũng muốn xách máy lên chụp ngay.
✨ Từ vibe “tiểu sa mạc”, quán cafe trên mây, đến khung cảnh tựa Thuỵ Sĩ giữa lòng cao nguyên… nơi nào cũng đủ biến bạn thành nhân vật chính trong bộ phim điện ảnh của riêng mình.
#xuhuong #xuhuongtiktok #reviewdulich #viralvideo #viraltiktok ",,https://www.tiktok.com/@review.dulich.vn/video/7556602785878396181,4459,3820,85,272000,,
7639664470897315079,diaDiemdalat,2026-05-15T07:35:02,1778748001,chestnutcoffeedalat,20,địa điểm học bài ôn thi gần trung tâm Đà Lạt dành cho sinh viên #dalat #studyspace #studycafe,,https://www.tiktok.com/@chestnutcoffeedalat/video/7639664470897315079,6,1,0,310,,
7497465065642183943,diaDiemdalat,2026-05-15T07:35:02,1745639621,dalat_fairytale_land,16000,"Lost in Fairytale Land 
🇻🇳 🇻🇳 🇻🇳  30.4 - 1.5 🇻🇳 🇻🇳 🇻🇳
Let's gooooo 🛵🛵🛵🛵🛵🛵
#dalat #fairytaleland #langcotichdalat #dulichdalat2025 #diadiemdalat #30thang4 #1thang5 #xuhuong #Далат #Вьетнам #달랏 #베트남 ",,https://www.tiktok.com/@dalat_fairytale_land/video/7497465065642183943,101300,6014,279,991500,,
7610406089477131538,diaDiemdalat,2026-05-15T07:35:02,1771935754,hoatralamvien,586,"Top 3️⃣ địa điểm check in miễn phí ở trung tâm Đà Lạt, tiếp tục tập 2 của series “Tr.ốn làm đi chơi cùng Hoa Trà Lâm Viên” nhớ lưu lại để trôi mất là tìm không ra 😁😘 #dalat #diadiemmienphidalat #hoatralamvien #38doanthidiemdalat #trasuangondalat ",,https://www.tiktok.com/@hoatralamvien/video/7610406089477131538,5746,2294,76,194300,,
7604836931930705160,diaDiemdalat,2026-05-15T07:35:02,1770639081,alvinodalat,7374,"Xin chào, hôm nay mình giới thiệu đến mọi người một địa điểm check in “phải đến” khi đến Đà Lạt.
Ở Hidden Land đẹp quá, mọi thứ như trong tranh vậy, có bạn nào từng đến đây chưa?
#dalat #viral ",,https://www.tiktok.com/@alvinodalat/video/7604836931930705160,269,34,17,6670,,
7598203306254568711,diaDiemdalat,2026-05-15T07:35:02,1769094569,xalach.xoong,1292,"Gợi ý vài địa điểm checkin “miễn phí” tại Đà Lạt
#dalat #diadiemcheckindalat #quananngondalat #launuongdalat #dalatangi ",,https://www.tiktok.com/@xalach.xoong/video/7598203306254568711,369,89,6,13400,,
7579981746721148168,diaDiemdalat,2026-05-15T07:35:02,1764852032,dihetdalat,42900,Check-in đồi cỏ hồng mộng mơ tại Đà Lạt 📸 #dihetdalat #dalat #cohong #doicohong #doicohongdalat ,,https://www.tiktok.com/@dihetdalat/video/7579981746721148168,12100,6720,83,313000,,
7634577373265956117,diaDiemdalat,2026-05-15T07:35:02,1777563567,hazelssketches,740,"Biệt điện Trần Lệ Xuân - một địa điểm check-in quá đẹp ở Đà Lạt mà gia đình mình tình cờ ghé thăm trong một buổi chiều random không biết đi đâu. Chúng mình là những người khách tham quan duy nhất trong buổi chiều ngày hôm đó. Tiếng gió xào xạc, tiếng chim, tiếng sỏi lạo xạo dưới từng bước chân xen lẫn với chút se lạnh của Đà Lạt làm mình cảm giác như đang được sống lại lịch sử từ hơn nửa thế kỷ trước.

#madamededalat #dalat #checkindalat ",,https://www.tiktok.com/@hazelssketches/video/7634577373265956117,6,1,0,455,,
7621150466788871432,diaDiemdalat,2026-05-15T07:35:02,1774437380,alvinodalat,7374,"Giới thiệu thêm cho mọi người một địa điểm check in healing tại Đà Lạt. 
#dalat #viral ",,https://www.tiktok.com/@alvinodalat/video/7621150466788871432,149,6,5,2921,,
7638409963882188040,diaDiemdalat,2026-05-15T07:35:02,1778455918,tiktokgapgiquaydo,123400,"Một địa điểm lưu trú tại Đà Lạt đã đẹp mà lại còn rẻ nữa nè các bạn ơi…
Các bạn lên Đà Lạt thì nhớ tham khảo khách sạn này nha.
📍 LUXURY HOTEL ĐÀ LẠT ( 124 - Tô Hiến Thành - Đà Lạt )
#d#dalatreviewtravel#l#luxuryhoteldalat1#124tohienthanhdalatn#nhanghidalat",,https://www.tiktok.com/@tiktokgapgiquaydo/video/7638409963882188040,89,36,5,4814,,
7638151369106459911,diaDiemdalat,2026-05-15T07:35:02,1778395704,dalatmoinhat,849,"Top 3 địa điểm ở Đà Lạt chỉ tốn tiền vé 1 lần mà chơi được cả ngày
#toiladandalat #dalatmoinhat #langbiangland #thunglungtinhyeu #dalat ",,https://www.tiktok.com/@dalatmoinhat/video/7638151369106459911,125,23,10,6911,,
7582872070938217729,diaDiemdalat,2026-05-15T07:35:02,1765525147,huongnoithichdi,1170,List các địa điểm đỉnh của chóp ở Đà Lạt nha #dalat #dalatreview #kinhnghiemdidalat ,,https://www.tiktok.com/@huongnoithichdi/video/7582872070938217729,60,39,2,37300,,
7545767219674828040,diaDiemdalat,2026-05-15T07:35:02,1756885843,din.th.gin,3967,Đi du lịch Đà Lạt mà có trẻ em thì các bạn tham khảo 3 địa điểm này nha #đàlạt  #dulichvietnam #dulichdalat ,,https://www.tiktok.com/@din.th.gin/video/7545767219674828040,428,218,24,46300,,
7595027824063384850,diaDiemdalat,2026-05-15T07:35:02,1768355229,dulichvietnamtheotour,11100,Top 5 địa điểm nên đến khi đi Đà Lạt vào dịp tết Nguyên Đán #dulich #đàlạt #,,https://www.tiktok.com/@dulichvietnamtheotour/video/7595027824063384850,26,7,6,884,,
7621552941580750087,diaDiemdalat,2026-05-15T07:35:02,1774531079,dao_duy_phuong,252000,Địa điểm Checkin siêu đẹp tại Đà Lạt nhưng không phải ai cũng đủ bản lĩnh để chinh phục #reviewcungmap #chill #dalat #rungthong,,https://www.tiktok.com/@dao_duy_phuong/video/7621552941580750087,2108,465,33,65500,,
7613355276112039176,diaDiemdalat,2026-05-15T07:35:02,1772622416,xalach.xoong,1292,"Địa điểm checkin “miễn phí” Đà Lạt bạn không thể bỏ qua!!
#dalat #quananngondalat #buoitoidalatangi #launuongdalat #dalatangi ",,https://www.tiktok.com/@xalach.xoong/video/7613355276112039176,214,39,6,19300,,
7628473827680455943,diaDiemdalat,2026-05-15T07:35:02,1776142483,olaimay.dalat,9164,"Săn hoàng hôn Đà Lạt không thể quên địa điểm Ở Lại Mây - Không chỉ có nhiều góc checkin siêu đẹp, dùng trà chiều nóng hổi cùng khoai bắp nướng mà Mây còn có BBQ và Đêm nhạc Acoustic mỗi đêm tất cả các ngày trong tuần !
#olaimay #demnhacolaimay #hoanghondalat #dalatangi #dalatdidau",,https://www.tiktok.com/@olaimay.dalat/video/7628473827680455943,74,10,49,3732,,
7625181694626188552,diaDiemdalat,2026-05-15T07:35:02,1775375967,h.a.ifoto,11100,"1 vài địa điểm check in ở Đà Lạt, các vợ tham khảo để lễ này đi chơi nhé! #haifoto #chupanhdalat #photodalat #chupanhcouple #concepthongkong ",,https://www.tiktok.com/@h.a.ifoto/video/7625181694626188552,57,8,0,1635,,
7594830776441539847,diaDiemdalat,2026-05-15T07:35:02,1768309340,kiwikiwi0906,28400,Ní nào biết thêm địa điểm khác cmt bên dưới nha #kiwikiwi #diadiemchuphinhdalat #cafemiendumuc #hiddenlanddalat #bluedreambread ,,https://www.tiktok.com/@kiwikiwi0906/video/7594830776441539847,35,3,3,1415,,
