place_name,type,mention_count,total_digg,total_plays,max_followers,price_mentions,video_urls,confidence_high,popularity_score,aliases,gmaps_name,gmaps_place_id,gmaps_address,lat,lng,gmaps_rating,gmaps_reviews_count,gmaps_price_level,gmaps_phone,gmaps_website,gmaps_status,opening_hours_text,open_time,close_time,fuzzy_score,tiktok_raw,gmaps_raw,tiktok_score_norm,gmaps_score_norm,attraction_score,open_min,close_min,visit_duration_min,include_in_route
Sân Mây Đà Lạt,cafe,30,924020,21629292,789800,199k/ng | 50xu,https://www.tiktok.com/@review.lt7/video/7603371406423887125 | https://www.tiktok.com/@uttieu.homestaydalat/video/7637823397933632776,24,3369.96,Săn Mây Đà Lạt,Sân Mây Homestay Đà Lạt,ChIJrfG9tj4TcTER9rVJnbXvq9E,"56 Hoàng Hoa Thám, Xuân Hương - Đà Lạt, Lâm Đồng 66000, Việt Nam",11.9353322,108.4640877,4.7,108,,0966 235 972,https://www.facebook.com/sanmayhomestay?mibextid=ZbWKwL,OPERATIONAL,Thứ Hai: Mở cửa cả ngày | Thứ Ba: Mở cửa cả ngày | Thứ Tư: Mở cửa cả ngày | Thứ Năm: Mở cửa cả ngày | Thứ Sáu: Mở cửa cả ngày | Thứ Bảy: Mở cửa cả ngày | Chủ Nhật: Mở cửa cả ngày,00:00,,75.86956521739131,3506.95,22.05,1.0,0.4934,0.7974,0,,60,True
Suối Bình Yên,thiên nhiên,4,320407,9849500,758200,,https://www.tiktok.com/@dieuhoang211/video/7523798698493545735 | https://www.tiktok.com/@chidichilll/video/7607257270879128839,4,1326.52,Cơm Lam Gà Nướng (Suối Bình Yên),Suối Bình Yên,ChIJy80kJgAVcTERfa4FweZNtMY,"Hoa Cẩm Tú Cầu, Xuân Hương - Đà Lạt, Lâm Đồng, Việt Nam",11.9018417,108.4396697,4.4,2841,,,,OPERATIONAL,Thứ Hai: 07:00–18:00 | Thứ Ba: 07:00–18:00 | Thứ Tư: 07:00–18:00 | Thứ Năm: 07:00–18:00 | Thứ Sáu: 07:00–18:00 | Thứ Bảy: 07:00–18:00 | Chủ Nhật: 07:00–18:00,07:00,18:00,100,1365.36,34.99,0.3876,0.783,0.5457,420,1080,90,True
Thác Datanla,thiên nhiên,10,17320,865648,789800,170k 1 người,https://www.tiktok.com/@tinhdidaydido.travelvlog/video/7602245369891704084 | https://www.tiktok.com/@hoanganh.nicole/video/7231038630255480070,10,188.91,,Khu du lịch Thác Datanla,ChIJQTO5pKEUcTERZcAVKbeOzvg,"QL20 Đèo Prenn, Xuân Hương - Đà Lạt, Lâm Đồng 66000, Việt Nam",11.9034324,108.4496999,4.4,24723,,0981 166 088,https://dalattourist.com.vn/,OPERATIONAL,Thứ Hai: 07:30–16:30 | Thứ Ba: 07:30–16:30 | Thứ Tư: 07:30–16:30 | Thứ Năm: 07:30–16:30 | Thứ Sáu: 07:30–16:30 | Thứ Bảy: 07:30–16:30 | Chủ Nhật: 07:30–16:30,07:30,16:30,81.66666666666667,253.88,44.51,0.0697,0.9959,0.4402,450,990,90,True
Miền Du Mục,cafe,5,419135,4524700,146700,"100,000 VND ($3.80)",https://www.tiktok.com/@ericgoesto/video/7523077765306895646 | https://www.tiktok.com/@tiktokgapgiquaydo/video/7571609207460482322,4,578.45,Miendumuc,Miền Du Mục,ChIJCxXHSAATcTER8dIMRnsMoJM,"Đường Lâm Văn Thạnh, Đà Lạt, Lâm Đồng, Việt Nam",11.940508,108.4848853,4.3,925,,,,OPERATIONAL,Thứ Hai: 05:00–21:00 | Thứ Ba: 05:00–21:00 | Thứ Tư: 05:00–21:00 | Thứ Năm: 05:00–21:00 | Thứ Sáu: 05:00–21:00 | Thứ Bảy: 05:00–21:00 | Chủ Nhật: 05:00–21:00,05:00,21:00,100,941.61,29.37,0.2664,0.6573,0.4227,300,1260,60,True
Nha Ben Rung,cafe,1,258700,1600000,216100,,https://www.tiktok.com/@tiemcaphenhabenrung/video/7493504577296223496,1,428.7,,Nhà Bên Rừng,ChIJWw5ukW8TcTERhGX1TNSFZT0,"Tổ Tây Hồ 2, Xuân Trường - Đà Lạt, Lâm Đồng, Việt Nam",11.9341893,108.4774209,4.8,3065,,0975 371 124,https://www.facebook.com/tiemcaphe.nhabenrung,OPERATIONAL,Thứ Hai: 06:00–19:30 | Thứ Ba: 06:00–19:30 | Thứ Tư: 06:00–19:30 | Thứ Năm: 06:00–19:30 | Thứ Sáu: 06:00–19:30 | Thứ Bảy: 06:00–20:00 | Chủ Nhật: 06:00–19:30,06:00,19:30,75.0,433.7,38.54,0.1212,0.8623,0.4176,360,1170,60,True
Làng Cù Lần,thiên nhiên,1,3497,191100,57200,,https://www.tiktok.com/@bacxiuneee_/video/7605564991403560213,1,32.61,,Làng Cù Lần,ChIJPWhb3k5ycTERkHYm-NE8qoA,"ĐT722, Lang Biang - Đà Lạt, Lâm Đồng, Việt Nam",12.0260122,108.3636996,4.6,16566,,,,OPERATIONAL,Thứ Hai: 08:00–17:00 | Thứ Ba: 08:00–17:00 | Thứ Tư: 08:00–17:00 | Thứ Năm: 08:00–17:00 | Thứ Sáu: 08:00–17:30 | Thứ Bảy: 08:00–17:30 | Chủ Nhật: 08:00–17:30,08:00,17:30,100,37.61,44.69,0.0079,1.0,0.4047,480,1050,90,True
Quảng Trường Lâm Viên,địa điểm checkin,1,18500,21400,128900,,https://www.tiktok.com/@myandangdoiban999/video/7587644118529101072,1,30.64,,Quảng trường Lâm Viên,ChIJKQb-oyQTcTERiVn-etOO62Y,"Đ. Trần Quốc Toản, Xuân Hương - Đà Lạt, Lâm Đồng, Việt Nam",11.9393622,108.445203,4.5,14107,,,https://hoadalattravel.vn/quang-truong-lam-vien-da-lat/,OPERATIONAL,Thứ Hai: Mở cửa cả ngày | Thứ Ba: Mở cửa cả ngày | Thứ Tư: Mở cửa cả ngày | Thứ Năm: Mở cửa cả ngày | Thứ Sáu: Mở cửa cả ngày | Thứ Bảy: Mở cửa cả ngày | Chủ Nhật: Mở cửa cả ngày,00:00,,100,35.64,43.0,0.0073,0.9621,0.3892,0,,30,True
Chùa Linh Phước,địa điểm checkin,1,253,20000,3121,,https://www.tiktok.com/@tuankien.hoangkimtravel/video/7634580167255510279,1,12.25,,Chùa Linh Phước,ChIJ24TIxRsTcTERG9_-OgIyiSA,"WFR5+57X, 120 Tự Phước, Trại Mát, Xuân Trường - Đà Lạt, Lâm Đồng 550000, Việt Nam",11.9446332,108.4993224,4.6,10827,,,,OPERATIONAL,,,,100,17.25,42.73,0.0021,0.9562,0.3837,,,30,True
Cau Gò Binh Minh,thiên nhiên,1,64400,2600000,33100,,https://www.tiktok.com/@sanmaycaugo_binhminh/video/7509742123164470546,1,334.4,,Săn Mây Cầu Gỗ - Bình Minh,ChIJf3R-Z-AXcTERdEMQISrK4qg,"Đồi chè, Xuân Trường - Đà Lạt, Lâm Đồng, Việt Nam",11.8916145,108.5737046,4.6,2760,,0899 889 968,,OPERATIONAL,Thứ Hai: 04:00–12:00 | Thứ Ba: 04:00–12:00 | Thứ Tư: 04:00–12:00 | Thứ Năm: 04:00–12:00 | Thứ Sáu: 04:00–12:00 | Thứ Bảy: 04:00–12:00 | Chủ Nhật: 04:00–12:00,04:00,12:00,65.0,339.4,36.45,0.0942,0.8156,0.3827,240,720,90,True
Datanla,chợ quán,12,93415,2912168,229100,,https://www.tiktok.com/@huevui98/video/7597422283459792136,12,504.63,Cà Tám Đà Lạt | Datanla Falls | Datanla Adventure Activities | Datanla Waterfall | Datanla New Alpine Coaster,Xe Trượt mới Datanla,ChIJGfKs98sVcTERzrIK0qsPCrE,"Xuân Hương - Đà Lạt, Lâm Đồng, Việt Nam",11.9029656,108.447548,4.3,1703,,0989 718 223,https://ticket-stations.com/Datanla-New-Alpine-da-lat,OPERATIONAL,Thứ Hai: 07:30–17:00 | Thứ Ba: 07:30–17:00 | Thứ Tư: 07:30–17:00 | Thứ Năm: 07:30–17:00 | Thứ Sáu: 07:30–17:00 | Thứ Bảy: 07:30–17:00 | Chủ Nhật: 07:30–17:00,07:30,17:00,66.85185185185186,564.63,32.0,0.1586,0.7159,0.3815,450,1020,45,True
Chợ đêm,chợ quán,1,6883,290500,102100,,https://www.tiktok.com/@callmevyvo/video/7359542199014493448,1,45.93,Chợ đêm Đà Lạt,Chợ Đêm Đà Lạt,ChIJw-dBTv8TcTERPCSnIa35zyE,"Đường Nguyễn Thị Minh Khai, Xuân Hương - Đà Lạt, Lâm Đồng, Việt Nam",11.9414015,108.4372912,4.2,18239,,0263 3821 586,,OPERATIONAL,Thứ Hai: 17:30–00:00 | Thứ Ba: 17:30–00:00 | Thứ Tư: 17:30–00:00 | Thứ Năm: 17:30–00:00 | Thứ Sáu: 17:30–00:00 | Thứ Bảy: 17:30–00:00 | Chủ Nhật: 17:30–00:00,17:30,00:00,100,50.93,41.21,0.0117,0.9221,0.3758,1050,1440,45,True
Mongo land,khác,1,935,60100,71100,,https://www.tiktok.com/@two_peas_abroad/video/7549937570201816342,0,16.95,,Mongo Land - Đà Lạt,ChIJ5T-k5YBtcTERonwbdDhPzUg,"Tổ 16 thôn 1, Tà Nung, Cam Ly - Đà Lạt, Lâm Đồng 670000, Việt Nam",11.9157314,108.3392217,4.5,10022,,0983 577 377,,OPERATIONAL,Thứ Hai: 07:00–17:30 | Thứ Ba: 07:00–17:30 | Thứ Tư: 07:00–17:30 | Thứ Năm: 07:00–17:30 | Thứ Sáu: 07:00–17:30 | Thứ Bảy: 07:00–17:30 | Chủ Nhật: 07:00–17:30,07:00,17:30,100,16.95,41.46,0.002,0.9277,0.3722,420,1050,45,True
Vườn thú Zoodoo,thiên nhiên,1,37,247,1560,,https://www.tiktok.com/@grinlai/video/7636632967338560775,1,10.06,,Vườn Thú ZooDoo,ChIJ2UqhWvYIcTERBsIJ4kIZl30,"QL27C, Lạc Dương, Lâm Đồng, Việt Nam",12.1120052,108.5861358,4.5,9821,2,0979 110 007,https://www.zoodoodalat.com/,OPERATIONAL,Thứ Hai: 08:00–16:00 | Thứ Ba: 08:00–16:00 | Thứ Tư: 08:00–16:00 | Thứ Năm: 08:00–16:00 | Thứ Sáu: 08:00–16:00 | Thứ Bảy: 08:00–16:00 | Chủ Nhật: 08:00–16:00,08:00,16:00,100,15.06,41.37,0.0014,0.9256,0.3711,480,960,90,True
Tiệm cà phê Dốc thị,cafe,3,4612,182540,315100,,https://www.tiktok.com/@bananzidong/video/7452307410745658632 | https://www.tiktok.com/@top.check.in.da.lat/video/7575390744442064149,3,42.62,,Tiệm cà phê Dốc Thị,ChIJ_ZegFgATcTERMADwPXflRgA,"WFPJ+R2H, Xuân Trường - Đà Lạt, Lâm Đồng, Việt Nam",11.9371818,108.4795608,4.8,4433,2,0939 602 260,https://www.tiktok.com/@tiemcaphedocthi?_t=8j7tWMwvU82&_r=1,OPERATIONAL,Thứ Hai: 06:00–19:30 | Thứ Ba: 06:00–19:30 | Thứ Tư: 06:00–19:30 | Thứ Năm: 06:00–19:30 | Thứ Sáu: 06:00–19:30 | Thứ Bảy: 06:00–19:30 | Chủ Nhật: 06:00–19:30,06:00,19:30,100,67.87,40.31,0.0165,0.9019,0.3707,360,1170,60,True
Khoai Lang Nướng,chợ quán,1,5852,258800,5685,,https://www.tiktok.com/@quanngondalat/video/7532857742118096148,1,41.73,,Khoai Lang Nướng,ChIJqSAsT99tcTERerq-EPmQDHs,"70 Pasteur, Xuân Hương - Đà Lạt, Lâm Đồng 670000, Việt Nam",11.9341879,108.426007,4.9,3174,,1900 636570,https://khoailangnuong.com/,OPERATIONAL,Thứ Hai: 16:30–23:00 | Thứ Ba: 16:30–23:00 | Thứ Tư: 16:30–23:00 | Thứ Năm: 16:30–23:00 | Thứ Sáu: 16:30–23:00 | Thứ Bảy: 16:30–23:00 | Chủ Nhật: 16:30–23:00,16:30,23:00,100,46.73,39.51,0.0105,0.8841,0.3599,990,1380,45,True
Gạch Since 1988 Cafe,cafe,1,1608,60200,555,,https://www.tiktok.com/@haannday/video/7631923500042800392,1,17.63,,Gạch Since 1988 - Signature,ChIJ-QaRRgBtcTEREo8ELt68SvE,"thôn 3, Cam Ly - Đà Lạt, Lâm Đồng, Việt Nam",11.9133535,108.3379326,4.9,3031,,0947 981 701,,OPERATIONAL,Thứ Hai: 07:00–19:00 | Thứ Ba: 07:00–19:00 | Thứ Tư: 07:00–19:00 | Thứ Năm: 07:00–19:00 | Thứ Sáu: 07:00–19:00 | Thứ Bảy: 07:00–19:00 | Chủ Nhật: 07:00–19:00,07:00,19:00,66.66666666666667,22.63,39.28,0.0036,0.879,0.3538,420,1140,60,True
Cơm niêu,chợ quán,1,70100,2700000,9135,59K,https://www.tiktok.com/@tiemcomnieunhala/video/7344170952231570708,1,350.1,,Cơm Niêu Vị Quê,ChIJIfHgAB4TcTER9KqMxKTdy5U,"35-37 Đinh Tiên Hoàng, Xuân Hương - Đà Lạt, Lâm Đồng 66109, Việt Nam",11.953686,108.4421459,4.8,945,,0817 521 981,,OPERATIONAL,Thứ Hai: 10:00–22:00 | Thứ Ba: 10:00–22:00 | Thứ Tư: 10:00–22:00 | Thứ Năm: 10:00–22:00 | Thứ Sáu: 10:00–22:00 | Thứ Bảy: 10:00–22:00 | Chủ Nhật: 10:00–22:00,10:00,22:00,84.56521739130434,355.1,32.89,0.0987,0.736,0.3536,600,1320,45,True
Quán cafe Thời Thanh Xuân,cafe,1,297,21500,23700,,https://www.tiktok.com/@traveleverywhere.vn/video/7399602885719346450,1,12.45,,Quán Của Thời Thanh Xuân,ChIJw6D__a8TcTERqUhnflvGR7s,"9 Đường Triệu Việt Vương, Xuân Hương - Đà Lạt, Lâm Đồng, Việt Nam",11.9308749,108.4283069,4.9,2567,1,0914 142 850,http://nhacuathoithanhxuan.com/,OPERATIONAL,Thứ Hai: 07:30–22:00 | Thứ Ba: 07:30–22:00 | Thứ Tư: 07:30–22:00 | Thứ Năm: 07:30–22:00 | Thứ Sáu: 07:30–22:00 | Thứ Bảy: 07:30–22:00 | Chủ Nhật: 07:30–22:00,07:30,22:00,93.87755102040816,17.45,38.47,0.0021,0.8608,0.3456,450,1320,60,True
Cafe Hot,cafe,3,12998,959600,100300,,https://www.tiktok.com/@yangho0910/video/7387663612401290517 | https://www.tiktok.com/@tiktokgapgiquaydo/video/7492225663596760328 | https://www.tiktok.com/@chenhvenhcoffee/video/7614896395031465234,1,104.76,,Still Cafe,ChIJawxt4R4TcTERR3yVdgtMhbI,"59 Nguyễn Trãi, Lâm Viên - Đà Lạt, Lâm Đồng 66111, Việt Nam",11.9443445,108.4543587,4.5,2973,2,0869 275 079,https://www.facebook.com/still.dalat,OPERATIONAL,Thứ Hai: 08:00–21:00 | Thứ Ba: 08:00–21:00 | Thứ Tư: 08:00–21:00 | Thứ Năm: 08:00–21:00 | Thứ Sáu: 08:00–21:00 | Thứ Bảy: 08:00–21:00 | Chủ Nhật: 08:00–21:00,08:00,21:00,66.66666666666667,143.96,35.99,0.0383,0.8053,0.3451,480,1260,60,True
Mercure Dalat Resort,khách sạn,1,184,58700,94,,https://www.tiktok.com/@datng.booking/video/7341378314323447060,1,16.05,,Mercure Dalat Resort,ChIJP6Esk3sTcTERx5XZn19lUx0,"03 Nguyễn Du, Lâm Viên - Đà Lạt, Lâm Đồng 670000, Việt Nam",11.9451708,108.4594399,4.6,4025,,0263 3810 826,https://all.accor.com/lien_externe.svlt?goto=fiche_hotel&code_hotel=B8H0&merchantid=seo-maps-VN-B8H0&sourceid=aw-cen&utm_medium=seo%20maps&utm_source=google%20Maps&utm_campaign=seo%20maps,OPERATIONAL,,,,100,21.05,38.18,0.0031,0.8544,0.3436,,,0,False
Lang Ben Pho Homestay,homestay,1,128000,5400000,35000,,https://www.tiktok.com/@langbenphohomestay/video/7550132232485195015,1,678.0,,Làng Bên Phố Homestay,ChIJY1eZz6dtcTER9TelXQNe_wA,"40 Xô Viết Nghệ Tĩnh, Lang Biang - Đà Lạt, Lâm Đồng 66000, Việt Nam",11.9731386,108.4271236,4.7,215,2,0905 410 486,,OPERATIONAL,Thứ Hai: 07:00–17:00 | Thứ Ba: 07:00–17:00 | Thứ Tư: 07:00–17:00 | Thứ Năm: 07:00–17:00 | Thứ Sáu: 07:00–17:00 | Thứ Bảy: 07:00–17:00 | Chủ Nhật: 07:00–18:30,07:00,18:30,85.71428571428572,683.0,25.26,0.1924,0.5653,0.3416,420,1110,0,False
The Florest,địa điểm checkin,1,57000,1300000,81400,,https://www.tiktok.com/@theflorestdalat/video/7598936749192023317,1,197.0,,The Florest Hoa Trong Rừng,ChIJEVcdXbATcTERrZHMhl3cKbM,"Thôn 4, Cam Ly - Đà Lạt, Lâm Đồng, Việt Nam",11.9039342,108.3674764,4.3,2715,,0986 757 906,http://theflorest.com.vn/,OPERATIONAL,Thứ Hai: 05:30–18:30 | Thứ Ba: 05:30–18:30 | Thứ Tư: 05:30–18:30 | Thứ Năm: 05:30–18:30 | Thứ Sáu: 05:30–18:30 | Thứ Bảy: 05:30–18:30 | Chủ Nhật: 05:30–18:30,05:30,18:30,74.45945945945945,202.0,34.0,0.0549,0.7608,0.3373,330,1110,30,True
New Light Coffee,cafe,2,58763,1852900,9934,,https://www.tiktok.com/@new_light_coffee/video/7505778560313920785 | https://www.tiktok.com/@didalatcungtruc/video/7633363595354590485,2,248.1,,New Light Coffee Đà Lạt,ChIJ-WkCxyMTcTER2OdNh4GNxZw,"3 bis Hoàng Hoa Thám, Đà Lạt, Lâm Đồng 66000, Việt Nam",11.9409927,108.4642694,4.6,1174,,0917 937 168,https://www.facebook.com/newlightcoffee10,OPERATIONAL,Thứ Hai: 00:30–22:00 | Thứ Ba: 06:30–22:00 | Thứ Tư: 06:30–22:00 | Thứ Năm: 06:30–22:00 | Thứ Sáu: 06:30–22:00 | Thứ Bảy: 06:30–22:00 | Chủ Nhật: 06:30–22:00,06:30,22:00,100,274.05,32.52,0.0755,0.7276,0.3363,390,1320,60,True
Quán lẩu cá tầm,chợ quán,1,7435,426200,789800,,https://www.tiktok.com/@nhandian/video/7580740804403039496,0,60.06,,Lẩu Cá Tầm Tuyên 2 Đà Lạt,ChIJywVWPwATcTERZ_WepiBcPO4,"Khu quy hoạch/Lô 75 Nguyễn Công Trứ, Xuân Hương - Đà Lạt, Lâm Đồng 67000, Việt Nam",11.9546144,108.4327345,4.8,1661,,0988 139 482,https://www.facebook.com/laucatamtuyendalat/,OPERATIONAL,Thứ Hai: 10:00–22:00 | Thứ Ba: 10:00–22:00 | Thứ Tư: 10:00–22:00 | Thứ Năm: 10:00–22:00 | Thứ Sáu: 10:00–22:00 | Thứ Bảy: 10:00–22:00 | Chủ Nhật: 10:00–22:00,10:00,22:00,78.78787878787878,60.06,35.6,0.0143,0.7965,0.3272,600,1320,45,True
Tiệm nướng trong rừng @Miền Du Mục,chợ quán,1,18800,585200,758200,,https://www.tiktok.com/@dieuhoang211/video/7523798698493545735,0,87.32,,tiệm nướng trong rừng,ChIJGwSJF_sTcTERFDZmNzMQVxc,"3 bis Đống Đa, Xuân Hương - Đà Lạt, Lâm Đồng 670000, Việt Nam",11.9236382,108.4445164,4.5,2394,2,0978 017 706,https://www.facebook.com/tiemnuongtrongrung,OPERATIONAL,Thứ Hai: 10:00–22:00 | Thứ Ba: 10:00–22:00 | Thứ Tư: 10:00–22:00 | Thứ Năm: 10:00–22:00 | Thứ Sáu: 10:00–22:00 | Thứ Bảy: 10:00–22:00 | Chủ Nhật: 10:00–22:00,10:00,22:00,92.77777777777779,87.32,35.02,0.0221,0.7835,0.3267,600,1320,45,True
Cà phê Vùng Ngoại Ô Đà Lạt,cafe,2,33,1048,3439,,https://www.tiktok.com/@sanmayvungngoaio/video/7638278348048698642,2,20.14,,Tiệm cà phê Vùng Ngoại Ô,ChIJSdskMAATcTERjocxJXLeAf4,"Đường Đình Đa Quý, Đá Quý, Xuân Trường - Đà Lạt, Lâm Đồng, Việt Nam",11.9299258,108.5121744,4.9,1589,,0931 400 076,https://www.facebook.com/tiemcaphevungngoaio/,OPERATIONAL,Thứ Hai: 05:00–19:00 | Thứ Ba: 05:00–19:00 | Thứ Tư: 05:00–19:00 | Thứ Năm: 05:00–19:00 | Thứ Sáu: 05:00–19:00 | Thứ Bảy: 05:00–19:00 | Chủ Nhật: 05:00–19:00,05:00,19:00,100,30.14,36.12,0.0057,0.8082,0.3267,300,1140,60,True
Quán cafe Đà Lạt,cafe,1,91400,2400000,789700,,https://www.tiktok.com/@nhandian/video/7164729843039472922,0,341.4,,Cafe Tùng,ChIJB0LfrxUTcTERHyzyimpgQlg,"6 Khu Hoà Bình, Xuân Hương - Đà Lạt, Lâm Đồng, Việt Nam",11.944171,108.4358881,4.4,933,2,,,OPERATIONAL,Thứ Hai: 07:00–21:30 | Thứ Ba: 07:00–21:30 | Thứ Tư: 07:00–21:30 | Thứ Năm: 07:00–21:30 | Thứ Sáu: 07:00–21:30 | Thứ Bảy: 07:00–21:30 | Chủ Nhật: 07:00–21:30,07:00,21:30,66.66666666666667,341.4,30.09,0.0948,0.6734,0.3262,420,1290,60,True
Ana Mandara Đà Lạt,khách sạn,1,981,144400,11900,,https://www.tiktok.com/@huykutis/video/7256324410284444934,1,25.42,,Ana Mandara Villas Dalat Resort & Spa,ChIJS2jADNRscTERN7cFfAWSmGs,"2 Đường Lê Lai, Cam Ly - Đà Lạt, Lâm Đồng, Việt Nam",11.944039,108.4236,4.6,2476,,0263 3555 888,http://anamandara-resort.com/,OPERATIONAL,Thứ Hai: 00:00–23:30 | Thứ Ba: 00:00–23:30 | Thứ Tư: 00:00–23:30 | Thứ Năm: 00:00–23:30 | Thứ Sáu: 00:00–23:30 | Thứ Bảy: 00:00–23:30 | Chủ Nhật: 00:00–23:30,00:00,23:30,70.0,30.42,35.95,0.0058,0.8044,0.3253,0,1410,0,False
Hồ Tuyền Lâm,thiên nhiên,1,14000,164900,7892,,https://www.tiktok.com/@rng.m963/video/7558721922368867604,1,40.49,,Hồ Tuyền Lâm,ChIJm1asQ0xrcTER3KoyuLidX4E,"Hồ Tuyền Lâm, Xuân Hương - Đà Lạt, Lâm Đồng, Việt Nam",11.8998298,108.4298302,4.6,2300,,,,,,,,100,45.49,35.61,0.0101,0.7968,0.3248,,,90,True
Đôi Đũa Có Cơm Niêu,quán ăn,1,1550,52700,4250,,https://www.tiktok.com/@doiduadalat/video/7503154580214091016,0,16.82,,Đôi Đũa,ChIJIb-5IywTcTERuR8T7aCBCLk,"96 Đường Phù Đổng Thiên Vương, Lâm Viên - Đà Lạt, Lâm Đồng 67000, Việt Nam",11.9613986,108.4429215,4.8,1669,,0847 969 796,https://www.facebook.com/doiduadalat,OPERATIONAL,"Thứ Hai: 10:00–15:00, 17:00–21:00 | Thứ Ba: 10:00–15:00, 17:00–21:00 | Thứ Tư: 10:00–15:00, 17:00–21:00 | Thứ Năm: 10:00–15:00, 17:00–21:00 | Thứ Sáu: 10:00–15:00, 17:00–21:00 | Thứ Bảy: 10:00–15:00, 17:00–21:00 | Chủ Nhật: 10:00–15:00, 17:00–21:00",10:00,15:00,68.84615384615384,16.82,35.62,0.0019,0.797,0.32,600,900,45,True
Hoàng Hôn,địa điểm checkin,1,18300,319900,424400,,https://www.tiktok.com/@hachireview74/video/7460073643004022034,0,60.29,,Hoàng hôn 3000,ChIJK8avtI0TcTERF7wrBIoH7sU,"37 Đường Trần Đại Nghĩa, Lâm Viên - Đà Lạt, Lâm Đồng 67000, Việt Nam",11.9719841,108.4514667,4.9,1173,2,0383 877 895,http://1phutdalat.vn/,OPERATIONAL,Thứ Hai: 10:00–23:00 | Thứ Ba: 10:00–23:00 | Thứ Tư: 10:00–23:00 | Thứ Năm: 10:00–23:00 | Thứ Sáu: 10:00–23:00 | Thứ Bảy: 10:00–23:00 | Chủ Nhật: 10:00–23:00,10:00,23:00,93.26086956521739,60.29,34.63,0.0144,0.775,0.3186,600,1380,30,True
Tiệm cơm Hồi Nớ,chợ quán,1,916,40900,9914,ngon rẻ,https://www.tiktok.com/@nghiabiu.daily/video/7617051471355350292,1,15.01,,Tiệm Cơm Hồi Nớ,ChIJF_SMu-ETcTERSqtKHhUsXow,"3B, 4 Trần Hưng Đạo, Xuân Hương - Đà Lạt, Lâm Đồng, Việt Nam",11.9373916,108.4473933,4.5,2419,2,0979 189 199,https://www.facebook.com/TiemComHoiNo?mibextid=ZbWKwL,OPERATIONAL,Thứ Hai: 09:30–16:00 | Thứ Ba: 09:30–16:00 | Thứ Tư: 09:30–16:00 | Thứ Năm: 09:30–16:00 | Thứ Sáu: 09:30–16:00 | Thứ Bảy: 09:30–16:00 | Chủ Nhật: 09:30–16:00,09:30,16:00,100,20.01,35.06,0.0028,0.7846,0.3155,570,960,45,True
Cafe Lời Của Gió,cafe,1,4752,580000,70600,,https://www.tiktok.com/@julepe.sheen/video/7371685175857564946,1,72.75,,Lời Của Gió,ChIJQ6xDEEsTcTER5R1Z6j_etbE,"Đường Huỳnh Tấn Phát, Xuân Trường - Đà Lạt, Lâm Đồng, Việt Nam",11.949984,108.4911826,4.2,2956,,0333 437 231,,OPERATIONAL,Thứ Hai: 06:30–22:00 | Thứ Ba: 06:30–22:00 | Thứ Tư: 06:30–22:00 | Thứ Năm: 06:30–22:00 | Thứ Sáu: 06:30–22:00 | Thứ Bảy: 06:30–22:00 | Chủ Nhật: 06:30–22:00,06:30,22:00,96.4814814814815,77.75,33.57,0.0194,0.7511,0.3121,390,1320,60,True
REO Campsite,địa điểm checkin,1,13900,400100,102900,,https://www.tiktok.com/@reodalat/video/7494138513517071624,1,63.91,,Reo Campsite - BBQ,ChIJWa7AunhrcTERYNCQ8WeWoyc,"Đ. Hoa Hồng, Xuân Hương - Đà Lạt, Lâm Đồng, Việt Nam",11.8898505,108.4109295,4.8,1117,,0978 871 765,,OPERATIONAL,Thứ Hai: 07:00–18:00 | Thứ Ba: 07:00–18:00 | Thứ Tư: 07:00–18:00 | Thứ Năm: 07:00–18:00 | Thứ Sáu: 07:00–18:00 | Thứ Bảy: 07:00–18:00 | Chủ Nhật: 07:00–18:00,07:00,18:00,100,68.91,33.69,0.0168,0.7539,0.3117,420,1080,30,True
Đồi Mộng Mơ,thiên nhiên,1,189,2312,1339,,https://www.tiktok.com/@sk1p3r009/video/7497089146683542830,1,10.42,,Đồi Mộng Mơ Đà Lạt,ChIJa_Qc87wScTER41LYPsXeeyM,"Số 5 Đường Mai Anh Đào, Lâm Viên - Đà Lạt, Lâm Đồng 670000, Việt Nam",11.9778728,108.445152,4.3,3085,,0263 3821 448,,OPERATIONAL,Thứ Hai: 07:30–17:30 | Thứ Ba: 07:30–17:30 | Thứ Tư: 07:30–17:30 | Thứ Năm: 07:30–17:30 | Thứ Sáu: 07:30–17:30 | Thứ Bảy: 07:30–17:30 | Chủ Nhật: 07:30–17:30,07:30,17:30,100,15.42,34.55,0.0015,0.7731,0.3102,450,1050,90,True
Maze bar,cafe,1,935,60100,71100,,https://www.tiktok.com/@two_peas_abroad/video/7549937570201816342,0,16.95,,Maze Bar,ChIJsx2AxigTcTERJJ1Fu4CmsMs,"57 Phan Bội Châu, Xuân Hương - Đà Lạt, Lâm Đồng, Việt Nam",11.9446386,108.4375466,4.6,1755,2,0903 040 202,https://www.facebook.com/100roof.mazebar/,OPERATIONAL,Thứ Hai: 08:00–00:00 | Thứ Ba: 08:00–00:00 | Thứ Tư: 08:00–00:00 | Thứ Năm: 08:00–00:00 | Thứ Sáu: 08:00–00:00 | Thứ Bảy: 08:00–00:00 | Chủ Nhật: 08:00–00:00,08:00,00:00,100,16.95,34.37,0.002,0.769,0.3088,480,1440,60,True
Say xưa,chợ quán,1,103,16500,8205,,https://www.tiktok.com/@bocauzotriiudalat/video/7524263642276105479,1,11.75,,SAY “XƯA”,ChIJbUFZh5UTcTERSYhtKfFqQng,"68 Phan Đình Phùng, Xuân Hương - Đà Lạt, Lâm Đồng, Việt Nam",11.9451729,108.4349457,4.8,1239,,0795 908 555,https://www.facebook.com/sayxuadl?mibextid=kFxxJD,OPERATIONAL,Thứ Hai: 12:00–02:00 | Thứ Ba: 12:00–02:00 | Thứ Tư: 12:00–02:00 | Thứ Năm: 12:00–02:00 | Thứ Sáu: 12:00–02:00 | Thứ Bảy: 12:00–02:00 | Chủ Nhật: 12:00–02:00,12:00,02:00,100,16.75,34.19,0.0019,0.765,0.3072,720,1560,45,True
Dom Dom House Dalat,homestay,1,68600,4100000,19500,,https://www.tiktok.com/@domdomhousedalat/video/7502706387995102485,1,488.6,,D HOUSE DALAT,ChIJASMb5A0TcTERq1ydj3DBnAw,"131 Hoàng Hoa Thám, Xuân Hương - Đà Lạt, Lâm Đồng 67000, Việt Nam",11.9306624,108.4643133,4.5,243,,0392 006 743,http://dhousedalatvilla.com/,OPERATIONAL,Thứ Hai: Mở cửa cả ngày | Thứ Ba: Mở cửa cả ngày | Thứ Tư: Mở cửa cả ngày | Thứ Năm: Mở cửa cả ngày | Thứ Sáu: Mở cửa cả ngày | Thứ Bảy: Mở cửa cả ngày | Chủ Nhật: Mở cửa cả ngày,00:00,,70.0,493.6,24.74,0.1383,0.5535,0.3044,0,,0,False
Cheo veo cà phê,cafe,1,75,4489,346,,https://www.tiktok.com/@chagiotomthitsieungon/video/7598760559059750165,1,10.52,,Tiệm cà phê Cheo veooo,ChIJ-xejkDsTcTERpFMfI6ZLr5A,"116 Đ. Hùng Vương, Xuân Trường - Đà Lạt, Lâm Đồng 66000, Việt Nam",11.9381566,108.4823005,4.5,1864,2,0921 297 299,https://www.facebook.com/cheoveooo/,OPERATIONAL,Thứ Hai: 07:30–20:00 | Thứ Ba: 07:30–20:00 | Thứ Tư: 07:30–20:00 | Thứ Năm: 07:30–20:00 | Thứ Sáu: 07:30–20:00 | Thứ Bảy: 07:30–20:00 | Chủ Nhật: 07:30–20:00,07:30,20:00,81.08108108108108,15.52,33.89,0.0016,0.7583,0.3043,450,1200,60,True
Soho Coffee Đà Lạt,cafe,1,9119,486100,70600,,https://www.tiktok.com/@julepe.sheen/video/7601887338511289608,1,67.73,,SOHO COFFEE DA LAT,ChIJRem8M20TcTERDOdHbhWOtIw,"21 Hoàng Hoa Thám, Xuân Hương - Đà Lạt, Lâm Đồng, Việt Nam",11.9389445,108.4631401,4.9,792,,0908 633 287,http://facebook.com/sohocoffeedalat,OPERATIONAL,Thứ Hai: 05:00–22:00 | Thứ Ba: 05:00–22:00 | Thứ Tư: 05:00–22:00 | Thứ Năm: 05:00–22:00 | Thứ Sáu: 05:00–22:00 | Thứ Bảy: 05:00–22:00 | Chủ Nhật: 05:00–22:00,05:00,22:00,100,72.73,32.71,0.0179,0.732,0.3035,300,1320,60,True
Vườn địa đàng,thiên nhiên,2,216,31087,46600,,https://www.tiktok.com/@ducdodalat/video/7324336510549904658,1,23.32,Cafe Vườn Địa Đàng,Vườn Địa Đàng,ChIJoa-KU1UVcTERxJbqPGRF21U,"Hoa Cẩm Tú Cầu, Xuân Hương - Đà Lạt, Lâm Đồng 66100, Việt Nam",11.9016994,108.4395692,4.4,2013,,,,OPERATIONAL,Thứ Hai: 07:00–18:00 | Thứ Ba: 07:00–18:00 | Thứ Tư: 07:00–18:00 | Thứ Năm: 07:00–18:00 | Thứ Sáu: 07:00–18:00 | Thứ Bảy: 07:00–18:00 | Chủ Nhật: 07:00–18:00,07:00,18:00,100,28.32,33.47,0.0052,0.749,0.3028,420,1080,90,True
Mộc Quán BBQ,chợ quán,1,1404,202100,71900,,https://www.tiktok.com/@tungnuitravel/video/7445286601103510801,0,31.61,,Mộc Quán BBQ,ChIJW3FM-JYTcTERU0xUOQVuDQ0,"Hẻm 59 Đường Đống Đa, Xuân Hương - Đà Lạt, Lâm Đồng, Việt Nam",11.9218202,108.4404024,4.8,1016,,0963 576 898,https://m.facebook.com/Mocquanbbq?mibextid=dGKdO6,OPERATIONAL,Thứ Hai: 10:30–23:00 | Thứ Ba: 10:30–23:00 | Thứ Tư: 10:30–23:00 | Thứ Năm: 10:30–23:00 | Thứ Sáu: 10:30–23:00 | Thứ Bảy: 10:30–23:00 | Chủ Nhật: 10:30–23:00,10:30,23:00,100,31.61,33.24,0.0062,0.7438,0.3012,630,1380,45,True
Cau Go San May,thiên nhiên,1,63500,1300000,240500,,https://www.tiktok.com/@tiemanhbaprangbo/video/7336046705617440007,1,203.5,,Săn mây cầu gỗ,ChIJPX9PMMYXcTERh0HQHzk4BVM,"Trường Thọ, Xuân Trường - Đà Lạt, Lâm Đồng 66121, Việt Nam",11.8924324,108.5680309,4.7,522,,0909 797 991,,OPERATIONAL,Thứ Hai: 04:30–22:00 | Thứ Ba: 04:30–22:00 | Thứ Tư: 04:30–22:00 | Thứ Năm: 04:30–22:00 | Thứ Sáu: 04:30–22:00 | Thứ Bảy: 04:30–22:00 | Chủ Nhật: 04:30–22:00,04:30,22:00,71.42857142857143,208.5,29.42,0.0568,0.6583,0.2974,270,1320,90,True
Lẩu gà lá é Tạo Ngộ,chợ quán,1,750,42400,74000,,https://www.tiktok.com/@sayhihuy/video/7350238587985726738,1,14.99,,Lẩu gà lá é Tao Ngộ,ChIJ14MTlwqRNDERKh9SbNSC2TE,"4A/5 Hẻm Cầu Đúc, Xuân Hương - Đà Lạt, Lâm Đồng 670000, Việt Nam",11.9391984,108.4480242,4,3762,2,0947 394 758,https://laugalaetaongo.net/,OPERATIONAL,Thứ Hai: 08:00–22:00 | Thứ Ba: 08:00–22:00 | Thứ Tư: 08:00–22:00 | Thứ Năm: 08:00–22:00 | Thứ Sáu: 08:00–22:00 | Thứ Bảy: 08:00–22:00 | Chủ Nhật: 08:00–22:00,08:00,22:00,94.73684210526316,19.99,32.93,0.0028,0.7369,0.2965,480,1320,45,True
Chợ Đà Lạt,chợ quán,1,1967,88800,250,siêu rẻ HSSV,https://www.tiktok.com/@ngotdichoi/video/7587357211525926164,1,20.85,,Chợ đà lạt,ChIJERJoQwATcTERR_bBPr8wkUY,"chợ Đà Lạt, 24 Đường Nguyễn Thị Minh Khai, Xuân Hương - Đà Lạt, Lâm Đồng 02633, Việt Nam",11.9430226,108.4368778,4.5,1421,,,,OPERATIONAL,,,,100,25.85,32.67,0.0045,0.731,0.2951,,,45,True
Cầu Đất,thiên nhiên,2,201,15641,56900,,https://www.tiktok.com/@ducdodalat/video/7294170018793737479,2,21.77,,Cầu Đất,ChIJAVdAv0oXcTERL6v91zKsVkA,"Unnamed, Road, Xuân Trường - Đà Lạt, Lâm Đồng, Việt Nam",11.891738,108.56541,4.7,1003,,,,OPERATIONAL,Thứ Hai: Mở cửa cả ngày | Thứ Ba: Mở cửa cả ngày | Thứ Tư: Mở cửa cả ngày | Thứ Năm: Mở cửa cả ngày | Thứ Sáu: Mở cửa cả ngày | Thứ Bảy: Mở cửa cả ngày | Chủ Nhật: Mở cửa cả ngày,00:00,,100,31.77,32.49,0.0062,0.7269,0.2945,0,,90,True
Vườn cẩm tú cầu DonkiLand,địa điểm checkin,1,167,46600,58000,,https://www.tiktok.com/@dalatreviewcotam/video/7429645808452128001,1,14.83,,Vườn Hoa Cẩm Tú Cầu,ChIJ50x58zMScTERbfECwVkKQqI,"Đường Tập Đoàn 7, Trại Mát, Xuân Trường - Đà Lạt, Lâm Đồng, Việt Nam",11.9459911,108.5130737,4.3,1941,,0983 814 396,,OPERATIONAL,Thứ Hai: 07:00–18:00 | Thứ Ba: 07:00–18:00 | Thứ Tư: 07:00–18:00 | Thứ Năm: 07:00–18:00 | Thứ Sáu: 07:00–18:00 | Thứ Bảy: 07:00–18:00 | Chủ Nhật: 07:00–18:00,07:00,18:00,81.81818181818181,19.83,32.56,0.0028,0.7285,0.2931,420,1080,30,True
Tiệm Cafe Nhớ Hoài,cafe,1,62,1523,116,,https://www.tiktok.com/@langthanglk/video/7552701224886275336,1,10.21,,Cà phê Tiệm may Nhớ Hoài,ChIJgabtscoTcTERrc2I0kvV6sM,"9 Trần Hưng Đạo, Xuân Hương - Đà Lạt, Lâm Đồng 670000, Việt Nam",11.9371712,108.4485328,4.8,888,,0933 079 857,https://www.facebook.com/caphetiemmaynhohoaia,OPERATIONAL,Thứ Hai: 06:00–22:00 | Thứ Ba: 06:00–22:00 | Thứ Tư: 06:00–22:00 | Thứ Năm: 06:00–22:00 | Thứ Sáu: 06:00–22:00 | Thứ Bảy: 06:00–22:00 | Chủ Nhật: 06:00–22:00,06:00,22:00,71.42857142857143,15.21,32.59,0.0015,0.7293,0.2926,360,1320,60,True
Chon Binhyen Coffee,cafe,1,57,1010,90,,https://www.tiktok.com/@chonbinhyencoffeedalat/video/7624022339621047560,1,10.16,,Chốn Bình Yên Coffee - Đà Lạt,ChIJubrYNV0TcTERmm56UiRgB4o,"Tầng 7, Sân Thượng, 19 Đường Lê Đại Hành, Xuân Hương - Đà Lạt, Lâm Đồng 670000, Việt Nam",11.9385246,108.4380427,4.7,1001,,0906 819 295,https://www.facebook.com/chonbinhyencoffee,CLOSED_PERMANENTLY,,,,71.7948717948718,15.16,32.48,0.0015,0.7267,0.2916,,,60,True
Tiệm cơm Mêli Đà Lạt,chợ quán,1,1091,107400,5685,,https://www.tiktok.com/@quanngondalat/video/7446651507530845447,1,21.83,,Tiệm cơm Mêli,ChIJ3ZIQSr8TcTER-GnZra5PKO8,"Hẽm 288, Đ. Bùi Thị Xuân, Xuân Hương - Đà Lạt, Lâm Đồng 660000, Việt Nam",11.9538396,108.4415793,4.5,1292,2,0888 869 333,https://www.facebook.com/tiemcommelidalat,OPERATIONAL,Thứ Hai: 11:00–00:00 | Thứ Ba: 00:00–20:00 | Thứ Tư: 11:00–20:00 | Thứ Năm: 11:00–20:00 | Thứ Sáu: 11:00–20:00 | Thứ Bảy: 11:00–20:00 | Chủ Nhật: 11:00–20:00,11:00,20:00,100,26.83,32.24,0.0048,0.7214,0.2915,660,1200,45,True
Trạm Ký Ức,địa điểm checkin,1,18800,585200,758200,,https://www.tiktok.com/@dieuhoang211/video/7523798698493545735,1,87.32,,Trạm Ký Ức,ChIJeQHgCgATcTERhv1Y6oGP5k8,"87 Huỳnh Tấn Phát, Xuân Trường - Đà Lạt, Lâm Đồng, Việt Nam",11.956829,108.4876487,4.2,1585,2,0917 148 139,,OPERATIONAL,Thứ Hai: 07:00–22:00 | Thứ Ba: 07:00–22:00 | Thứ Tư: 07:00–22:00 | Thứ Năm: 07:00–22:00 | Thứ Sáu: 07:00–22:00 | Thứ Bảy: 07:00–22:00 | Chủ Nhật: 07:00–22:00,07:00,22:00,100,92.32,30.95,0.0235,0.6925,0.2911,420,1320,30,True
Thác Mây,thiên nhiên,1,22900,1100000,26700,,https://www.tiktok.com/@thacmay/video/7550279164360690962,1,142.9,,Thác mây & chill,ChIJi2rtKWwTcTERh0GfYiMke80,"Dốc số 9, Trại Mát, Xuân Trường - Đà Lạt, Lâm Đồng 66000, Việt Nam",11.9390111,108.5077653,4.8,499,,0989 795 479,,OPERATIONAL,Thứ Hai: 05:00–19:00 | Thứ Ba: 05:00–19:00 | Thứ Tư: 05:00–19:00 | Thứ Năm: 05:00–19:00 | Thứ Sáu: 05:00–19:00 | Thứ Bảy: 05:00–19:00 | Chủ Nhật: 05:00–19:00,05:00,19:00,87.72727272727273,147.9,29.83,0.0394,0.6675,0.2907,300,1140,90,True
Tiệm Cơm Hồi Đó,chợ quán,1,5057,271200,74000,平价,https://www.tiktok.com/@sayhihuy/video/7351351906515619090,1,42.18,,Tiệm cơm Hồi Đó,ChIJzzMXM1wTcTERTIdrsfz1Y34,"5 Lý Nam Đế, Lâm Viên - Đà Lạt, Lâm Đồng, Việt Nam",11.9581647,108.4390875,4.8,739,,0929 394 939,https://www.facebook.com/tiemcomhoido/,OPERATIONAL,Thứ Hai: 09:30–16:00 | Thứ Ba: 09:30–16:00 | Thứ Tư: 09:30–16:00 | Thứ Năm: 09:30–16:00 | Thứ Sáu: 09:30–16:00 | Thứ Bảy: 09:30–16:00 | Chủ Nhật: 09:30–16:00,09:30,16:00,100,47.18,31.71,0.0106,0.7096,0.2902,570,960,45,True
BLUE DREAM,cafe,1,28,457,122,hơi đắt,https://www.tiktok.com/@nhamnhamnee/video/7638328243866635527,1,10.07,,Blue Dream Bread,ChIJAZleLZ4TcTER7yUD2MgHpkY,"14 Vạn Hạnh, Lâm Viên - Đà Lạt, Lâm Đồng 670000, Việt Nam",11.9623458,108.4440349,4.5,1266,2,0834 304 050,https://www.facebook.com/bluedreambread.saigon,OPERATIONAL,Thứ Hai: 08:30–22:00 | Thứ Ba: 08:30–22:00 | Thứ Tư: 08:30–22:00 | Thứ Năm: 08:30–22:00 | Thứ Sáu: 08:30–22:00 | Thứ Bảy: 08:30–22:00 | Chủ Nhật: 08:30–22:00,08:30,22:00,91.92307692307692,15.07,32.15,0.0014,0.7194,0.2886,510,1320,60,True
LÒ BÁNH CĂN ĐÀ LẠT,chợ quán,1,1754,83700,143800,ngon rẻ chấn động,https://www.tiktok.com/@didauofficial/video/7533457708364631314,1,20.12,,Bánh căn Lệ,ChIJgzlWiFsTcTER_QOgSR5Bh5I,"27/44 Yersin, Xuân Hương - Đà Lạt, Lâm Đồng 66000, Việt Nam",11.9422794,108.4506503,4.3,1622,2,0933 189 596,https://www.facebook.com/le.banhcan.5,OPERATIONAL,Thứ Hai: 06:30–15:30 | Thứ Ba: 06:30–15:30 | Thứ Tư: 06:30–15:30 | Thứ Năm: 06:30–15:30 | Thứ Sáu: 06:30–15:30 | Thứ Bảy: 06:30–15:30 | Chủ Nhật: 06:30–15:30,06:30,15:30,90.9090909090909,25.12,31.79,0.0043,0.7113,0.2871,390,930,45,True
phòng khách sạn,khách sạn,1,34,1329,39,,https://www.tiktok.com/@catanh.hotel/video/7638246646534458631,0,10.17,,Khách Sạn Dalat Palace,ChIJl9p2kTETcTERD2UK-Y4pL70,"2 Đ. Trần Phú, Xuân Hương - Đà Lạt, Lâm Đồng, Việt Nam",11.9376173,108.4403766,4.4,1454,,0263 3825 444,https://www.dalatpalacehotel.com/,OPERATIONAL,Thứ Hai: Mở cửa cả ngày | Thứ Ba: Mở cửa cả ngày | Thứ Tư: Mở cửa cả ngày | Thứ Năm: Mở cửa cả ngày | Thứ Sáu: Mở cửa cả ngày | Thứ Bảy: Mở cửa cả ngày | Chủ Nhật: Mở cửa cả ngày,00:00,,70.96774193548387,10.17,32.04,0.0,0.717,0.2868,0,,0,False
Dưới tán anh đào,cafe,1,35300,385800,19600,,https://www.tiktok.com/@duoitananhdao/video/7632578262715157767,1,83.88,,Quán cà phê Dưới Tán Anh Đào,ChIJm9IiEtcTcTERNsDv1eIoZA4,"29B Đ. Hùng Vương, Xuân Trường - Đà Lạt, Lâm Đồng 66118, Việt Nam",11.9404545,108.4845469,4.5,798,2,0938 836 565,https://gox.life/,OPERATIONAL,Thứ Hai: 07:00–23:00 | Thứ Ba: 07:00–23:00 | Thứ Tư: 07:00–23:00 | Thứ Năm: 07:00–23:00 | Thứ Sáu: 07:00–23:00 | Thứ Bảy: 07:00–23:00 | Chủ Nhật: 07:00–23:00,07:00,23:00,87.72727272727273,88.88,30.08,0.0225,0.673,0.2827,420,1380,60,True
Lang Farm Center,địa điểm checkin,2,41514,2361800,242500,,https://www.tiktok.com/@du_lich_dalat/video/7508576445141208338 | https://www.tiktok.com/@ghiendalat_official/video/7535672971080371474,2,258.6,,Langfarm Store Langfarm Center,ChIJb97n8K9tcTER1DBTJJeCIUc,"1B Đường Hoàng Văn Thụ, Cam Ly - Đà Lạt, Lâm Đồng 67000, Việt Nam",11.944506,108.4172414,5,169,,1900 9065,https://langfarm.com/,OPERATIONAL,Thứ Hai: 07:30–18:00 | Thứ Ba: 07:30–18:00 | Thứ Tư: 07:30–18:00 | Thứ Năm: 07:30–18:00 | Thứ Sáu: 07:30–18:00 | Thứ Bảy: 07:30–18:00 | Chủ Nhật: 07:30–18:00,07:30,18:00,69.56521739130434,307.69,25.68,0.0851,0.5746,0.2809,450,1080,30,True
Quán Cà Phê View,cafe,2,5153,605436,5777,,https://www.tiktok.com/@smiletuan/video/7171762443759275290 | https://www.tiktok.com/@littletown.dalat/video/7634114282900196626,1,75.33,,Đà Lạt Nights - Quán cà phê view thành phố,ChIJsx_cOhoTcTEREMfnZkiJ6FQ,"4 Đường Đống Đa, Xuân Hương - Đà Lạt, Lâm Đồng 66000, Việt Nam",11.9259335,108.4453393,4.1,1420,,0862 961 579,https://www.facebook.com/Dalatnightscafe,OPERATIONAL,Thứ Hai: 06:00–00:00 | Thứ Ba: 06:00–00:00 | Thứ Tư: 06:00–00:00 | Thứ Năm: 06:00–00:00 | Thứ Sáu: 06:00–00:00 | Thứ Bảy: 06:00–00:00 | Chủ Nhật: 06:00–00:00,06:00,00:00,80.3061224489796,90.7,29.76,0.0231,0.666,0.2802,360,1440,60,True
Dream Garden Homestay,homestay,1,130900,854600,26000,,https://www.tiktok.com/@dreamgardenhomestay/video/7465903140534013185,1,226.36,,Dream Garden Homestay Cầu Đất,ChIJPz1JMtoXcTERfM4zefuA2Wo,"Đường Đất Làng, Trường Xuân, Xuân Trường - Đà Lạt, Lâm Đồng 670000, Việt Nam",11.8918783,108.5465936,4.7,311,,0911 261 211,,OPERATIONAL,,,,99.0,231.36,26.99,0.0633,0.604,0.2796,,,0,False
Hồ Xuân Hương,thiên nhiên,1,34100,1500000,222100,,https://www.tiktok.com/@dichoimoingay/video/7474114773529939220,0,194.1,,Hồ Xuân Hương,ChIJL9Ajjd8ScTERNAPClxAZWEY,"Hồ Xuân Hương, Lâm Đồng, Việt Nam",11.9407361,108.4415404,4.7,360,,,,,,,,100,194.1,27.68,0.0526,0.6193,0.2793,,,90,True
Om Secret Hill Đà Lạt,homestay,2,50527,2155800,5782,,https://www.tiktok.com/@aihaohaohao/video/7565083466304408839 | https://www.tiktok.com/@shundidau_/video/7610461933954764053,2,211.8,,Ôm Secret Hill Đà Lạt,ChIJTd8fcMkTcTER2wuBZv6wUSM,"P3, 8 Đống Đa, Xuân Hương - Đà Lạt, Lâm Đồng 670000, Việt Nam",11.9252021,108.4458355,4.9,177,,0963 249 024,https://www.facebook.com/share/1X1K4WxN26/?mibextid=LQQJ4d,OPERATIONAL,,,,78.57142857142857,296.11,25.39,0.0818,0.5682,0.2763,,,0,False
Homestay A,homestay,4,54330,2001904,42900,,https://www.tiktok.com/@dihetdalat/video/7574036754475404551 | https://www.tiktok.com/@gacnhohomestay/video/7626078738307878164 | https://www.tiktok.com/@namkinhcan3004/video/7636356410216942866,2,136.12,,Andalat Homestay,ChIJoz_GjZoTcTER0HwjuzgycFE,"9A Hoàng Hoa Thám, Xuân Hương - Đà Lạt, Lâm Đồng 66000, Việt Nam",11.9412588,108.4653128,4.7,213,,0786 808 080,http://andalat.vn/,OPERATIONAL,Thứ Hai: Mở cửa cả ngày | Thứ Ba: Mở cửa cả ngày | Thứ Tư: Mở cửa cả ngày | Thứ Năm: Mở cửa cả ngày | Thứ Sáu: Mở cửa cả ngày | Thứ Bảy: Mở cửa cả ngày | Chủ Nhật: Mở cửa cả ngày,00:00,,95.23809523809523,304.52,25.22,0.0842,0.5643,0.2763,0,,0,False
Bún bò Huế Thiên Trang,chợ quán,1,16900,625700,160800,,https://www.tiktok.com/@mr.cunghe/video/7129358708542393627,1,89.47,,Bún Bò Huế Thiên Trang 2,ChIJo-8FoTwTcTERW5ACYZGj9sg,"2b Hồ Tùng Mậu, Xuân Hương - Đà Lạt, Lâm Đồng, Việt Nam",11.9364783,108.4457553,3.6,3246,,0263 3812 626,,OPERATIONAL,Thứ Hai: 06:00–16:00 | Thứ Ba: 06:00–16:00 | Thứ Tư: 06:00–16:00 | Thứ Năm: 06:00–16:00 | Thứ Sáu: 06:00–16:00 | Thứ Bảy: 06:00–16:00 | Chủ Nhật: 06:00–16:00,06:00,16:00,100,94.47,29.11,0.0241,0.6513,0.275,360,960,45,True
Đồi Đa Phú,thiên nhiên,1,293,35400,7950,,https://www.tiktok.com/@tinaonthegooo/video/7168542515551948059,1,13.83,,Đồi Đa Phú,ChIJTTfzNtltcTERonlU_OdpOyc,"Lang Biang - Đà Lạt, Lâm Đồng 670000, Việt Nam",11.9820625,108.4038125,4.5,887,,,,OPERATIONAL,Thứ Hai: Mở cửa cả ngày | Thứ Ba: Mở cửa cả ngày | Thứ Tư: Mở cửa cả ngày | Thứ Năm: Mở cửa cả ngày | Thứ Sáu: Mở cửa cả ngày | Thứ Bảy: Mở cửa cả ngày | Chủ Nhật: Mở cửa cả ngày,00:00,,100,18.83,30.55,0.0025,0.6836,0.275,0,,90,True
Tiệm Cơm Niêu,chợ quán,2,22110,1523600,9135,59K,https://www.tiktok.com/@tiemcomnieunhala/video/7374044494146145544 | https://www.tiktok.com/@didalatcungtruc/video/7104962108843887899,2,133.7,,Cơm Niêu Việt Nam,ChIJq248NAATcTER66tefs6ONAY,"3H Nam Kỳ Khởi Nghĩa, street, Xuân Hương - Đà Lạt, Lâm Đồng, Việt Nam",11.9416887,108.4359681,4.7,298,,0973 415 334,,OPERATIONAL,Thứ Hai: 09:00–22:00 | Thứ Ba: 09:00–22:00 | Thứ Tư: 09:00–22:00 | Thứ Năm: 09:00–22:00 | Thứ Sáu: 09:00–22:00 | Thứ Bảy: 09:00–22:00 | Chủ Nhật: 09:00–22:00,09:00,22:00,73.33333333333334,204.47,26.79,0.0556,0.5995,0.2732,540,1320,45,True
Langfarm Buffet,chợ quán,1,2914,261800,263300,,https://www.tiktok.com/@ghiendalat_official/video/7535672971080371474,0,39.09,,Langfarm Buffet (Chợ Đêm),ChIJsWNpWfYUcTERZWXKdjx8M18,"6 Đường Nguyễn Thị Minh Khai, Xuân Hương - Đà Lạt, Lâm Đồng, Việt Nam",11.9417807,108.4376196,4.2,1108,,0263 3510 520,https://www.langfarm.com/,OPERATIONAL,Thứ Hai: 07:30–22:30 | Thứ Ba: 07:30–22:30 | Thứ Tư: 07:30–22:30 | Thứ Năm: 07:30–22:30 | Thứ Sáu: 07:30–22:30 | Thứ Bảy: 07:30–22:30 | Chủ Nhật: 07:30–22:30,07:30,22:30,93.94736842105263,39.09,29.45,0.0083,0.6589,0.2686,450,1350,45,True
Đèo Prenn,thiên nhiên,2,6603,162300,10300,,https://www.tiktok.com/@hoang.nguyen5696/video/7636784268684889365,2,42.83,,Đèo Prenn,ChIJha0iv0ITcTER2q6ws0Rsvvw,"Đèo Prenn, Xuân Hương - Đà Lạt, Lâm Đồng, Việt Nam",11.9166667,108.45,4.7,486,,,,,,,,100,52.83,29.08,0.0122,0.6508,0.2677,,,90,True
1/2 Circle Coffee,cafe,3,5877,538451,76800,,https://www.tiktok.com/@duocroidithoi.sg/video/7387617478555258120 | https://www.tiktok.com/@hoaithuong420/video/7626258724960603412 | https://www.tiktok.com/@kim_luu1904/video/7446358616766041351,3,69.11,,1/2 Circle Coffee,ChIJk0kQJgATcTER5HQJIYAPqBw,"Hẻm 4 Đường Đặng Thái Thân, Xuân Hương - Đà Lạt, Lâm Đồng, Việt Nam",11.924712,108.4534609,4.5,510,,0907 232 279,,OPERATIONAL,Thứ Hai: 07:30–18:00 | Thứ Ba: 07:30–18:00 | Thứ Tư: 07:30–18:00 | Thứ Năm: 07:30–18:00 | Thứ Sáu: 07:30–18:00 | Thứ Bảy: 07:30–18:00 | Chủ Nhật: 07:30–18:00,07:30,18:00,100,104.72,28.06,0.0271,0.628,0.2674,450,1080,60,True
Quán ăn Bản Địa Đà Lạt,chợ quán,1,731,48500,5685,,https://www.tiktok.com/@quanngondalat/video/7460082988379049224,1,15.58,,Quán heo bản địa - Đà Lạt,ChIJde2JLkUTcTERnyt2AsZS6Mc,"Lô BL C4, KQH Phạm Hồng Thái, Xuân Hương - Đà Lạt, Lâm Đồng 66000, Việt Nam",11.9400866,108.4525427,4.9,387,,0773 650 632,https://1phutdalat.vn/,OPERATIONAL,Thứ Hai: 10:00–22:00 | Thứ Ba: 10:00–22:00 | Thứ Tư: 10:00–22:00 | Thứ Năm: 10:00–22:00 | Thứ Sáu: 10:00–22:00 | Thứ Bảy: 10:00–22:00 | Chủ Nhật: 10:00–22:00,10:00,22:00,77.41935483870968,20.58,29.21,0.003,0.6536,0.2632,600,1320,45,True
Quán ăn vặt Chiên,chợ quán,1,1866,63000,5685,,https://www.tiktok.com/@quanngondalat/video/7434372010249063698,0,18.17,,Quán ăn Chiêng,ChIJ0d93bDATcTERPXytyXAPgkU,"232 Đường Phù Đổng Thiên Vương, Lâm Viên - Đà Lạt, Lâm Đồng 670000, Việt Nam",11.9696856,108.443745,4.7,496,2,0263 6516 179,https://www.facebook.com/diemhentaynguyen,OPERATIONAL,Thứ Hai: 10:00–22:30 | Thứ Ba: 10:00–22:30 | Thứ Tư: 10:00–22:30 | Thứ Năm: 10:00–22:30 | Thứ Sáu: 10:00–22:30 | Thứ Bảy: 10:00–22:30 | Chủ Nhật: 10:00–22:30,10:00,22:30,83.87096774193549,18.17,29.18,0.0023,0.653,0.2626,600,1350,45,True
Tiệm cà phê Hoàng Hôn Chiều,cafe,1,50,900,64,,https://www.tiktok.com/@onenightstation/video/7551067372229102866,1,10.14,,Tiệm cà phê Hoàng Hôn Chiều,ChIJefpt7bcTcTERPpkCD7MToVw,"Dốc số 9, Trại Mát, Xuân Trường - Đà Lạt, Lâm Đồng, Việt Nam",11.9402089,108.5079402,4.1,1191,,0902 266 398,https://m.facebook.com/tiemcapheHoangHonChieu/,OPERATIONAL,Thứ Hai: 05:00–20:00 | Thứ Ba: 05:00–20:00 | Thứ Tư: 05:00–20:00 | Thứ Năm: 05:00–20:00 | Thứ Sáu: 05:00–20:00 | Thứ Bảy: 05:00–20:00 | Chủ Nhật: 05:00–20:00,05:00,20:00,100,15.14,29.04,0.0015,0.6499,0.2608,300,1200,60,True
Tiệm cf Nàng Dalat,cafe,1,1575,97000,23900,,https://www.tiktok.com/@tiemcafenangdalat/video/7418937812419988743,1,21.27,,Nàng Dalat,ChIJieWxjYkTcTERTK0dri69we4,"18/2 Đường Khởi Nghĩa Bắc Sơn, Xuân Hương - Đà Lạt, Lâm Đồng 670000, Việt Nam",11.9347198,108.4507834,4.6,515,,0911 229 393,,OPERATIONAL,Thứ Hai: 05:30–22:00 | Thứ Ba: 05:30–22:00 | Thứ Tư: 05:30–22:00 | Thứ Năm: 05:30–22:00 | Thứ Sáu: 05:30–22:00 | Thứ Bảy: 05:30–22:00 | Chủ Nhật: 05:30–22:00,05:30,22:00,65.0,26.27,28.73,0.0046,0.6429,0.26,330,1320,60,True
Quán Cà phê Hoa Xương Rồng,cafe,2,2665,108700,184,,https://www.tiktok.com/@caphedalat01/video/7414005832070860040 | https://www.tiktok.com/@caphedalat01/video/7432858277999922440,2,19.49,,Hoa Xương Rồng - Quán Cà Phê Trung Tâm TP Đà Lạt,ChIJj46WxHMTcTERcfvCk3rrwv0,"89 Hoàng Hoa Thám, Xuân Hương - Đà Lạt, Lâm Đồng 66117, Việt Nam",11.9337549,108.4652509,4.4,633,,0925 903 634,https://hoaxuongrong.vn/,OPERATIONAL,Thứ Hai: 06:30–22:00 | Thứ Ba: 06:30–22:00 | Thứ Tư: 06:30–22:00 | Thứ Năm: 06:30–22:00 | Thứ Sáu: 06:30–22:00 | Thứ Bảy: 06:30–22:00 | Chủ Nhật: 06:30–22:00,06:30,22:00,80.0,43.53,28.39,0.0096,0.6352,0.2598,390,1320,60,True
Delight Park Đà Lạt,địa điểm checkin,1,2444,144300,111100,,https://www.tiktok.com/@nhanphepha/video/7610772204464164117,1,26.87,,Delight Park Dalat,ChIJg8vJa9UTcTER5OVTIDW4c8c,"113 Hồ Xuân Hương, Ward 9, Lâm Viên - Đà Lạt, Lâm Đồng, Việt Nam",11.9582632,108.4744012,4.6,493,,,https://delightparkdalat.com/,OPERATIONAL,Thứ Hai: 09:00–22:00 | Thứ Ba: 09:00–22:00 | Thứ Tư: 09:00–22:00 | Thứ Năm: 09:00–22:00 | Thứ Sáu: 09:00–22:00 | Thứ Bảy: 09:00–22:00 | Chủ Nhật: 09:00–22:00,09:00,22:00,100,31.87,28.53,0.0062,0.6384,0.2591,540,1320,30,True
Ly Cafe,cafe,1,18,393,252300,,https://www.tiktok.com/@nguyenpalmas/video/7638304600553950472,1,10.06,,Le J' cafe,ChIJJxprLIQTcTERofArpAanDL4,"Hẻm 51 Yersin, Xuân Hương - Đà Lạt, Lâm Đồng 670000, Việt Nam",11.9421896,108.4517296,4.8,403,2,0378 750 757,https://lejcafe.com/pages/contact-us,OPERATIONAL,Thứ Hai: 07:30–17:00 | Thứ Ba: 07:30–17:00 | Thứ Tư: Đóng cửa | Thứ Năm: 07:30–17:00 | Thứ Sáu: 07:30–17:00 | Thứ Bảy: 07:30–17:00 | Chủ Nhật: 07:30–17:00,07:30,17:00,75.0,15.06,28.81,0.0014,0.6446,0.2587,450,1020,60,True
Rừng Na Uy,thiên nhiên,2,33297,862000,8893,,https://www.tiktok.com/@quanhchilllamm/video/7593951981899631880,2,139.5,Rừng Giao Hưởng,RỪNG NA UY cafe,ChIJz36ouy4TcTERPOzEvMjQig4,"Unnamed, Road, Xuân Trường - Đà Lạt, Lâm Đồng, Việt Nam",11.938013,108.4831848,4.6,288,,0979 888 850,https://www.tiktok.com/@rungnauycafe.dalat?_t=8iRtuOWMkUr&_r=1,OPERATIONAL,Thứ Hai: 08:00–19:00 | Thứ Ba: 08:00–19:00 | Thứ Tư: 08:00–19:00 | Thứ Năm: 08:00–19:00 | Thứ Sáu: 08:00–22:00 | Thứ Bảy: 08:00–22:00 | Chủ Nhật: 08:00–19:00,08:00,19:00,95.0,149.5,26.07,0.0399,0.5833,0.2572,480,1140,90,True
Cà phê Bản Lèo,cafe,4,44027,1235200,568600,,https://www.tiktok.com/@suoibinhyen/video/7596534131127749909,4,207.55,Bản Lèo,Bản cà phê Đà Lạt,ChIJ8bKlkn4TcTERDedelu-4BUE,"xuống dốc cạnh villa DT, Hẻm 29 3/4, Phường 3, Đà Lạt, Lâm Đồng, Việt Nam",11.9257807,108.4494338,4.9,145,,0333 994 782,,OPERATIONAL,Thứ Hai: 08:00–19:00 | Thứ Ba: 08:00–19:00 | Thứ Tư: 08:00–19:00 | Thứ Năm: 08:00–19:00 | Thứ Sáu: 08:00–19:00 | Thứ Bảy: 08:00–19:00 | Chủ Nhật: 08:00–19:00,08:00,19:00,83.33333333333334,227.55,24.42,0.0622,0.5464,0.2559,480,1140,60,True
The Lam,chợ quán,1,784,74700,2125,80k,https://www.tiktok.com/@thelam35lytutrong/video/7564221039358561544,1,18.25,,The Lam,ChIJQ7IjLAATcTERBJCWUvkNW4U,"Đường Lý Tự Trọng/35 Cũ, Xuân Hương - Đà Lạt, Lâm Đồng, Việt Nam",11.9464031,108.438054,4.7,411,,0704 586 266,,OPERATIONAL,Thứ Hai: 04:00–21:30 | Thứ Ba: 04:00–21:30 | Thứ Tư: 04:00–21:30 | Thứ Năm: 04:00–21:30 | Thứ Sáu: 04:00–21:30 | Thứ Bảy: 04:00–21:30 | Chủ Nhật: 04:00–21:30,04:00,21:30,100,23.25,28.3,0.0038,0.6332,0.2556,240,1290,45,True
Bánh Tráng Nướng Đà Lạt,chợ quán,4,169064,3083500,87800,,https://www.tiktok.com/@nhienthichan/video/7042878105987468546,2,517.41,,Bánh tráng nướng 68 Đà Lạt,ChIJFfLlamgTcTERvftAs5J5CJU,"57 Đ. Phạm Hồng Thái, Xuân Hương - Đà Lạt, Lâm Đồng 67000, Việt Nam",11.9397237,108.4555282,4.9,41,,0812 336 374,,OPERATIONAL,Thứ Hai: 09:00–23:00 | Thứ Ba: 09:00–23:00 | Thứ Tư: 09:00–23:00 | Thứ Năm: 09:00–23:00 | Thứ Sáu: 09:00–23:00 | Thứ Bảy: 09:00–23:00 | Chủ Nhật: 09:00–23:00,09:00,23:00,100,527.41,18.31,0.148,0.4098,0.2527,540,1380,45,True
Happy Hill Coffee,cafe,2,6213,223000,1288,,https://www.tiktok.com/@happyhill...dalat/video/7637101558462991624,2,48.51,,Happy Hill Coffee ( Đảo trái tim Hồ Tuyền Lâm ),ChIJfS9WdABrcTERYnkoc7Eg1e4,"VCM9+H4, Xuân Hương - Đà Lạt, Lâm Đồng, Việt Nam",11.883855,108.4183732,4.1,697,,0918 733 113,https://www.facebook.com/phimtruonghappyhill,OPERATIONAL,Thứ Hai: 07:00–17:30 | Thứ Ba: 07:00–17:30 | Thứ Tư: 07:00–17:30 | Thứ Năm: 07:00–17:30 | Thứ Sáu: 07:00–17:30 | Thứ Bảy: 07:00–17:30 | Chủ Nhật: 07:00–17:30,07:00,17:30,71.66666666666666,58.51,26.85,0.0139,0.6008,0.2486,420,1050,60,True
Homestay Đà Lạt,homestay,3,23821,592600,2400000,,https://www.tiktok.com/@thuykieu_2802/video/7635674359092333831 | https://www.tiktok.com/@hanyu339/video/7635585864441138452,3,101.56,,Củi Homestay,ChIJqUf42U4TcTERJQ0FAL88LM4,"Số mới:, 120 Đường Triệu Việt Vương, Xuân Hương - Đà Lạt, Lâm Đồng 670000, Việt Nam",11.9212051,108.4361851,4.4,323,,0911 662 070,https://www.facebook.com/DalatCuihomes,OPERATIONAL,Thứ Hai: 06:00–23:00 | Thứ Ba: 06:00–23:00 | Thứ Tư: 06:00–23:00 | Thứ Năm: 06:00–23:00 | Thứ Sáu: 06:00–23:00 | Thứ Bảy: 06:00–23:00 | Chủ Nhật: 06:00–23:00,06:00,23:00,95.0,128.08,25.44,0.0338,0.5692,0.2479,360,1380,0,False
Cây Cam Ngọt Coffee,cafe,1,37,761,53,,https://www.tiktok.com/@tienlendalat/video/7636201439043341586,1,10.11,,Cây Cam Ngọt,ChIJe4V0x-ATcTERHbSqtwLpzQA,"Hẻm 57 Khe Sanh, Xuân Hương - Đà Lạt, Lâm Đồng, Việt Nam",11.9274805,108.4618828,4.8,312,,0966 936 938,https://www.facebook.com/caycamngot.dalat?mibextid=LQQJ4d,OPERATIONAL,Thứ Hai: 07:30–18:00 | Thứ Ba: 07:30–18:00 | Thứ Tư: 07:30–18:00 | Thứ Năm: 07:30–18:00 | Thứ Sáu: 07:30–18:00 | Thứ Bảy: 07:30–18:00 | Chủ Nhật: 07:30–18:00,07:30,18:00,92.41935483870968,15.11,27.58,0.0014,0.6172,0.2477,450,1080,60,True
Bánh canh cua Luxury,chợ quán,1,13000,716100,177400,,https://www.tiktok.com/@kuti20297/video/7463821415771278610,1,94.61,,Bánh Canh Cua Luxury Đà Lạt,ChIJjWfSoh0TcTERpCcYpm_0fCs,"Lô 1A Khu Quy Hoạch Hoàng Văn Thụ, Xuân Hương - Đà Lạt, Lâm Đồng 66115, Việt Nam",11.9378906,108.4291785,4.4,355,,0966 522 955,,OPERATIONAL,Thứ Hai: 06:30–21:00 | Thứ Ba: 06:30–21:00 | Thứ Tư: 06:30–21:00 | Thứ Năm: 06:30–21:00 | Thứ Sáu: 06:30–21:00 | Thứ Bảy: 06:30–21:00 | Chủ Nhật: 06:30–21:00,06:30,21:00,100,99.61,25.85,0.0256,0.5784,0.2467,390,1260,45,True
Café Mây,cafe,6,228304,7522155,51900,,https://www.tiktok.com/@spotly.asia/video/7254176332165287170,5,1040.52,Cà phê Đà Lạt | Cafe Sân Mây | Cà phê mây Đà Lạt | Cafe treo trên sườn đồi,Café Mây,ChIJHbE6rmAScTERvxsuFj4si5A,"60 Đường Thái Phiên, Lâm Viên - Đà Lạt, Lâm Đồng, Việt Nam",11.9688821,108.4806716,4.5,4,,,,OPERATIONAL,,,,100,1065.52,7.24,0.3018,0.1621,0.2459,,,60,True
Near coffee,cafe,1,163,22200,26700,,https://www.tiktok.com/@ducdodalat/video/7324336510549904658,1,12.38,,Near Coffee Đà Lạt,ChIJf0pbsBkTcTERTxWukREDhYo,"27 Bis Trần Hưng Đạo, Xuân Hương - Đà Lạt, Lâm Đồng, Việt Nam",11.9391549,108.4548822,4.5,427,2,0868 381 139,https://www.facebook.com/nearcoffee27/about_contact_and_basic_info,CLOSED_PERMANENTLY,,,,100,17.38,27.27,0.0021,0.6101,0.2453,,,60,True
Tiệm cơm nhà ngon,chợ quán,4,2438,139336,231300,,https://www.tiktok.com/@baro.phe/video/7431168879977630994 | https://www.tiktok.com/@lunmango/video/7578802070728281352,2,33.88,Quán cơm gà có nhiều loại sốt | Quán Cơm Linh Đà Lạt,Tiệm Cơm Bếp Nhà Gỗ,ChIJBWWfjSQTcTERBkGm710A8ps,"69 Hoàng Hoa Thám, Xuân Hương - Đà Lạt, Lâm Đồng 670000, Việt Nam",11.9354894,108.4645355,4.8,237,,0902 996 726,,OPERATIONAL,Thứ Hai: 09:00–19:00 | Thứ Ba: 09:00–19:00 | Thứ Tư: 09:00–19:00 | Thứ Năm: 09:00–19:00 | Thứ Sáu: 09:00–19:00 | Thứ Bảy: 09:00–19:00 | Chủ Nhật: 09:00–19:00,09:00,19:00,77.77777777777779,66.37,26.27,0.0161,0.5878,0.2448,540,1140,45,True
Edin Cafe,cafe,1,2,102,126,,https://www.tiktok.com/@moonlightfloralrva/video/7638872527711915294,1,10.01,,Yên Cafe,ChIJjelZNh4TcTERc1fhF9_--b8,"264 Phan Đình Phùng, Xuân Hương - Đà Lạt, Lâm Đồng 670000, Việt Nam",11.9504907,108.4342389,4.6,366,2,0933 765 579,,OPERATIONAL,Thứ Hai: 07:30–22:30 | Thứ Ba: 07:30–22:30 | Thứ Tư: 07:30–22:30 | Thứ Năm: 07:30–22:30 | Thứ Sáu: 07:30–22:30 | Thứ Bảy: 07:30–22:30 | Chủ Nhật: 07:30–22:30,07:30,22:30,70.58823529411764,15.01,27.16,0.0014,0.6078,0.244,450,1350,60,True
Chân gà quái thú Đà Lạt,chợ quán,1,56800,1500000,71300,,https://www.tiktok.com/@sieuanvat25/video/7239287781401398533,1,216.8,,Quán nhậu Huyền Diệu ( Chân Gà Quái Thú ),ChIJV0h-vtJscTER0FDG3Uf2s74,"16b Đường Hoàng Văn Thụ, Xuân Hương - Đà Lạt, Lâm Đồng, Việt Nam",11.9399205,108.4261972,4.2,241,,0397 604 601,,OPERATIONAL,Thứ Hai: 09:00–23:00 | Thứ Ba: 09:00–23:00 | Thứ Tư: 09:00–23:00 | Thứ Năm: 09:00–23:30 | Thứ Sáu: 09:00–23:30 | Thứ Bảy: 09:00–23:30 | Chủ Nhật: 09:00–23:30,09:00,23:30,75.37735849056604,221.8,23.05,0.0606,0.5159,0.2427,540,1410,45,True
Fairytale Land,địa điểm checkin,1,31900,226400,16000,,https://www.tiktok.com/@dalat_fairytale_land/video/7448631956603981074,1,64.54,,DALAT FAIRYTALE LAND,ChIJCcTm2xdtcTERLlbemsPGwVI,"Vạn Thành, Làng Hoa, Cam Ly - Đà Lạt, Lâm Đồng, Việt Nam",11.9484697,108.4029385,4.3,408,,0941 204 222,https://dalatfairytaleland.com/,OPERATIONAL,Thứ Hai: 07:30–17:00 | Thứ Ba: 07:30–17:00 | Thứ Tư: 07:30–17:00 | Thứ Năm: 07:30–17:00 | Thứ Sáu: 07:30–17:00 | Thứ Bảy: 07:30–17:00 | Chủ Nhật: 07:30–17:00,07:30,17:00,100,69.54,25.86,0.017,0.5786,0.2417,450,1020,30,True
Tiệm Nướng Hoàng Hôn,khách sạn | nhà hàng,1,32,10400,13100,,https://www.tiktok.com/@tiemnuong.hoanghon/video/7625929424847883527,1,11.07,,Tiệm nướng Hoàng Hôn,ChIJp8dPnPITcTER4DQ0fS4zqy4,"Cổng trại giam Dã Chiến, 118 Đ. Hùng Vương, Xuân Trường - Đà Lạt, Lâm Đồng 67000, Việt Nam",11.9381695,108.4835734,4.2,602,2,0983 680 680,https://tiemnuonghoanghon.vn/,OPERATIONAL,Thứ Hai: 14:00–22:00 | Thứ Ba: 14:00–22:00 | Thứ Tư: 14:00–22:00 | Thứ Năm: 14:00–22:00 | Thứ Sáu: 14:00–22:00 | Thứ Bảy: 14:00–22:00 | Chủ Nhật: 14:00–22:00,14:00,22:00,87.8048780487805,16.07,26.89,0.0017,0.6017,0.2417,840,1320,45,True
San Mai Dalat,cafe,2,26900,845700,34500,,https://www.tiktok.com/@review.lt7/video/7601839891789532437,2,131.47,Cafe săn mây Đà Lạt,D' Mai Xanh Dalat,ChIJT_QSh_0TcTERoKX2p7q9mfY,"12/1 Đ. Nguyễn Đình Chiểu, Lâm Viên - Đà Lạt, Lâm Đồng, Việt Nam",11.95011,108.4575228,4.8,162,,0911 583 504,http://facebook.com/maixanhdalat,OPERATIONAL,Thứ Hai: Mở cửa cả ngày | Thứ Ba: Mở cửa cả ngày | Thứ Tư: Mở cửa cả ngày | Thứ Năm: Mở cửa cả ngày | Thứ Sáu: Mở cửa cả ngày | Thứ Bảy: Mở cửa cả ngày | Chủ Nhật: Mở cửa cả ngày,00:00,,70.58823529411764,141.47,24.45,0.0376,0.5471,0.2414,0,,60,True
Quán Lẩu và Nướng Tôm Bầu,chợ quán,1,24,860,538,,https://www.tiktok.com/@tombaudalat/video/7628930848670158101,1,10.11,,QUÁN ĂN TÀI (LẨU + NƯỚNG ĐÀ LẠT),ChIJyXdw9XITcTERCxf21nq-iaI,"31/13 3/4, Thành phố Đà Lạt, Lâm Đồng, Việt Nam",11.9227826,108.4526721,4.8,267,,0914 528 317,,OPERATIONAL,Thứ Hai: 12:00–21:00 | Thứ Ba: 12:00–21:00 | Thứ Tư: 12:00–21:00 | Thứ Năm: 12:00–21:00 | Thứ Sáu: 12:00–21:00 | Thứ Bảy: 12:00–21:00 | Chủ Nhật: 12:00–21:00,12:00,21:00,73.91304347826086,15.11,26.84,0.0014,0.6005,0.2411,720,1260,45,True
WAKEN BEANS COFFEE,cafe,1,193,5662,207,,https://www.tiktok.com/@dky.zzz0/video/7637853189676584212,1,10.76,,Waken Beans coffee & roastery,ChIJk3gRUQBtcTERtATrysyYO3k,"4 Đ. Ngô Thì Sỹ, Xuân Hương - Đà Lạt, Lâm Đồng 67000, Việt Nam",11.9332084,108.4265114,4.5,384,,,,OPERATIONAL,Thứ Hai: 06:30–22:30 | Thứ Ba: 06:30–22:30 | Thứ Tư: 06:30–22:30 | Thứ Năm: 06:30–22:30 | Thứ Sáu: 06:30–22:30 | Thứ Bảy: 06:30–22:30 | Chủ Nhật: 06:30–22:30,06:30,22:30,95.0,15.76,26.79,0.0016,0.5995,0.2408,390,1350,60,True
Tiệm cà phê nhà của Thông Đà Lạt,cafe,1,1186,90900,482300,,https://www.tiktok.com/@ngocduy_diachianuong/video/7602115620703833365,1,20.28,,Tiệm cà phê Nhà Của Thông,ChIJZ1MyRIZtcTERVoz_kUiU6Iw,"Tổ 45 Khu Phố 4, Xuân Trường - Đà Lạt, Lâm Đồng 670000, Việt Nam",11.9410234,108.4769418,4.6,311,,0988 249 297,https://tiemcaphenhacuathong.com/,OPERATIONAL,Thứ Hai: 07:00–19:00 | Thứ Ba: 07:00–19:00 | Thứ Tư: 07:00–19:00 | Thứ Năm: 07:00–19:00 | Thứ Sáu: 07:00–19:00 | Thứ Bảy: 07:00–19:00 | Chủ Nhật: 07:00–19:00,07:00,19:00,73.07692307692308,25.28,26.42,0.0044,0.5911,0.2391,420,1140,60,True
Tiệm nướng mùa thu Đà Lạt,khác,1,3864,132100,482300,,https://www.tiktok.com/@ngocduy_diachianuong/video/7607637946195283220,1,27.07,,Tiệm nướng Mùa Thu,ChIJT1B_Na8TcTERaQcE34cei8c,"59 Hẻm Đống Đa, Xuân Hương - Đà Lạt, Lâm Đồng, Việt Nam",11.9226226,108.4405605,4.5,342,1,0707 907 900,,OPERATIONAL,Thứ Hai: 16:00–22:00 | Thứ Ba: 16:00–22:00 | Thứ Tư: 16:00–22:00 | Thứ Năm: 16:00–22:00 | Thứ Sáu: 16:00–22:00 | Thứ Bảy: 16:00–22:00 | Chủ Nhật: 16:00–22:00,16:00,22:00,100,32.07,26.27,0.0063,0.5878,0.2389,960,1320,45,True
Cơm Tấm,chợ quán,2,6948,234800,242400,ngon rẻ,https://www.tiktok.com/@xalachtrondaugiam/video/7562106189757156616,1,50.43,Cơm Tấm Utle | Cơm Tấm Ngon Rẻ,Cơm tấm Mơ,ChIJmwk5MAATcTER85ErV8oUSCs,"21 Nguyễn Trãi, Xuân Hương - Đà Lạt, Lâm Đồng 66000, Việt Nam",11.942037,108.4528691,4.8,198,,0948 723 579,,OPERATIONAL,Thứ Hai: 06:00–20:30 | Thứ Ba: 06:00–20:30 | Thứ Tư: 06:00–20:30 | Thứ Năm: 06:00–20:30 | Thứ Sáu: 06:00–21:30 | Thứ Bảy: 06:00–20:30 | Chủ Nhật: 06:00–20:30,06:00,20:30,97.35294117647058,55.43,25.41,0.013,0.5685,0.2352,360,1230,45,True
Quán Gió,chợ quán,1,4438,293400,6621,,https://www.tiktok.com/@mai_riviu/video/7535782357450657044,0,43.78,,Quán Gió,ChIJkRlwIMcTcTER94vHb3WrWto,"184_2 Đường Bùi Thị Xuân, Xuân Hương - Đà Lạt, Lâm Đồng 66000, Việt Nam",11.949959,108.4388952,4.5,291,,0793 201 092,https://www.facebook.com/GioTheKimchiBar/,OPERATIONAL,Thứ Hai: 16:00–22:00 | Thứ Ba: 16:00–22:00 | Thứ Tư: 16:00–22:00 | Thứ Năm: 16:00–22:00 | Thứ Sáu: 16:00–22:00 | Thứ Bảy: 16:00–22:00 | Chủ Nhật: 16:00–22:00,16:00,22:00,100,43.78,25.55,0.0096,0.5716,0.2344,960,1320,45,True
The Lake House Dalat,cafe,1,3349,264400,808,,https://www.tiktok.com/@greenleila24/video/7469306140325711122,1,39.79,,The Lake House Dalat,ChIJYf7pUqkUcTER1b8xCoYfpKI,"Vườn Thương, hồ Tuyền Lâm, Xuân Hương - Đà Lạt, Lâm Đồng 670000, Việt Nam",11.9009932,108.4339012,4.5,289,,,,CLOSED_PERMANENTLY,,,,100,44.79,25.51,0.0099,0.5709,0.2343,,,60,True
Lạc Hư Cổ Trấn,khách sạn,1,40700,1800000,123200,,https://www.tiktok.com/@tiktokgapgiquaydo/video/7607409661502967058,0,230.7,,Lạc Hư Cổ Trấn,ChIJo_sBJQATcTERA82qQAZoApM,"Đường Lâm Văn Thạnh, Đà Lạt, Lâm Đồng, Việt Nam",11.9404232,108.485043,4.1,208,,0886 843 460,,OPERATIONAL,Thứ Hai: 05:00–21:00 | Thứ Ba: 05:00–21:00 | Thứ Tư: 05:00–21:00 | Thứ Năm: 05:00–21:00 | Thứ Sáu: 05:00–21:00 | Thứ Bảy: 05:00–21:00 | Chủ Nhật: 05:00–21:00,05:00,21:00,100,230.7,21.9,0.0631,0.4901,0.2339,300,1260,0,False
Hòn Bồ,thiên nhiên,1,59,2682,3828,,https://www.tiktok.com/@dalatchillmap/video/7561792004250815764,1,10.33,,Núi Hòn Bồ,ChIJb8sML28ScTERoZjuRE044Xk,"30 dốc hòn bồ, Lâm Viên - Đà Lạt, Lâm Đồng, Việt Nam",11.9736875,108.4894375,4.6,285,,0796 598 957,,OPERATIONAL,Thứ Hai: Mở cửa cả ngày | Thứ Ba: Mở cửa cả ngày | Thứ Tư: Mở cửa cả ngày | Thứ Năm: Mở cửa cả ngày | Thứ Sáu: Mở cửa cả ngày | Thứ Bảy: Mở cửa cả ngày | Chủ Nhật: Mở cửa cả ngày,00:00,,90.0,15.33,26.02,0.0015,0.5822,0.2338,0,,90,True
Vườn hoa cúc hoạ mi,thiên nhiên,1,29800,845300,216400,,https://www.tiktok.com/@dalatstatus/video/7327589103120223506,1,124.33,,Vườn dâu cúc họa mi,ChIJUcwCQqttcTERX1X2wSDOu5Y,"Ankroet, Lang Biang - Đà Lạt, Lâm Đồng, Việt Nam",11.991185,108.3973923,4.3,251,,0375 155 515,,OPERATIONAL,Thứ Hai: 08:30–15:00 | Thứ Ba: 08:30–15:00 | Thứ Tư: 08:30–15:00 | Thứ Năm: 08:30–15:00 | Thứ Sáu: 08:30–15:00 | Thứ Bảy: 08:30–15:00 | Chủ Nhật: 08:30–15:00,08:30,15:00,73.6842105263158,129.33,23.78,0.0341,0.532,0.2333,510,900,90,True
đồi Măng Lin,thiên nhiên,1,69,1104,640,,https://www.tiktok.com/@elllyvo/video/7627508083354324231,1,10.18,,Đồi cỏ hồng Măng Lin,ChIJT_l8in5tcTERWwBB1HlWKco,"Đồi Mả Thánh, Măng Lin, Lang Biang - Đà Lạt, Lâm Đồng, Việt Nam",11.9846912,108.3915807,4.5,318,,0977 771 100,,OPERATIONAL,Thứ Hai: Mở cửa cả ngày | Thứ Ba: Mở cửa cả ngày | Thứ Tư: Mở cửa cả ngày | Thứ Năm: Mở cửa cả ngày | Thứ Sáu: Mở cửa cả ngày | Thứ Bảy: Mở cửa cả ngày | Chủ Nhật: Mở cửa cả ngày,00:00,,75.0,15.18,25.94,0.0015,0.5805,0.2331,0,,90,True
Cà Phê Hồng Phát,cafe,5,88,2299,165,,https://www.tiktok.com/@hongphatdalat/video/7638628112892300564 | https://www.tiktok.com/@hongphatdalat/video/7635599682042957077,5,40.24,Cà Phê Hồng Phát Đà Lạt,Cafe Hồng Phát,ChIJVaruoTwTcTERrmbPJIBAfCY,"2B Hồ Tùng Mậu, Xuân Hương - Đà Lạt, Lâm Đồng, Việt Nam",11.9364255,108.4457565,4.5,234,,0906 777 606,,OPERATIONAL,Thứ Hai: 06:00–21:00 | Thứ Ba: 06:00–21:00 | Thứ Tư: 06:00–21:00 | Thứ Năm: 06:00–21:00 | Thứ Sáu: 06:00–21:00 | Thứ Bảy: 06:00–21:00 | Chủ Nhật: 06:00–21:00,06:00,21:00,73.33333333333334,75.32,24.57,0.0187,0.5497,0.2311,360,1260,60,True
Suối Mát,thiên nhiên,1,42,1416,2918,,https://www.tiktok.com/@vyy8234/video/7617701494036483336,1,10.18,,Suối Mơ,ChIJSWlVZisVcTER4WVokqUpWOc,"Hoa Cẩm Tú Cầu, Xuân Hương - Đà Lạt, Lâm Đồng 66100, Việt Nam",11.9016983,108.4393224,4.1,515,,0707 935 999,https://dalatreview.vn/cafe-suoi-mo-dap-tran-7-tang-da-lat.html,OPERATIONAL,Thứ Hai: 06:30–18:30 | Thứ Ba: 06:30–18:30 | Thứ Tư: 06:30–18:30 | Thứ Năm: 06:30–18:30 | Thứ Sáu: 06:30–18:30 | Thứ Bảy: 06:30–18:00 | Chủ Nhật: 06:30–18:00,06:30,18:00,80.0,15.18,25.61,0.0015,0.573,0.2301,390,1080,90,True
LIMI WORLD,địa điểm checkin,1,20,1441,1807,,https://www.tiktok.com/@quanthedulichpini/video/7433598646714748177,1,10.16,,3D World Da Lat,ChIJ-eX6my4TcTEResLMrUcQez8,"03 Đ. Lê Thị Hồng Gấm, Xuân Hương - Đà Lạt, Lâm Đồng 670000, Việt Nam",11.9423551,108.4378273,4.4,313,,0263 3546 546,https://www.facebook.com/thegioichuphinh3d,OPERATIONAL,Thứ Hai: 08:00–20:00 | Thứ Ba: 08:00–20:00 | Thứ Tư: 08:00–20:00 | Thứ Năm: 08:00–20:00 | Thứ Sáu: 08:00–20:00 | Thứ Bảy: 08:00–20:00 | Chủ Nhật: 08:00–20:00,08:00,20:00,66.66666666666667,15.16,25.3,0.0015,0.5661,0.2273,480,1200,30,True
Thác May,thiên nhiên,2,1339,93837,2300,,https://www.tiktok.com/@thacmaydalat/video/7634170169182424340,2,30.72,,Thác Cam Ly,ChIJG6o31tpscTERyc4PhsdhlzM,"WCV9+G3P, 8b Đường Hoàng Văn Thụ, Cam Ly - Đà Lạt, Lâm Đồng, Việt Nam",11.9418046,108.4208479,3.1,2928,,0263 3834 372,,OPERATIONAL,Thứ Hai: 07:00–17:00 | Thứ Ba: 07:00–17:00 | Thứ Tư: 07:00–17:00 | Thứ Năm: 07:00–17:00 | Thứ Sáu: 07:00–17:00 | Thứ Bảy: 07:00–17:00 | Chủ Nhật: 07:00–17:00,07:00,17:00,73.6842105263158,40.72,24.75,0.0088,0.5537,0.2268,420,1020,90,True
Rừng Lá Kim Cafe,cafe,1,3076,176400,200300,,https://www.tiktok.com/@tuthoreview/video/7403709530078579976,1,30.72,,RỪNG LÁ KIM CAFE,ChIJG1lIJDptcTERPF8wUnpfhxo,"Đ. An Sơn, Xuân Hương - Đà Lạt, Lâm Đồng, Việt Nam",11.9221457,108.4171562,4.8,169,,0946 820 468,,OPERATIONAL,Thứ Hai: 07:00–22:00 | Thứ Ba: 07:00–22:00 | Thứ Tư: 07:00–22:00 | Thứ Năm: 07:00–22:00 | Thứ Sáu: 07:00–22:00 | Thứ Bảy: 07:00–22:00 | Chủ Nhật: 07:00–22:00,07:00,22:00,100,35.72,24.65,0.0073,0.5516,0.2251,420,1320,60,True
Quán nướng ngói Cù Đúc,chợ quán,1,113,8409,68800,,https://www.tiktok.com/@eatwithdien/video/7528458207006625041,0,10.95,,Quán nướng ngói Cu Đức,ChIJ3SpWHlITcTERwI8tbaaIqts,"6A Nguyễn Lương Bằng, Xuân Hương - Đà Lạt, Lâm Đồng 670000, Việt Nam",11.9513164,108.4355114,3.8,739,2,0962 686 848,https://www.facebook.com/nuongngoicuduc/,OPERATIONAL,Thứ Hai: 10:00–22:00 | Thứ Ba: 10:00–22:00 | Thứ Tư: 10:00–22:00 | Thứ Năm: 10:00–22:00 | Thứ Sáu: 10:00–22:00 | Thứ Bảy: 10:00–22:00 | Chủ Nhật: 10:00–22:00,10:00,22:00,90.9090909090909,10.95,25.11,0.0003,0.5618,0.2249,600,1320,45,True
Phủ Phê Đà Lạt,nhà hàng,1,51,9219,402,,https://www.tiktok.com/@phuphedl/video/7455275974356258056,1,10.97,,Phủ Phê quán,ChIJOxpt3TgTcTERkQE_E-F86a4,"8 Đường Pasteur, Xuân Hương - Đà Lạt, Lâm Đồng, Việt Nam",11.9367072,108.4295815,4.3,318,2,0973 326 899,,OPERATIONAL,,,,88.6842105263158,15.97,24.79,0.0017,0.5547,0.2229,,,60,True
Quán cafe ngắm hoàng hôn,cafe,1,26300,1600000,222100,,https://www.tiktok.com/@dichoimoingay/video/7358722304156683527,1,196.3,,Vị Mây - Cafe View Hoàng Hôn Đà Lạt,ChIJGduil6YTcTERWLo25hYkkT0,"Hẻm 32 Đ. 3/4, Xuân Hương - Đà Lạt, Lâm Đồng, Việt Nam",11.9192986,108.4415368,4.6,96,,0936 885 288,,OPERATIONAL,Thứ Hai: 10:00–23:00 | Thứ Ba: 10:00–23:00 | Thứ Tư: 10:00–23:00 | Thứ Năm: 10:00–23:00 | Thứ Sáu: 10:00–23:00 | Thứ Bảy: 10:00–23:00 | Chủ Nhật: 10:00–23:00,10:00,23:00,68.0,201.3,21.04,0.0547,0.4709,0.2212,600,1380,60,True
Vũ Đìêng Gió Coffee,cafe,1,324,88400,4789,,https://www.tiktok.com/@vudieugio/video/7445903806765763841,0,19.16,,Gió Đà Lạt The Coffee,ChIJ56UVqQoTcTERmmfPgUEzzoU,"33 Hoàng Hoa Thám, Xuân Hương - Đà Lạt, Lâm Đồng, Việt Nam",11.9383682,108.4635038,4,426,,0908 105 004,https://www.facebook.com/giodalatthecoffee,OPERATIONAL,Thứ Hai: 06:00–19:00 | Thứ Ba: 06:00–19:00 | Thứ Tư: 06:00–19:00 | Thứ Năm: 06:00–19:00 | Thứ Sáu: 06:00–19:00 | Thứ Bảy: 06:00–19:00 | Chủ Nhật: 06:00–19:00,06:00,19:00,66.66666666666667,19.16,24.23,0.0026,0.5421,0.2184,360,1140,60,True
Xưởng Kem Hoa,cafe,1,7810,323100,1332,,https://www.tiktok.com/@checkindalat24h/video/7579053153572736263,1,50.12,,Xưởng Kem Hoa,ChIJVXxCglITcTEROXaNcDLjc0U,"25 Đường Thi Sách, Cam Ly - Đà Lạt, Lâm Đồng, Việt Nam",11.9485487,108.4315289,4.1,306,2,0889 224 813,,OPERATIONAL,Thứ Hai: 09:00–21:00 | Thứ Ba: 09:00–21:00 | Thứ Tư: 09:00–21:00 | Thứ Năm: 09:00–21:00 | Thứ Sáu: 09:00–21:00 | Thứ Bảy: 09:00–21:00 | Chủ Nhật: 09:00–21:00,09:00,21:00,100,55.12,23.48,0.0129,0.5254,0.2179,540,1260,60,True
Chợ mới Đà Lạt,chợ quán,1,21400,533900,207700,,https://www.tiktok.com/@didalatcungtruc/video/7606909036549688597,1,84.79,,Chợ mới Dalat Center,ChIJz_bctigTcTERqSmbkab208Y,"Phan Bội Châu, Chợ mới center tần 2, Xuân Hương - Đà Lạt, Lâm Đồng, Việt Nam",11.9440837,108.4380385,4.1,258,,0962 626 438,http://vikingfashion.vn/,OPERATIONAL,Thứ Hai: Mở cửa cả ngày | Thứ Ba: Mở cửa cả ngày | Thứ Tư: Mở cửa cả ngày | Thứ Năm: Mở cửa cả ngày | Thứ Sáu: Mở cửa cả ngày | Thứ Bảy: Mở cửa cả ngày | Chủ Nhật: Mở cửa cả ngày,00:00,,81.66666666666667,89.79,22.78,0.0228,0.5098,0.2176,0,,45,True
Coffee farm,thiên nhiên,1,935,60100,71100,,https://www.tiktok.com/@two_peas_abroad/video/7549937570201816342,1,16.95,,Weasel coffee farm,ChIJJ0AAFQ8TcTERRPGYTR5geEA,"WFM8+XW3, Xuân Hương - Đà Lạt, Lâm Đồng, Việt Nam",11.9348879,108.4673,4.3,259,,0263 3996 444,http://www.caphechondalat.com.vn/,OPERATIONAL,Thứ Hai: 07:30–17:30 | Thứ Ba: 07:30–17:30 | Thứ Tư: 07:30–17:30 | Thứ Năm: 07:30–17:30 | Thứ Sáu: 07:30–17:30 | Thứ Bảy: 07:30–17:30 | Chủ Nhật: 07:30–17:30,07:30,17:30,90.86206896551724,21.95,23.91,0.0034,0.535,0.2161,450,1050,90,True
Hoa Ven Rừng,địa điểm checkin,1,104,2500,816,,https://www.tiktok.com/@tiemangiadinhhoavenrung/video/7521937649511238920,1,10.35,,Rừng Hoa Đà Lạt,ChIJOx9FKZgScTERwkYUfayjAh4,"7A, 1 Đường Mai Anh Đào, Lâm Viên - Đà Lạt, Lâm Đồng 670000, Việt Nam",11.9812153,108.4538193,4,363,,0263 3811 233,http://fbio.com.vn/,OPERATIONAL,Thứ Hai: 07:00–20:00 | Thứ Ba: 07:00–20:00 | Thứ Tư: 07:00–20:00 | Thứ Năm: 07:00–20:00 | Thứ Sáu: 07:00–20:00 | Thứ Bảy: 07:00–20:00 | Chủ Nhật: 07:00–20:00,07:00,20:00,80.0,15.35,23.59,0.0015,0.5278,0.212,420,1200,30,True
Homestay C,homestay,1,26800,993200,42900,,https://www.tiktok.com/@dihetdalat/video/7574036754475404551,0,136.12,,Cá Homestay Đà Lạt,ChIJlxyLc2MTcTERWxLJc8jhFEY,"Lâm Viên - Đà Lạt, Lâm Đồng, Việt Nam",11.9691198,108.4395524,4.4,116,,0922 558 851,https://www.facebook.com/cathehomestay,OPERATIONAL,,,,95.23809523809523,136.12,20.95,0.0361,0.4689,0.2092,,,0,False
Quán Cà Phê Mây,cafe,8,103679,5272161,252100,,https://www.tiktok.com/@dao_duy_phuong/video/7590979517661940999,5,710.9,,Cà Phê Mây,ChIJ-4dhENYScTEReNTI8e72Zl4,"289 Phan Đình Phùng, Xuân Hương - Đà Lạt, Lâm Đồng, Việt Nam",11.9498526,108.4346846,4.3,8,,,,OPERATIONAL,Thứ Hai: 06:30–22:00 | Thứ Ba: 06:30–22:00 | Thứ Tư: 06:30–22:00 | Thứ Năm: 06:30–22:00 | Thứ Sáu: 06:30–22:00 | Thứ Bảy: 06:30–22:00 | Chủ Nhật: 06:30–22:00,06:30,22:00,95.0,735.9,9.45,0.2076,0.2114,0.2091,390,1320,60,True
Dalart Glamping,homestay,1,163,34600,1418,,https://www.tiktok.com/@dalart_glampingg/video/7582146251852909842,1,13.62,,DaLart Glamping,ChIJz35WVjURcTERT78Au8d01LI,"QL20, Đa Thọ, Xuân Trường - Đà Lạt, Lâm Đồng 670000, Việt Nam",11.9439268,108.523693,4.4,189,,0933 488 006,https://www.facebook.com/profile.php?id=61567019425264,OPERATIONAL,,,,100,18.62,23.09,0.0025,0.5166,0.2081,,,0,False
Floating TOWN,cafe,1,26300,1200000,60300,,https://www.tiktok.com/@chulamreview/video/7596659252794723592,1,156.3,,Floating Town,ChIJtf7FnikHdDERlVQWrIKxs0Y,"Tổ 4 Thôn 2, Tà Nung, Cam Ly - Đà Lạt, Lâm Đồng 670000, Việt Nam",11.9210271,108.3410476,4.4,99,,0983 362 569,,OPERATIONAL,Thứ Hai: 06:30–18:30 | Thứ Ba: 06:30–18:30 | Thứ Tư: 06:30–18:30 | Thứ Năm: 06:30–18:30 | Thứ Sáu: 06:30–18:30 | Thứ Bảy: 06:30–18:30 | Chủ Nhật: 06:30–18:30,06:30,18:30,100,161.3,20.26,0.0433,0.4534,0.2073,390,1110,60,True
Dieu Thong Hotel,khách sạn,1,6809,168100,200300,,https://www.tiktok.com/@tuthoreview/video/7397796407630908679,1,33.62,,Dieu Thong Hotel,ChIJmf3FLxgTcTERu2G-EeptnEc,"P10, 18/4 Lê Văn Tám, Xuân Hương - Đà Lạt, Lâm Đồng, Việt Nam",11.9372511,108.4547632,4.6,133,,0342 047 474,https://www.facebook.com/Kh%C3%A1ch-S%E1%BA%A1n-Di%E1%BB%87u-Th%C3%B4ng-420037795411300/?modal=admin_todo_tour,OPERATIONAL,,,,100,38.62,22.53,0.0082,0.5041,0.2066,,,0,False
Hoa Nham Minh,homestay,1,88,3969,715,,https://www.tiktok.com/@homenhaminh_dalat/video/7638125167322877191,1,10.48,,NHẬT MINH HOTEL ĐÀ LẠT,ChIJDXqfXYkTcTERtBptPirfVHY,"E34 KQH Phạm Hồng Thái, Xuân Hương - Đà Lạt, Lâm Đồng 66117, Việt Nam",11.9426033,108.4567837,4.6,142,,0813 999 139,https://www.facebook.com/nhatminhhoteldalat,OPERATIONAL,,,,71.42857142857143,15.48,22.83,0.0016,0.5108,0.2053,,,0,False
Khách sạn 3 sao trung tâm Đà Lạt,khách sạn,1,3747,256700,10600,600k/đêm,https://www.tiktok.com/@review.lt7/video/7603579388763917589,0,39.42,,Mai Thang Hotel - Khách Sạn 3 sao,ChIJkY3TDywTcTERMfenmVfy3to,"6, 8 Đường Hai Bà Trưng, Cam Ly - Đà Lạt, Lâm Đồng, Việt Nam",11.9423083,108.4318195,3.9,308,,0263 3535 788,,OPERATIONAL,Thứ Hai: Mở cửa cả ngày | Thứ Ba: Mở cửa cả ngày | Thứ Tư: Mở cửa cả ngày | Thứ Năm: Mở cửa cả ngày | Thứ Sáu: Mở cửa cả ngày | Thứ Bảy: Mở cửa cả ngày | Chủ Nhật: Mở cửa cả ngày,00:00,,67.85714285714286,39.42,22.36,0.0084,0.5003,0.2052,0,,0,False
Sola Cafe Dalat,cafe,3,48422,1424370,60300,,https://www.tiktok.com/@chulamreview/video/7634093050142149895 | https://www.tiktok.com/@thaoleader/video/7636004586985213204 | https://www.tiktok.com/@misolcoffee/video/7636216950393441557,2,158.2,,Cafe MISOL,ChIJ5T1PgZ4TcTERAghQLwE84VY,"Đường Lộc Quý, Xuân Trường - Đà Lạt, Lâm Đồng, Việt Nam",11.9434327,108.5161842,4.5,61,2,0977 339 562,https://www.facebook.com/MiSolcoffeedalat/,OPERATIONAL,Thứ Hai: 07:00–22:00 | Thứ Ba: 07:00–22:00 | Thứ Tư: 07:00–22:00 | Thứ Năm: 07:00–22:00 | Thứ Sáu: 07:00–22:00 | Thứ Bảy: 07:00–22:00 | Chủ Nhật: 07:00–22:00,07:00,22:00,84.21052631578947,230.86,18.57,0.0631,0.4156,0.2041,420,1320,60,True
Cicilia Rouge Dalat, khách sạn,1,140,10300,2949,,https://www.tiktok.com/@congtyhoadalattravel.vn/video/7630011968153193748,1,11.17,,CICILIA Rouge Dalat,ChIJlR70bVwTcTER7RQg7Fl6i_g,"15 Đường 3/4, street, Xuân Hương - Đà Lạt, Lâm Đồng 670000, Việt Nam",11.9307629,108.4466508,4.9,100,,0263 3816 868,http://www.ciciliadalat.com/,OPERATIONAL,,,,100,16.17,22.61,0.0018,0.506,0.2035,,,0,False
khu Hoà Bình,địa điểm checkin,1,5894,303800,5706,,https://www.tiktok.com/@dicunghaii/video/7485220055970565383,1,46.27,,Khu hoà bình đà lạt,ChIJNbZoLpETcTERuhJ-U2HnMYI,"1 Khu Hoà Bình, Xuân Hương - Đà Lạt, Lâm Đồng, Việt Nam",11.9441761,108.435954,4.8,94,,,,OPERATIONAL,Thứ Hai: Mở cửa cả ngày | Thứ Ba: Mở cửa cả ngày | Thứ Tư: Mở cửa cả ngày | Thứ Năm: Mở cửa cả ngày | Thứ Sáu: Mở cửa cả ngày | Thứ Bảy: Mở cửa cả ngày | Chủ Nhật: Mở cửa cả ngày,00:00,,100,51.27,21.86,0.0118,0.4891,0.2027,0,,30,True
Xứ Sở Cổng Trời,địa điểm checkin,2,3546,340500,1029,,https://www.tiktok.com/@chu3thun/video/7618431180450336008,1,57.6,chỗ chụp hình,Xứ sở Cổng Trời,ChIJsbs-HAB1cTERiJppkmPh_zg,"39WG+MR6, Lang Biang - Đà Lạt, Lâm Đồng, Việt Nam",12.09635,108.377048,4.9,78,,,,OPERATIONAL,,,,100,62.6,21.41,0.015,0.4791,0.2007,,,30,True
Oday Coffee Home,homestay,1,6025,166500,71800,,https://www.tiktok.com/@odaycohomexinh/video/7623762181804543253,1,32.67,,Home Coffee,ChIJrTPj9SoTcTEREaOlzim8x6k,"3b/9/11, 3 Cô Giang, Lâm Viên - Đà Lạt, Lâm Đồng 670000, Việt Nam",11.9480786,108.4569971,4,230,,0263 3824 534,,OPERATIONAL,Thứ Hai: 06:30–18:00 | Thứ Ba: 06:30–18:00 | Thứ Tư: 06:30–18:00 | Thứ Năm: 06:30–18:00 | Thứ Sáu: 06:30–18:00 | Thứ Bảy: 06:30–18:00 | Chủ Nhật: 06:30–18:00,06:30,18:00,81.4814814814815,37.67,21.77,0.0079,0.4871,0.1996,390,1080,0,False
Bánh Mì Xíu Mai 79,chợ quán,1,36,1246,102,22 - 25k/ phần,https://www.tiktok.com/@openmymindforfood/video/7507858481882402066,1,10.16,,BÁNH MÌ XÍU MẠI 79,ChIJMaCpSlcTcTERMdS_6pzVS_0,"179 Ba Tháng Hai, Xuân Hương - Đà Lạt, Lâm Đồng, Việt Nam",11.9389806,108.4300422,4.4,154,,0368 079 418,,OPERATIONAL,Thứ Hai: 06:30–11:00 | Thứ Ba: 06:30–11:00 | Thứ Tư: 06:30–11:00 | Thứ Năm: 06:30–11:00 | Thứ Sáu: 06:30–11:00 | Thứ Bảy: 06:30–11:00 | Chủ Nhật: 06:30–11:00,06:30,11:00,83.33333333333334,15.16,22.19,0.0015,0.4966,0.1995,390,660,45,True
Thác Hang Cọp,thiên nhiên,1,960,45800,5478,,https://www.tiktok.com/@lasapinettedalat/video/7511670124668046600,1,15.54,,Thác hang cọp,ChIJFx2ciKIRcTERspdCOiPECW4,"ấp Túy Sơn, Xuân Trường - Đà Lạt, Lâm Đồng, Việt Nam",11.949305,108.5479467,3.9,286,,,,CLOSED_TEMPORARILY,,,,100,20.54,22.07,0.003,0.4939,0.1994,,,90,True
Nhà hàng thiên đường,nhà hàng,1,14700,840400,42900,,https://www.tiktok.com/@dihetdalat/video/7537670988738137351,0,108.74,,Nhà Hàng Phù Đổng Đà Lạt,ChIJAQDbvR4TcTER_clLl9svzl0,"1B Quang Trung, Lâm Viên - Đà Lạt, Lâm Đồng, Việt Nam",11.944263,108.4565782,4,149,,0343 888 999,https://www.facebook.com/Phudongdalat?mibextid=LQQJ4d,OPERATIONAL,Thứ Hai: 06:00–22:00 | Thứ Ba: 06:00–22:00 | Thứ Tư: 06:00–22:00 | Thứ Năm: 06:00–22:00 | Thứ Sáu: 06:00–22:30 | Thứ Bảy: 06:00–22:30 | Chủ Nhật: 06:00–22:00,06:00,22:00,75.67567567567568,108.74,20.04,0.0282,0.4485,0.1963,360,1320,60,True
Bánh tráng nướng Cô Hiệp,chợ quán,1,4520,254900,5685,,https://www.tiktok.com/@quanngondalat/video/7474225694147415314,1,40.01,,Bánh Tráng Nướng Cô Hiệp,ChIJ6bIbdGoTcTERkaDivxYTfd4,"337 Đường Hai Bà Trưng, Cam Ly - Đà Lạt, Lâm Đồng, Việt Nam",11.9540423,108.4306079,3.7,302,,0944 120 850,https://www.facebook.com/share/g/S7bczqeiCQzvF2yY/?mibextid=K35XfP,OPERATIONAL,Thứ Hai: 14:30–23:00 | Thứ Ba: 14:30–23:00 | Thứ Tư: 14:30–23:00 | Thứ Năm: 14:30–23:00 | Thứ Sáu: 14:30–23:00 | Thứ Bảy: 14:30–23:00 | Chủ Nhật: 14:30–23:00,14:30,23:00,100,45.01,21.14,0.01,0.4731,0.1952,870,1380,45,True
Bếp Hứa Gia,nhà hàng,1,1090,77500,14600,,https://www.tiktok.com/@dienodalat.py/video/7630321185460440338,1,18.84,,BẾP HỨA GIA,ChIJEU1-FEltcTERjsaWMYKYWh8,"119 Đồng Tâm, Thành phố Đà Lạt, Lâm Đồng, Việt Nam",11.9346414,108.4242395,4.9,80,2,0975 029 277,https://www.facebook.com/bephuagia?mibextid=LQQJ4d,OPERATIONAL,Thứ Hai: 10:00–20:00 | Thứ Ba: 10:00–20:00 | Thứ Tư: 10:00–20:00 | Thứ Năm: 10:00–20:00 | Thứ Sáu: 10:00–20:00 | Thứ Bảy: Đóng cửa | Chủ Nhật: Đóng cửa,10:00,20:00,100,23.84,21.53,0.0039,0.4818,0.1951,600,1200,60,True
Lẩu Treo Hoàng Hôn,chợ quán,1,8,373,0,,https://www.tiktok.com/@lautreohoanghon/video/7638308815603125522,0,10.05,,Đà Lạt Hoàng Hôn Trại Mát,ChIJszrRQ8YTcTERrky19R-66FQ,"Vườn rau Trại Mát, Unnamed, Road, Xuân Trường - Đà Lạt, Lâm Đồng, Việt Nam",11.951613,108.490738,4.7,101,,0918 598 488,,OPERATIONAL,Thứ Hai: Mở cửa cả ngày | Thứ Ba: Mở cửa cả ngày | Thứ Tư: Mở cửa cả ngày | Thứ Năm: Mở cửa cả ngày | Thứ Sáu: Mở cửa cả ngày | Thứ Bảy: Mở cửa cả ngày | Chủ Nhật: Mở cửa cả ngày,00:00,,72.22222222222221,10.05,21.74,0.0,0.4864,0.1946,0,,45,True
The Blessed Virgin Hotel,khách sạn,1,31,748,1013,,https://www.tiktok.com/@hodotadalatnha/video/7607050820575710480,1,10.11,,Khách sạn Hodota The Blessed Virgin,ChIJ22by6OcTcTERSkdlOAz5Eqw,"164 Xô Viết Nghệ Tĩnh, Lang Biang - Đà Lạt, Lâm Đồng 670000, Việt Nam",11.9631647,108.4318737,4.7,96,,0981 209 453,,OPERATIONAL,,,,74.57627118644068,15.11,21.5,0.0014,0.4811,0.1933,,,0,False
Quán ngon Đà Lạt,chợ quán,1,21800,678900,5685,,https://www.tiktok.com/@quanngondalat/video/7419887760447737095,0,99.69,,Quán Ăn Ngon Đà Lạt,ChIJaa9b_u5tcTERo150_4pbFAM,"A22 Đường Trần Lê, Phường 4, Đà Lạt, Lâm Đồng 66115, Xuân Hương - Đà Lạt, Lâm Đồng 66116, Việt Nam",11.9373851,108.4279564,4.7,67,,0344 447 886,https://www.facebook.com/profile.php?id=100063551111664,OPERATIONAL,Thứ Hai: 11:00–02:00 | Thứ Ba: 11:00–02:00 | Thứ Tư: 11:00–02:00 | Thứ Năm: 11:00–02:00 | Thứ Sáu: 11:00–02:00 | Thứ Bảy: 11:00–02:00 | Chủ Nhật: 11:00–02:00,11:00,02:00,85.71428571428572,99.69,19.83,0.0256,0.4438,0.1929,660,1560,45,True
Si ☕🌿,cafe,1,31,616,2711,,https://www.tiktok.com/@sidalat.caphe/video/7638641386215984392,1,10.09,,Si Dalat,ChIJb6dUawITcTER9SW2gArX4RI,"42 Đường Phù Đổng Thiên Vương, Lâm Viên - Đà Lạt, Lâm Đồng 66100, Việt Nam",11.9590193,108.4426967,4.7,91,,0868 672 386,,OPERATIONAL,Thứ Hai: 06:00–21:30 | Thứ Ba: 06:00–21:30 | Thứ Tư: 06:00–21:30 | Thứ Năm: 06:00–21:30 | Thứ Sáu: 06:00–21:30 | Thứ Bảy: 06:00–21:30 | Chủ Nhật: 06:00–21:30,06:00,21:30,100,15.09,21.25,0.0014,0.4756,0.1911,360,1290,60,True
Nhà Thờ Vinh Sơn,thiên nhiên,1,340,11200,385,,https://www.tiktok.com/@daddydalat/video/7632503603315363080,1,11.46,,Nhà Thờ Vinh Sơn,ChIJYxgrByttcTERUj7zGkfSLlI,"51 Đ. Yết Kiêu, Cam Ly - Đà Lạt, Lâm Đồng, Việt Nam",11.9487432,108.4257497,4.8,80,,0263 3825 227,,OPERATIONAL,,,,100,16.46,21.09,0.0018,0.472,0.1899,,,90,True
Tavin Coffee,cafe,1,1537,49100,15700,,https://www.tiktok.com/@dalat_reels/video/7592931867377224980,1,16.45,,Mến Coffee,ChIJ5W9UecoTcTERxXZ_WxqPo-w,"27 Yersin, Phường, Xuân Hương - Đà Lạt, Lâm Đồng 66000, Việt Nam",11.9434165,108.4514492,4.7,86,,0977 383 072,https://cafedalat.net/,OPERATIONAL,Thứ Hai: 06:00–22:00 | Thứ Ba: 06:00–22:00 | Thứ Tư: 06:00–22:00 | Thứ Năm: 06:00–22:00 | Thứ Sáu: 06:00–22:00 | Thứ Bảy: 06:00–22:00 | Chủ Nhật: 06:00–22:00,06:00,22:00,72.72727272727273,21.45,20.99,0.0033,0.4697,0.1898,360,1320,60,True
Quán lẩu gà ớt hiểm Tụt nướng,chợ quán,2,44,4071,2300,,https://www.tiktok.com/@tutoidalat/video/7553478402427145480,2,20.45,Tiệm lẩu gà ớt hiểm,Lẩu Gà Ớt Hiểm ORIN,ChIJF2cu9vsTcTERaBaxsrzSZCA,"41 Đ. Nguyễn Đình Chiểu, Lâm Viên - Đà Lạt, Lâm Đồng, Việt Nam",11.9508456,108.4610852,4.6,91,,0824 928 839,https://laugaorin.com/,OPERATIONAL,Thứ Hai: 11:00–22:00 | Thứ Ba: 11:00–22:30 | Thứ Tư: 11:00–22:00 | Thứ Năm: 11:00–22:00 | Thứ Sáu: 11:00–22:00 | Thứ Bảy: 11:00–22:00 | Chủ Nhật: 11:00–22:00,11:00,22:00,66.66666666666667,30.45,20.8,0.0058,0.4654,0.1897,660,1320,45,True
Vu Homestay Đà Lạt,homestay,1,24,304,3886,"3.x.x – 4.x.x /đêm, 5.x.x – 7.x.x /đêm",https://www.tiktok.com/@vuhomestaydalat25/video/7585116320832752903,1,10.05,,Vũ Homestay Đà Lạt,ChIJKWU9c7MTcTERRTleY4nZVI8,"25/34/3, Đường Nhà Chung, Xuân Hương - Đà Lạt, Lâm Đồng 670000, Việt Nam",11.9331851,108.4382726,4.9,73,,0375 446 420,,OPERATIONAL,,,,90.9090909090909,15.05,21.09,0.0014,0.4719,0.1896,,,0,False
Coffee Shops,cafe,1,175,9604,32900,,https://www.tiktok.com/@jacobj_lars/video/7625439166242802958,0,11.14,,DaLat Coffee,ChIJ4xKfb58TcTERkm7BpdBL9XA,"3bis Trần Hưng Đạo, Xuân Hương - Đà Lạt, Lâm Đồng, Việt Nam",11.9369939,108.4440098,4.7,89,1,0354 735 735,,OPERATIONAL,Thứ Hai: 07:00–16:30 | Thứ Ba: 07:00–16:30 | Thứ Tư: 07:00–16:30 | Thứ Năm: 07:00–16:30 | Thứ Sáu: 07:00–16:30 | Thứ Bảy: 07:00–16:30 | Chủ Nhật: 07:00–16:30,07:00,16:30,81.66666666666667,11.14,21.15,0.0003,0.4732,0.1895,420,990,60,True
Rose Hill Dalat Villa,homestay,1,17,502,430,,https://www.tiktok.com/@rosehillvilladalat/video/7610641855058808084,1,10.07,,Rose Hill Villa Dalat,ChIJgc6twiptcTERORAMV2OjIlU,"70, 16 Đường Nguyễn An Ninh, Cam Ly - Đà Lạt, Lâm Đồng, Việt Nam",11.9520387,108.4259797,4.3,132,,0945 295 311,https://www.facebook.com/dalat.rosehill.villa,OPERATIONAL,Thứ Hai: Mở cửa cả ngày | Thứ Ba: Mở cửa cả ngày | Thứ Tư: Mở cửa cả ngày | Thứ Năm: Mở cửa cả ngày | Thứ Sáu: Mở cửa cả ngày | Thứ Bảy: Mở cửa cả ngày | Chủ Nhật: Mở cửa cả ngày,00:00,,100,15.07,21.03,0.0014,0.4705,0.1891,0,,0,False
Đèo SaCom,thiên nhiên,1,87,5334,26400,,https://www.tiktok.com/@giaygiaydalat/video/7638543354824854791,1,10.62,,Đèo Sacom,ChIJtbLU10sVcTERoTBem1irnw0,"VCGX+4PR, Tuyền Lâm, Hiệp Thạnh, Lâm Đồng, Việt Nam",11.8753643,108.4492805,4.7,84,,,,OPERATIONAL,,,,100,15.62,20.88,0.0016,0.4672,0.1878,,,90,True
Mẻ C Coffee,cafe,1,242,5824,29400,,https://www.tiktok.com/@anhthuydaisy/video/7353807042613742849,0,10.82,,Coffee Me,ChIJya9k4l8TcTERTySHQM80BvI,"1 Đường Hoàng Văn Thụ, Xuân Hương - Đà Lạt, Lâm Đồng, Việt Nam",11.9379481,108.42896,4.2,145,,0909 305 981,,OPERATIONAL,Thứ Hai: 06:30–22:00 | Thứ Ba: 06:30–22:00 | Thứ Tư: 06:30–22:00 | Thứ Năm: 06:30–22:00 | Thứ Sáu: 06:30–22:00 | Thứ Bảy: 06:30–22:00 | Chủ Nhật: 06:30–22:00,06:30,22:00,80.0,10.82,20.93,0.0002,0.4684,0.1875,390,1320,60,True
Cung đường Hàn Thuyên,địa điểm checkin,1,16000,486800,4567,,https://www.tiktok.com/@tiemcomganh/video/7590616146706042132,1,74.68,,Cung đường Tăng Thanh Hà,ChIJJ8SLgR8XcTERUE3nqULugls,"Tổ 5 Thôn, Trường Thọ, Xuân Trường - Đà Lạt, Lâm Đồng 66000, Việt Nam",11.8799432,108.5676864,4.7,63,,0942 919 423,,OPERATIONAL,Thứ Hai: Mở cửa cả ngày | Thứ Ba: Mở cửa cả ngày | Thứ Tư: Mở cửa cả ngày | Thứ Năm: Mở cửa cả ngày | Thứ Sáu: Mở cửa cả ngày | Thứ Bảy: Mở cửa cả ngày | Chủ Nhật: Mở cửa cả ngày,00:00,,75.55555555555556,79.68,19.55,0.0199,0.4374,0.1869,0,,30,True
Cầu Treo Đa Nhim,địa điểm checkin,1,48800,1400000,5224,,https://www.tiktok.com/@quangdalatstudio/video/7343623713016925448,1,198.8,,Cầu treo thuỷ điện Đa Nhim Thượng,ChIJ6bXI0zURcTERLC6TkP9x06w,"XH9G+Q53, Lạc Dương, Lâm Đồng, Việt Nam",11.9699083,108.57555,4.5,44,,,,OPERATIONAL,,,,65.3061224489796,203.8,17.13,0.0554,0.3833,0.1866,,,30,True
Homestay B,homestay,1,26800,993200,42900,,https://www.tiktok.com/@dihetdalat/video/7574036754475404551,0,136.12,,Abahi homestay,ChIJk6vsf0ETcTERAMUGfNk0E98,"Hẻm 3đ, 3 b/1 3 Tháng 4, Xuân Hương - Đà Lạt, Lâm Đồng 66116, Việt Nam",11.9335085,108.445947,4.8,44,,0945 045 123,,OPERATIONAL,,,,83.33333333333334,136.12,18.27,0.0361,0.4089,0.1852,,,0,False
Village Story,địa điểm checkin,1,71,4773,25700,,https://www.tiktok.com/@viehongdidau/video/7632976770332921095,1,10.55,,Dalat Train Village,ChIJGTNSLQATcTERYePisXBD9dw,"1 Quang Trung, Lâm Viên - Đà Lạt, Lâm Đồng 670000, Việt Nam",11.943687,108.4559259,4.9,65,,0706 998 888,https://www.dalattrainvillage.com/,OPERATIONAL,,,,76.92307692307692,15.55,20.53,0.0016,0.4594,0.1847,,,30,True
Tà Hũ Phớ,địa điểm checkin,1,73,16900,372,,https://www.tiktok.com/@quynhtim_family/video/7183902020577840427,1,11.76,,Tiệm tàu Hũ Phớ,ChIJC-Km5EATcTER3zgAULf5xj0,"146 Đường Hai Bà Trưng, Cam Ly - Đà Lạt, Lâm Đồng, Việt Nam",11.9460865,108.4336266,3.6,291,,0387 987 997,https://www.facebook.com/TauhuPHO05,OPERATIONAL,Thứ Hai: 11:00–23:00 | Thứ Ba: 11:00–23:00 | Thứ Tư: 11:00–23:00 | Thứ Năm: 11:00–23:00 | Thứ Sáu: 11:00–23:00 | Thứ Bảy: 11:00–23:00 | Chủ Nhật: 11:00–23:00,11:00,23:00,75.0,16.76,20.44,0.0019,0.4573,0.1841,660,1380,30,True
Quán ăn Mẹ Con Huế,chợ quán,1,515,32800,4487,,https://www.tiktok.com/@meconhueodalat/video/7612220469835517205,0,13.8,,Quán Ăn O Gái - BÚN BÒ HUẾ,ChIJUdMV2_1tcTERNG3KRGu4QAA,"12 Đ. Yết Kiêu, Cam Ly - Đà Lạt, Lâm Đồng, Việt Nam",11.948005,108.4261038,4.9,63,,0913 242 762,,OPERATIONAL,Thứ Hai: 06:00–12:00 | Thứ Ba: 06:00–12:00 | Thứ Tư: 06:00–12:00 | Thứ Năm: 06:00–12:00 | Thứ Sáu: 06:00–12:00 | Thứ Bảy: 06:00–12:00 | Chủ Nhật: 06:00–12:00,06:00,12:00,66.66666666666667,13.8,20.38,0.0011,0.456,0.183,360,720,45,True
B'Nơm Kitchen,chợ quán,1,334,33400,177400,rẻ,https://www.tiktok.com/@kuti20297/video/7522678391573613831,1,13.67,,B'Nơm Kitchen DALAT,ChIJ35dHCgBtcTERtwhLzLieC-o,"W87R+3X7, Tà Nung, Cam Ly - Đà Lạt, Lâm Đồng, Việt Nam",11.9128498,108.341755,4.4,96,,0983 362 569,,OPERATIONAL,,,,100,18.67,20.13,0.0025,0.4504,0.1816,,,45,True
Vintage Cafe 1991,cafe,1,38,4441,25800,,https://www.tiktok.com/@hoaquynhdalat/video/7352741823116234001,1,10.48,,Dalat Vintage 1991,ChIJAcBv8u1tcTERb_sENIGDx_I,"94 Đ. Hoàng Diệu, Cam Ly - Đà Lạt, Lâm Đồng 66000, Việt Nam",11.9421953,108.4227151,4.7,72,,0938 105 489,,OPERATIONAL,Thứ Hai: 07:00–23:00 | Thứ Ba: 07:00–23:00 | Thứ Tư: 07:00–23:00 | Thứ Năm: 07:00–23:00 | Thứ Sáu: 07:00–23:00 | Thứ Bảy: 07:00–22:30 | Chủ Nhật: 07:00–23:00,07:00,23:00,82.75862068965517,15.48,20.17,0.0016,0.4512,0.1814,420,1380,60,True
Thác 7 Tầng,thiên nhiên,5,8188,340477,140400,,https://www.tiktok.com/@didendaudo/video/7263684270265224449 | https://www.tiktok.com/@ngavuica/video/7218601994297101595,5,79.71,,Thác 7 tầng Păng Tiên,ChIJs78crUxucTERs1N3lrQDlC8,"Thôn Păng Tiên xã, X7GP+44P, Phú Sơn Lâm Hà, Lâm Đồng, Việt Nam",11.9753442,108.2853386,4.4,61,,,,OPERATIONAL,Thứ Hai: Mở cửa cả ngày | Thứ Ba: Mở cửa cả ngày | Thứ Tư: Mở cửa cả ngày | Thứ Năm: Mở cửa cả ngày | Thứ Sáu: Mở cửa cả ngày | Thứ Bảy: Mở cửa cả ngày | Chủ Nhật: Mở cửa cả ngày,00:00,,83.75,117.24,18.16,0.0307,0.4063,0.1809,0,,90,True
Tiệm Mì Kaito,chợ quán,1,6069,205700,29300,,https://www.tiktok.com/@nim.fav/video/7307841851686522119,1,36.64,,Tiệm mì Kaito,ChIJeQ-2Hq0TcTERH78sQMt8Xjc,"59 Nguyễn Trãi, Lâm Viên - Đà Lạt, Lâm Đồng, Việt Nam",11.9443796,108.454343,4.4,81,,0944 305 947,https://www.instagram.com/tiemmikaito?igsh=dzVqbHBzMXlwdW9r&utm_source=qr,OPERATIONAL,Thứ Hai: 08:30–19:30 | Thứ Ba: 08:30–19:30 | Thứ Tư: 08:30–19:30 | Thứ Năm: 08:30–19:30 | Thứ Sáu: 08:30–19:30 | Thứ Bảy: 08:30–19:00 | Chủ Nhật: 08:30–19:30,08:30,19:30,100,41.64,19.39,0.009,0.4339,0.179,510,1170,45,True
Guama Homestay,homestay,1,63,5933,69600,1tr1/ đêm,https://www.tiktok.com/@nguamodalat/video/7638250028758453524,1,10.66,,Geum Homestay,ChIJyeuR0hYTcTER8_MwG3kC7K0,"100/2 Yersin, Xuân Hương - Đà Lạt, Lâm Đồng 66000, Việt Nam",11.9427057,108.4521905,5,47,,0342 080 843,https://www.instagram.com/geumstay.dalat?igsh=MWZjeDlvdzhjaTJ3bg==,OPERATIONAL,,,,88.88888888888889,15.66,19.36,0.0016,0.4331,0.1742,,,0,False
Homestay Tranoi,homestay,1,4960,370600,74200,,https://www.tiktok.com/@ngoctran95_03/video/7349139757395479815,1,52.02,,Tròn HOMESTAY,ChIJrfGE6rETcTEROUlmnRwaxvc,"38/1 Đ. Trần Phú, Xuân Hương - Đà Lạt, Lâm Đồng 66000, Việt Nam",11.9379779,108.4321265,4.8,45,,0844 776 383,,OPERATIONAL,,,,85.71428571428572,57.02,18.38,0.0134,0.4112,0.1725,,,0,False
Tiệm cafe,cafe,2,18586,788800,60300,,https://www.tiktok.com/@chulamreview/video/7442942424147692817,0,117.47,Tiệm cafe bên suối | Tiệm cafe tại Đà Lạt,Tiệm Cafe Góc Nhỏ,ChIJw9r_RFgTcTERbCauSSr4yTE,"9A Hẻm Hoàng Hoa Thám, Xuân Hương - Đà Lạt, Lâm Đồng 66000, Việt Nam",11.9412499,108.4653503,4.9,32,,0769 808 080,http://andalat.vn/,OPERATIONAL,Thứ Hai: 07:00–15:00 | Thứ Ba: 07:00–15:00 | Thứ Tư: 07:00–15:00 | Thứ Năm: 07:00–15:00 | Thứ Sáu: 07:00–15:00 | Thứ Bảy: 07:00–15:00 | Chủ Nhật: 07:00–15:00,07:00,15:00,84.23076923076923,117.47,17.13,0.0307,0.3834,0.1718,420,900,60,True
Thác Voi,thiên nhiên,1,960,45800,5478,,https://www.tiktok.com/@lasapinettedalat/video/7511670124668046600,1,15.54,,Thác Voi,ChIJoxDbRf5BcTERi7FL1XsaLU8,"Thác Voi, Nam Ban Lâm Hà, Lâm Đồng, Việt Nam",11.8230091,108.3364973,3.9,125,,,,,,,,100,20.54,18.86,0.003,0.4221,0.1706,,,90,True
Quán Cơm Đà Lạt Ngon Như Cơm Mẹ Nấu,chợ quán,1,1406,84300,242400,,https://www.tiktok.com/@du_lich_dalat/video/7396907489075252487,1,19.84,,Quán cơm ngon đà lạt,ChIJCz95-SETcTERvqC7o5QKuIc,"42 Đường Phan Như Thạch, Xuân Hương - Đà Lạt, Lâm Đồng 66100, Việt Nam",11.9412146,108.43369,4,107,1,0978 969 413,https://shopeefood.vn/lam-dong/quan-com-ngon-phan-dinh-phung?smtt=0.0.9%20https://bit.ly/COMNGONHAIBATRUNG,OPERATIONAL,Thứ Hai: 09:00–20:30 | Thứ Ba: 09:00–20:30 | Thứ Tư: 09:00–20:30 | Thứ Năm: 09:00–20:30 | Thứ Sáu: 09:00–20:30 | Thứ Bảy: 09:00–20:30 | Chủ Nhật: 09:00–20:30,09:00,20:30,78.41463414634146,24.84,18.73,0.0042,0.4191,0.1702,540,1230,45,True
La Chérie Dalat, khách sạn,1,140,10300,2949,,https://www.tiktok.com/@congtyhoadalattravel.vn/video/7630011968153193748,1,11.17,,La Chérie Hotel Đà Lạt,ChIJ3a_LdAATcTERCERz87GCVEs,"5a Nam Kỳ Khởi Nghĩa, Xuân Hương - Đà Lạt, Lâm Đồng, Việt Nam",11.9412008,108.4360892,4.2,87,,0888 849 038,https://www.facebook.com/profile.php?id=61582271587454,OPERATIONAL,,,,90.0,16.17,18.8,0.0018,0.4208,0.1694,,,0,False
Modalat Village,địa điểm checkin,1,10,342,2026,,https://www.tiktok.com/@m.dalats.village/video/7638127496793230613,1,10.04,,Mơ Dalats Village,ChIJ571E8o1tcTERjLJscDp1Z9E,"Hẻm 17 Nguyễn Đình Quân, Cam Ly - Đà Lạt, Lâm Đồng 66000, Việt Nam",11.9403234,108.4166633,4.6,59,,0916 099 053,,OPERATIONAL,,,,81.81818181818181,15.04,18.83,0.0014,0.4214,0.1694,,,30,True
Airdream Coffee Dalat,cafe,2,500,83170,184,,https://www.tiktok.com/@caphedalat01/video/7451922064589606152 | https://www.tiktok.com/@airdreamcafe/video/7638126017940376840,2,18.58,,Airdream Cafe,ChIJ2WUgDgATcTERjzPHn33KCAI,"3bis Đống Đa, Xuân Hương - Đà Lạt, Lâm Đồng, Việt Nam",11.9239424,108.4450012,4.1,84,,0947 007 011,http://instagram.com/airdreamcafe,OPERATIONAL,Thứ Hai: 07:00–17:00 | Thứ Ba: 07:00–17:00 | Thứ Tư: 07:00–17:00 | Thứ Năm: 07:00–17:00 | Thứ Sáu: 07:00–17:00 | Thứ Bảy: 07:00–17:00 | Chủ Nhật: 07:00–17:00,07:00,17:00,85.71428571428572,38.82,18.21,0.0082,0.4076,0.168,420,1020,60,True
Cafe rừng nhiệt đới thu nhỏ,cafe,1,103,7005,39100,,https://www.tiktok.com/@vie.viee__/video/7622681539838561557,1,10.8,,Rừng Nhiệt Đới Cafe,ChIJTyKlQlkTcTER-pFkKIVsqHE,"63 Đèo Prenn, Xuân Hương - Đà Lạt, Lâm Đồng, Việt Nam",11.9106381,108.4524076,3.7,154,,0914 232 832,,OPERATIONAL,Thứ Hai: 07:00–18:00 | Thứ Ba: 07:00–18:00 | Thứ Tư: 07:00–18:00 | Thứ Năm: 07:00–18:00 | Thứ Sáu: 07:00–18:00 | Thứ Bảy: 07:00–18:00 | Chủ Nhật: 07:00–18:00,07:00,18:00,82.6086956521739,15.8,18.66,0.0016,0.4176,0.168,420,1080,60,True
Cung đường Bắc Âu,địa điểm checkin,1,16000,486800,4567,,https://www.tiktok.com/@tiemcomganh/video/7590616146706042132,1,74.68,,Cung đường Bắc Âu,ChIJ68FSbAATcTERc3pMCDq30tw,"Nguyễn Hữu Cảnh, Lâm Viên - Đà Lạt, Lâm Đồng, Việt Nam",11.9677977,108.4432755,4.6,43,,,,OPERATIONAL,Thứ Hai: Mở cửa cả ngày | Thứ Ba: Mở cửa cả ngày | Thứ Tư: Mở cửa cả ngày | Thứ Năm: Mở cửa cả ngày | Thứ Sáu: Mở cửa cả ngày | Thứ Bảy: Mở cửa cả ngày | Chủ Nhật: Mở cửa cả ngày,00:00,,100,79.68,17.41,0.0199,0.3895,0.1678,0,,30,True
Tắm Thác,thiên nhiên,1,6448,189500,3686,,https://www.tiktok.com/@chillwith_us/video/7488924876611374341,1,35.4,,Thác Tàm Thàm,ChIJDSOJ9wFzcTERJWKfFCgiILo,"3CJG+G78, Lang Biang - Đà Lạt, Lâm Đồng, Việt Nam",12.0812819,108.4256957,4.7,46,,0909 085 183,,OPERATIONAL,,,,66.66666666666667,40.4,18.1,0.0087,0.4049,0.1672,,,90,True
Happy Hill Đà Lạt,địa điểm checkin,9,55690,1745287,1300000,,https://www.tiktok.com/@happyhill.dalat/video/7638534135786654997,9,320.22,,Happy Hostel,ChIJbwC6IzITcTERwoCsNmLg3xc,"F9 Đường Bà Triệu, Xuân Hương - Đà Lạt, Lâm Đồng, Việt Nam",11.9373281,108.432648,3.9,19,,0987 639 053,,OPERATIONAL,Thứ Hai: 12:00–00:00 | Thứ Ba: 12:00–00:00 | Thứ Tư: 12:00–00:00 | Thứ Năm: 12:00–00:00 | Thứ Sáu: 12:00–00:00 | Thứ Bảy: 12:00–00:00 | Chủ Nhật: 12:00–00:00,12:00,00:00,72.72727272727273,365.22,11.68,0.1016,0.2614,0.1655,720,1440,30,True
Lơ Mơ Homestay,homestay,1,12800,714000,4533,200k/người,https://www.tiktok.com/@lomohomestay.dalat/video/7516782237312929042,1,94.2,,Mơ homestay,ChIJdSn7HwkTcTER5QFL9WYsBSc,"91 Đ. Hùng Vương, Xuân Trường - Đà Lạt, Lâm Đồng 66000, Việt Nam",11.9441969,108.4792135,4.7,33,,0909 090 685,https://www.facebook.com/profile.php?id=100091540500660&mibextid=LQQJ4d,OPERATIONAL,,,,100,99.2,16.57,0.0255,0.3709,0.1636,,,0,False
Zen Homestay Dalat,homestay,1,443,5714,1353,,https://www.tiktok.com/@zenhomestaydalat/video/7605968521306197256,1,11.01,,Zen Homestay,ChIJtVGZH78ScTERIPTeyv_u7RA,"34/42 Đường Ngô Tất Tố, Lâm Viên - Đà Lạt, Lâm Đồng, Việt Nam",11.9729082,108.4464553,4.2,74,,0973 999 745,,OPERATIONAL,,,,100,16.01,18.13,0.0017,0.4058,0.1633,,,0,False
Quán cơm Niêu,chợ quán,2,3023,231700,242400,,https://www.tiktok.com/@du_lich_dalat/video/7349758713667898625,0,46.19,Quán Cơm Niêu Ngon,Quán Cơm Niêu Như Ngọc,ChIJiQZwGi8TcTERjP-QvBkDWCQ,"6 Đường Nguyễn Thị Minh Khai, Xuân Hương - Đà Lạt, Lâm Đồng, Việt Nam",11.9419785,108.4373147,3.5,119,,0263 3822 651,,OPERATIONAL,Thứ Hai: 06:00–20:00 | Thứ Ba: 06:00–20:00 | Thứ Tư: 06:00–20:00 | Thứ Năm: 06:00–20:00 | Thứ Sáu: 06:00–20:00 | Thứ Bảy: 06:00–20:00 | Chủ Nhật: 06:00–20:00,06:00,20:00,89.28571428571429,46.19,16.76,0.0103,0.3749,0.1562,360,1200,45,True
Căn Tin 59 Đà Lạt,chợ quán,2,9015,276100,70600,12k - 25k/ món,https://www.tiktok.com/@julepe.sheen/video/7503944643298479378 | https://www.tiktok.com/@quanngondalat/video/7522764403435982088,2,38.32,,Căn tin 59 - Quán ăn vặt Đà Lạt,ChIJ3SCZvDATcTERdZNEu3AT_oM,"2 Đ. Trần Nhân Tông, Lâm Viên - Đà Lạt, Lâm Đồng 670000, Việt Nam",11.9519049,108.4462427,4.8,29,,0786 050 694,,OPERATIONAL,Thứ Hai: 14:00–21:00 | Thứ Ba: 14:00–21:00 | Thứ Tư: 14:00–21:00 | Thứ Năm: 14:00–21:00 | Thứ Sáu: 14:00–21:00 | Thứ Bảy: 14:00–21:00 | Chủ Nhật: 14:00–21:00,14:00,21:00,77.5,66.62,16.33,0.0162,0.3653,0.1558,840,1260,45,True
Tiệm ăn vặt Đà Lạt,chợ quán,1,2939,108800,207700,,https://www.tiktok.com/@didalatcungtruc/video/7583956254150659348,0,23.82,,Tiệm ăn vặt THE.UMEE,ChIJj7ysCyETcTERFdyYrS3nkm0,"272 Phan Đình Phùng, Xuân Hương - Đà Lạt, Lâm Đồng, Việt Nam",11.9506068,108.4340848,4.1,64,,0325 334 234,https://www.facebook.com/profile.php?id=100094007120502,OPERATIONAL,Thứ Hai: 10:00–22:00 | Thứ Ba: 10:00–22:00 | Thứ Tư: 10:00–22:00 | Thứ Năm: 10:00–22:00 | Thứ Sáu: 10:00–22:00 | Thứ Bảy: 10:00–22:00 | Chủ Nhật: 10:00–22:00,10:00,22:00,85.96774193548387,23.82,17.11,0.0039,0.383,0.1556,600,1320,45,True
Villa có hồ bơi nước nóng,homestay,1,33,1589,1192,,https://www.tiktok.com/@diadiem.luutru/video/7597404491700292882,1,10.19,,Villa Healing Home - Hồ bơi nước nóng,ChIJ43DASQATcTERjks8Jk9m16s,"WGW5+F76, Đường Xuân Thành, Trại Mát, Xuân Trường - Đà Lạt, Lâm Đồng, Việt Nam",11.9461597,108.5081287,4.5,45,,0829 252 251,,OPERATIONAL,Thứ Hai: 05:00–23:00 | Thứ Ba: 05:00–23:00 | Thứ Tư: 05:00–23:00 | Thứ Năm: 05:00–23:00 | Thứ Sáu: 05:00–23:00 | Thứ Bảy: 05:00–23:00 | Chủ Nhật: 05:00–23:00,05:00,23:00,76.66666666666666,15.19,17.23,0.0015,0.3855,0.1551,300,1380,0,False
Bức tường Hàn Quốc,địa điểm checkin,1,16000,486800,4567,,https://www.tiktok.com/@tiemcomganh/video/7590616146706042132,1,74.68,,Bức tường Hàn Quốc tại Đà Lạt,ChIJY7nJSwATcTERz9J5lWbiA6U,"63 Nguyễn Hữu Cảnh, Lâm Viên - Đà Lạt, Lâm Đồng, Việt Nam",11.9677108,108.4407164,4.6,31,,,,OPERATIONAL,Thứ Hai: Mở cửa cả ngày | Thứ Ba: Mở cửa cả ngày | Thứ Tư: Mở cửa cả ngày | Thứ Năm: Mở cửa cả ngày | Thứ Sáu: Mở cửa cả ngày | Thứ Bảy: Mở cửa cả ngày | Chủ Nhật: Mở cửa cả ngày,00:00,,100,79.68,15.94,0.0199,0.3567,0.1546,0,,30,True
Quán lẩu nướng Cô Xuân,chợ quán,1,2311,137100,315100,,https://www.tiktok.com/@bananzidong/video/7490785825370688776,1,26.02,,Lẩu Bò Tứ Xuyên - Nướng,ChIJAeyLNgATcTERrllMULuqiF4,"12 Yersin, Xuân Hương - Đà Lạt, Lâm Đồng, Việt Nam",11.9400921,108.4492492,4.5,41,,0879 452 168,,OPERATIONAL,Thứ Hai: Mở cửa cả ngày | Thứ Ba: Mở cửa cả ngày | Thứ Tư: Mở cửa cả ngày | Thứ Năm: Mở cửa cả ngày | Thứ Sáu: Mở cửa cả ngày | Thứ Bảy: Mở cửa cả ngày | Chủ Nhật: Mở cửa cả ngày,00:00,,69.76744186046511,31.02,16.82,0.006,0.3764,0.1541,0,,45,True
Lưng Chừng Home,homestay,2,11952,640700,92900,,https://www.tiktok.com/@reviewhomestaydalat/video/7591455298607484181,2,96.02,,Lưng Chừng Home,ChIJRanaRAgTcTERYK0tvlId-9I,"31/8 Đường 3/4, Xuân Hương - Đà Lạt, Lâm Đồng, Việt Nam",11.9202499,108.4475922,4.2,37,,0975 667 570,https://www.facebook.com/lungchunghome,OPERATIONAL,,,,100,106.02,15.28,0.0274,0.3419,0.1532,,,0,False
L'amant de Dalat,homestay,2,3418,117938,1192,,https://www.tiktok.com/@lamant.de.dalat/video/7616637200691678484,2,35.21,,L'amant de DALAT,ChIJ2T4m5KMTcTERQc9miObJfKY,"05 Nguyễn Thị Nghĩa, Xuân Hương - Đà Lạt, Lâm Đồng 66000, Việt Nam",11.9477756,108.4403935,4.7,32,,0379 414 686,,OPERATIONAL,,,,100,45.21,16.43,0.0101,0.3677,0.1531,,,0,False
Nhà mới Nguyễn Hoàng,khách sạn,1,34,1203,48,2tỷ250tr,https://www.tiktok.com/@hongvanbdsdalat/video/7638251643766885653,1,10.15,,Nhà Nghỉ Cao Nguyên,ChIJ1dWp4R4TcTERgBgc4DPNGBI,"1 Nguyễn Trãi, Xuân Hương - Đà Lạt, Lâm Đồng, Việt Nam",11.9413641,108.4537452,4,66,,0263 3821 769,,OPERATIONAL,,,,66.66666666666667,15.15,16.82,0.0015,0.3763,0.1514,,,0,False
Đỉnh Langbiang,thiên nhiên,1,2913,246300,30100,,https://www.tiktok.com/@ha.didau/video/7447872324709256466,1,37.54,,Đỉnh Langbiang,ChIJMxXpEgANcTER1swISXhp4lA,"2CWR+X7, Lang Biang - Đà Lạt, Lâm Đồng, Việt Nam",12.0474337,108.4407372,4.7,30,,,,OPERATIONAL,,,,100,42.54,16.14,0.0093,0.3612,0.15,,,90,True
Tiệm Cơm Gia Đình Ngon,chợ quán,3,40579,2821500,242500,bình dân,https://www.tiktok.com/@du_lich_dalat/video/7325313221819108610 | https://www.tiktok.com/@du_lich_dalat/video/7388817194697755912 | https://www.tiktok.com/@quanngondalat/video/7540213903972666645,1,239.5,,Quán Cơm Gia Đình,ChIJP75VU6ATcTERF7BquNCREUY,"70b Đ. Bùi Thị Xuân, Lâm Viên - Đà Lạt, Lâm Đồng, Việt Nam",11.954052,108.440315,4,11,,,,OPERATIONAL,Thứ Hai: Đóng cửa | Thứ Ba: Đóng cửa | Thứ Tư: Đóng cửa | Thứ Năm: Đóng cửa | Thứ Sáu: Đóng cửa | Thứ Bảy: Đóng cửa | Chủ Nhật: Mở cửa cả ngày,00:00,00:00,71.7948717948718,357.73,9.94,0.0994,0.2224,0.1486,0,0,45,True
Banh Mi Xiu Mai,chợ quán,2,1128,66645,71100,,https://www.tiktok.com/@two_peas_abroad/video/7549937570201816342,0,27.79,,Bánh Mì Xíu Mại 21,ChIJ1SnIKTYTcTERlCDnbPRL2js,"21 Nguyễn Công Trứ, Lâm Viên - Đà Lạt, Lâm Đồng 670000, Việt Nam",11.9551916,108.4408778,4.2,44,,0972 037 771,,OPERATIONAL,Thứ Hai: 05:00–11:30 | Thứ Ba: 05:00–11:30 | Thứ Tư: 05:00–11:30 | Thứ Năm: 05:00–11:30 | Thứ Sáu: 05:00–11:30 | Thứ Bảy: 05:00–11:30 | Chủ Nhật: 05:00–11:30,05:00,11:30,66.66666666666667,27.79,15.99,0.0051,0.3578,0.1461,300,690,45,True
Vị Nhà,nhà hàng,3,26574,546198,586,,https://www.tiktok.com/@vinhatiemcomdalat/video/7631789139515428114,2,111.19,,Tiệm Cơm Vị Nhà - Đà Lạt,ChIJdSTvEaFtcTER6QyexjqIpaw,"87 Đường Tô Hiến Thành, Xuân Hương - Đà Lạt, Lâm Đồng 66000, Việt Nam",11.9284242,108.4432594,4.8,18,,0918 634 961,,OPERATIONAL,Thứ Hai: 06:00–16:00 | Thứ Ba: 06:00–16:00 | Thứ Tư: 06:00–16:00 | Thứ Năm: 06:00–16:00 | Thứ Sáu: 06:00–16:00 | Thứ Bảy: 06:00–16:00 | Chủ Nhật: 06:00–16:00,06:00,16:00,72.14285714285714,121.19,14.13,0.0318,0.3163,0.1456,360,960,60,True
Thác Lien Khuong,thiên nhiên,1,1094,97800,8227,,https://www.tiktok.com/@dalatcungtico/video/7234122283558767877,1,20.87,,Thác Liên Khương,ChIJTd9uJgBBcTERRCh6adV6D1c,"305a QL20, Liên Khương, Đức Trọng, Lâm Đồng, Việt Nam",11.7491438,108.383412,4.3,40,,,,OPERATIONAL,,,,81.25,25.87,15.97,0.0045,0.3573,0.1456,,,90,True
Quán ăn vặt ngon Đà Lạt,chợ quán,2,8900,275000,5685,,https://www.tiktok.com/@quanngondalat/video/7540213903972666645 | https://www.tiktok.com/@didalatcungtruc/video/7457163819102637320,0,30.52,,Ăn vặt NiON,ChIJP01sVRsTcTERN1vSHj1vUn0,"17, 21 Đ. Hùng Vương, Xuân Hương - Đà Lạt, Lâm Đồng, Việt Nam",11.9431098,108.4616628,4.9,22,,0396 479 727,,OPERATIONAL,Thứ Hai: 08:00–22:00 | Thứ Ba: 08:00–22:00 | Thứ Tư: 08:00–22:00 | Thứ Năm: 08:00–22:00 | Thứ Sáu: 08:00–22:00 | Thứ Bảy: 08:00–22:00 | Chủ Nhật: 08:00–22:00,08:00,22:00,74.07407407407408,56.4,15.36,0.0133,0.3438,0.1455,480,1320,45,True
Tiệm Bánh Tráng Nho Nhỏ,chợ quán,2,22815,683984,1928,,https://www.tiktok.com/@tiembanhtrangnhin/video/7603237047783918868 | https://www.tiktok.com/@tiembanhtrangnhin/video/7638802322600152341,0,101.12,,Bánh Tráng Nhi Nhỏ,ChIJ4XDCVq4TcTERGl0UGBeIfIw,"16 Phan Bội Châu, Xuân Hương - Đà Lạt, Lâm Đồng 67000, Việt Nam",11.9442176,108.4371885,3.9,38,,,,OPERATIONAL,Thứ Hai: 15:00–22:00 | Thứ Ba: 15:00–22:00 | Thứ Tư: 15:00–22:00 | Thứ Năm: 14:30–22:00 | Thứ Sáu: 15:00–22:00 | Thứ Bảy: 15:00–22:00 | Chủ Nhật: 15:00–22:00,15:00,22:00,82.92682926829268,111.21,14.29,0.0289,0.3197,0.1452,900,1320,45,True
Tiệm ăn vặt Ying Đà Lạt,chợ quán,2,5119,240400,207700,,https://www.tiktok.com/@didalatcungtruc/video/7483496164009069831 | https://www.tiktok.com/@didalatcungtruc/video/7466082656061672712,1,25.21,,ĂN VẶT KIẾM YING,ChIJGcJlIAATcTERsoYsJ2PxbrM,"17/3 Hẻm 21 Mai Hắc Đế, Cam Ly - Đà Lạt, Lâm Đồng 670000, Việt Nam",11.9483322,108.4289784,5,20,,,,OPERATIONAL,,,,87.5,54.16,15.22,0.0126,0.3406,0.1438,,,45,True
Vạn Hoa Đà Lạt,địa điểm checkin,1,1,67,8007,,https://www.tiktok.com/@kdlvanhoadalat/video/7638834313928199445,1,10.01,,Đà Lạt và Hoa,ChIJg0vektNscTERnAqYmDMQFls,"1 Đường Nguyễn Khuyến, Cam Ly - Đà Lạt, Lâm Đồng, Việt Nam",11.9435676,108.4239565,4.5,33,,0263 3821 799,,OPERATIONAL,Thứ Hai: 05:00–23:00 | Thứ Ba: 05:00–23:00 | Thứ Tư: 05:00–23:00 | Thứ Năm: 05:00–23:00 | Thứ Sáu: 05:00–23:00 | Thứ Bảy: 05:00–23:00 | Chủ Nhật: 05:00–23:00,05:00,23:00,76.92307692307692,15.01,15.87,0.0014,0.3551,0.1429,300,1380,30,True
Tiệm ăn vặt Mây Hồng,chợ quán,1,484,19700,207700,,https://www.tiktok.com/@didalatcungtruc/video/7632508485653171477,1,12.45,,Ăn vặt rẻ nhất đà lạt MÂY HỒNG,ChIJRfA3WpETcTERhrBST_btAuc,"367/4/20, Phan Đình Phùng, Xuân Hương - Đà Lạt, Lâm Đồng 66000, Việt Nam",11.9512734,108.4331842,5,22,,0914 179 988,,OPERATIONAL,Thứ Hai: 06:30–21:00 | Thứ Ba: 06:30–21:00 | Thứ Tư: 06:30–21:00 | Thứ Năm: 06:30–21:00 | Thứ Sáu: 06:30–21:00 | Thứ Bảy: 06:30–21:00 | Chủ Nhật: 06:30–21:00,06:30,21:00,79.06976744186046,17.45,15.68,0.0021,0.3508,0.1416,390,1260,45,True
RIN Hotel Dalat,khách sạn,1,52,2578,280,,https://www.tiktok.com/@rin.hotel/video/7632590461282045202,1,10.31,,RIN HOTEL DALAT,ChIJYSvsKQATcTERKgh8TOcFPRM,"19 Đường Đống Đa, Xuân Hương - Đà Lạt, Lâm Đồng, Việt Nam",11.924607,108.4433909,5,22,,0836 796 565,https://rinhotel.com/,OPERATIONAL,,,,100,15.31,15.68,0.0015,0.3508,0.1412,,,0,False
Sia Home,homestay,1,3893,269300,40200,,https://www.tiktok.com/@shundidau_/video/7626742396323187988,1,40.82,,Siba Home - Đà Lạt,ChIJr95lDHhtcTERpgZ3R92ytGo,"B30 Đ. Mạc Đĩnh Chi, Xuân Hương - Đà Lạt, Lâm Đồng 670000, Việt Nam",11.9409715,108.4271844,4.8,22,,0918 650 283,https://www.facebook.com/Sibahomedalat,OPERATIONAL,,,,94.11764705882352,45.82,15.05,0.0102,0.3368,0.1408,,,0,False
Thác Prenn,thiên nhiên,2,2054,143600,8227,,https://www.tiktok.com/@dalatcungtico/video/7234122283558767877,2,36.41,,Thác Prenn,ChIJSQdxmfYUcTERyz6-EqirjDA,"Thác Prenn, Xuân Hương - Đà Lạt, Lâm Đồng, Việt Nam",11.875402,108.4709445,3.1,126,,,,,,,,100,46.41,15.02,0.0104,0.336,0.1407,,,90,True
Quán Cafe Mây,cafe,1,29,983,254,,https://www.tiktok.com/@noir.coffee.57/video/7637896514794278165,0,10.13,,Mây Cafe,ChIJR3-JjEYTcTERiudtnVwkDos,"lô b6, KQh Huỳnh Tấn Phát, Xuân Trường - Đà Lạt, Lâm Đồng 66118, Việt Nam",11.9512785,108.4905177,4.8,25,,0969 346 339,,OPERATIONAL,Thứ Hai: 14:30–22:30 | Thứ Ba: 14:30–22:30 | Thứ Tư: 14:30–22:30 | Thứ Năm: 14:30–22:30 | Thứ Sáu: 14:30–22:30 | Thứ Bảy: 14:30–22:30 | Chủ Nhật: 14:30–22:30,14:30,22:30,76.19047619047619,10.13,15.64,0.0,0.3499,0.14,870,1350,60,True
Lang farm,địa điểm checkin,2,10067,438000,54100,,https://www.tiktok.com/@langfarmcenter/video/7527934538673032449,2,73.87,DalangFarm,L'angfarm,ChIJn80S5y4TcTERVPO-3oVWS-c,"WCRP+MW5, Đ. Nguyễn Chí Thanh, Xuân Hương - Đà Lạt, Lâm Đồng, Việt Nam",11.9416463,108.437375,3.8,41,,1900 9065,,OPERATIONAL,,,,66.66666666666667,83.87,14.2,0.0211,0.3178,0.1398,,,30,True
Mai Anh Đào,thiên nhiên,1,49800,1700000,10300,,https://www.tiktok.com/@.lt.3605/video/7601868238388989191,1,229.8,,MAI ANH ĐÀO,ChIJ8wiuYlETcTERvXAuABT8c0M,"7 Đường Lộc Quý, Xuân Trường - Đà Lạt, Lâm Đồng, Việt Nam",11.9465615,108.5164867,4.7,10,,,https://giaiphadotpha.vn/,OPERATIONAL,,,,100,234.8,11.27,0.0643,0.2522,0.1394,,,90,True
Camping Lý tưởng,địa điểm checkin,1,6,77,58,,https://www.tiktok.com/@_dalatxinhdep/video/6996251672645340417,1,10.01,,Lều Camping Today Đà Lạt,ChIJ_bmFmmYTcTERknaaSzZYZEA,"33 Hẻm 31Nguyễn Công Trứ, Lâm Viên - Đà Lạt, Lâm Đồng 66106, Việt Nam",11.954184,108.4399029,5,21,,0357 771 301,https://www.facebook.com/share/v/14pA9wrxfq/?mibextid=wwXIfr,OPERATIONAL,Thứ Hai: 07:00–20:00 | Thứ Ba: 07:00–20:00 | Thứ Tư: 07:00–20:00 | Thứ Năm: 07:00–20:00 | Thứ Sáu: 07:00–20:00 | Thứ Bảy: 07:00–20:00 | Chủ Nhật: 07:00–20:00,07:00,20:00,66.66666666666667,15.01,15.46,0.0014,0.3458,0.1392,420,1200,30,True
Mallorie Hotel, khách sạn,1,140,10300,2949,,https://www.tiktok.com/@congtyhoadalattravel.vn/video/7630011968153193748,1,11.17,,Mallorie Boutique Hotel,ChIJRU6mApRtcTERMTGkrEFMs1U,"28 Đường Tô Hiến Thành, Xuân Hương - Đà Lạt, Lâm Đồng 66000, Việt Nam",11.9283573,108.4455399,4.3,26,,0786 226 666,http://malloriehotel.com/,OPERATIONAL,,,,75.67567567567568,16.17,14.17,0.0018,0.3171,0.1279,,,0,False
Tiệm ăn HoaVenRừng,nhà hàng,1,232,7162,816,,https://www.tiktok.com/@tiemangiadinhhoavenrung/video/7520852332108614930,1,10.95,,Tiệm ăn Hòa Đà Lạt,ChIJgZXgwswTcTERvWnBXMziO3I,"126 Đường An Dương Vương, Xuân Hương - Đà Lạt, Lâm Đồng 66000, Việt Nam",11.9546997,108.4358691,5,16,,0823 829 899,,OPERATIONAL,Thứ Hai: 06:30–10:30 | Thứ Ba: 06:30–10:30 | Thứ Tư: 06:30–10:30 | Thứ Năm: 06:30–10:30 | Thứ Sáu: 06:30–10:30 | Thứ Bảy: 06:30–10:30 | Chủ Nhật: 06:30–10:30,06:30,10:30,68.96551724137932,15.95,14.17,0.0017,0.317,0.1278,390,630,60,True
Băng Đàn Garden,cafe,1,2396,171500,11800,,https://www.tiktok.com/@comdongbao47/video/7596484433016900885,1,29.55,,Đà Lạt Garden,ChIJ720NgnQTcTERjQjEWe75Kqk,"3 Đ. Hùng Vương, Xuân Hương - Đà Lạt, Lâm Đồng, Việt Nam",11.9412582,108.4593235,3.6,33,,0889 290 092,,OPERATIONAL,Thứ Hai: 10:00–00:00 | Thứ Ba: 10:00–00:00 | Thứ Tư: 10:00–00:00 | Thứ Năm: 10:00–00:00 | Thứ Sáu: 10:00–00:00 | Thứ Bảy: 10:00–00:00 | Chủ Nhật: 10:00–00:00,10:00,00:00,72.14285714285714,34.55,12.69,0.007,0.2841,0.1178,600,1440,60,True
Lưng Đồi,thiên nhiên,1,21,338,2311,,https://www.tiktok.com/@lungdoicoffee_backery/video/7615550815121575186,1,10.05,,Lưng Đồi Homestay,ChIJ05aycABtcTER-CW65-3su5k,"D72/2 KQH, Đ. An Sơn, Xuân Hương - Đà Lạt, Lâm Đồng, Việt Nam",11.9199127,108.420414,5,12,,0988 888 577,https://melieuhouse.com/,OPERATIONAL,,,,79.0,15.05,12.82,0.0014,0.287,0.1156,,,90,True
Orio Homestay,homestay,1,29,1324,11100,,https://www.tiktok.com/@oriodalat/video/7638548448559500564,1,10.16,,ORi Homestay,ChIJs6W-P3ATcTER41rsq7GHEG0,"06B Trần Hưng Đạo, Xuân Hương - Đà Lạt, Lâm Đồng, Việt Nam",11.9349575,108.442765,4.4,17,,0833 728 433,https://www.facebook.com/ORi.Homestay,OPERATIONAL,Thứ Hai: Mở cửa cả ngày | Thứ Ba: Mở cửa cả ngày | Thứ Tư: Mở cửa cả ngày | Thứ Năm: Mở cửa cả ngày | Thứ Sáu: Mở cửa cả ngày | Thứ Bảy: Mở cửa cả ngày | Chủ Nhật: Mở cửa cả ngày,00:00,,96.0,15.16,12.72,0.0015,0.2846,0.1147,0,,0,False
Home này,homestay,1,3591,98700,33100,,https://www.tiktok.com/@nguoitrerongchoi/video/7567245589256146177,1,23.46,,Man Home Da Lat,ChIJO7SttxMTcTERlsgUzBiIEIo,"6 Nguyễn Du, Lâm Viên - Đà Lạt, Lâm Đồng 670000, Việt Nam",11.9448099,108.4587195,5,11,,0814 345 662,,OPERATIONAL,,,,75.0,28.46,12.42,0.0053,0.278,0.1144,,,0,False
Rừng Mơ,cafe,1,2284,68200,9736,,https://www.tiktok.com/@ama.vietnam.blog/video/7613373066021735687,1,19.1,,Rừng Mơ Coffee,ChIJy6yiKwAVcTERPo-HM-1kbUc,"Hoa Cẩm Tú Cầu, Xuân Hương - Đà Lạt, Lâm Đồng, Việt Nam",11.9018502,108.4399741,3.1,51,,0363 620 875,,OPERATIONAL,Thứ Hai: 07:00–19:30 | Thứ Ba: 07:00–19:30 | Thứ Tư: 07:00–19:30 | Thứ Năm: 07:00–19:30 | Thứ Sáu: 07:00–19:30 | Thứ Bảy: 07:00–19:30 | Chủ Nhật: 07:00–19:30,07:00,19:30,81.66666666666667,24.1,12.25,0.004,0.2741,0.112,420,1170,60,True
Vibes Boutique Hotel Dalat,khách sạn,2,12,651,144,,https://www.tiktok.com/@vibesboutiquehoteldalat/video/7633607362175159573,2,20.08,,Vibes Boutique Hotel,ChIJgarqagATcTERfy2EDOnVBPU,"24/2 Hẻm Đống Đa, Xuân Hương - Đà Lạt, Lâm Đồng, Việt Nam",11.9270347,108.4390662,5,10,,,,OPERATIONAL,,,,100,30.08,11.99,0.0057,0.2683,0.1107,,,0,False
Dalat's Cafe,cafe,2,427,7206,3272,,https://www.tiktok.com/@lou502city/video/7625401545194065183,1,21.15,,Dalat Cafe,ChIJkxFW4CsTcTERFsNEJprHgwE,"118 Đường Hai Bà Trưng, Cam Ly - Đà Lạt, Lâm Đồng, Việt Nam",11.9453423,108.4334426,4,19,,0263 3824 093,,OPERATIONAL,Thứ Hai: 06:30–22:00 | Thứ Ba: 06:30–22:00 | Thứ Tư: 06:30–22:00 | Thứ Năm: 06:30–22:00 | Thứ Sáu: 06:30–22:00 | Thứ Bảy: 06:30–22:00 | Chủ Nhật: 06:30–22:00,06:30,22:00,95.0,26.15,11.98,0.0046,0.2681,0.11,390,1320,60,True
Bliss Home,homestay,1,19,1422,2217,300 ka,https://www.tiktok.com/@bliss.home.govap/video/7638130333644360968,1,10.16,,Bliss House Đà Lạt,ChIJS7V7p6UTcTERRNkSgEsLlFY,"Lô A6 Trần Anh Tông, Đường Nguyên Tử Lực, Lâm Viên - Đà Lạt, Lâm Đồng, Việt Nam",11.9656135,108.4543284,4.9,9,,0911 903 379,,OPERATIONAL,Thứ Hai: Mở cửa cả ngày | Thứ Ba: Mở cửa cả ngày | Thứ Tư: Mở cửa cả ngày | Thứ Năm: Mở cửa cả ngày | Thứ Sáu: Mở cửa cả ngày | Thứ Bảy: Mở cửa cả ngày | Chủ Nhật: Mở cửa cả ngày,00:00,,85.71428571428572,15.16,11.28,0.0015,0.2525,0.1019,0,,0,False
Quán cơm số 7,chợ quán,1,2196,151600,43800,,https://www.tiktok.com/@tanohien/video/7371443709138832648,1,27.36,,Cơm Số 7,ChIJg51tr7dtcTERnOZVQeZLdSU,"34c Đường đa Phú, Lang Biang - Đà Lạt, Lâm Đồng, Việt Nam",11.9805231,108.4177135,3.4,22,,0915 774 278,,OPERATIONAL,,,,91.19047619047619,32.36,10.66,0.0064,0.2385,0.0992,,,45,True
Langbiang Land,thiên nhiên,2,21127,1300407,16200,,https://www.tiktok.com/@langbiangland/video/7528369502120185095,2,171.17,,langbiang,ChIJGwske9VzcTERXO318JHNArM,"2C59+FGR, Đăng Gia, Lang Biang - Đà Lạt, Lâm Đồng, Việt Nam",12.0087251,108.4187811,4,6,,,,OPERATIONAL,,,,93.26086956521739,181.17,7.78,0.0489,0.1742,0.099,,,90,True
Mint Coffee & Tea,cafe,1,3899,102500,5685,,https://www.tiktok.com/@quanngondalat/video/7606963392359730452,1,24.15,,Mint Coffee & Tea,ChIJGZ-gEQATcTERFumrHMt_kGE,"12 Phan Chu Trinh, Lâm Viên - Đà Lạt, Lâm Đồng 67000, Việt Nam",11.949691,108.4646613,3.2,27,,0961 613 113,,OPERATIONAL,Thứ Hai: 07:00–22:00 | Thứ Ba: 07:00–22:00 | Thứ Tư: 07:00–22:00 | Thứ Năm: 07:00–22:00 | Thứ Sáu: 07:00–22:00 | Thứ Bảy: 07:00–22:00 | Chủ Nhật: 07:00–22:00,07:00,22:00,100,29.15,10.66,0.0055,0.2386,0.0987,420,1320,60,True
Canyoning,thiên nhiên,1,935,60100,71100,,https://www.tiktok.com/@two_peas_abroad/video/7549937570201816342,1,16.95,,Canyoning Dalat,ChIJXZ-gTCkTcTERA50KVjA0cIs,"38 Đường Tăng Bạt Hổ, Xuân Hương - Đà Lạt, Lâm Đồng, Việt Nam",11.9443308,108.434881,5,7,,0915 594 659,http://vietchallenge.com/,OPERATIONAL,Thứ Hai: 07:00–21:00 | Thứ Ba: 07:00–21:00 | Thứ Tư: 07:00–21:00 | Thứ Năm: 07:00–21:00 | Thứ Sáu: 07:00–21:00 | Thứ Bảy: 07:00–21:00 | Chủ Nhật: 07:00–21:00,07:00,21:00,100,21.95,10.4,0.0034,0.2327,0.0951,420,1260,90,True
Guye Histudio,địa điểm checkin,1,1287,20600,51100,,https://www.tiktok.com/@minhatminh/video/7529031556061531410,1,13.35,,Ghiền studio,ChIJpctRtXETcTERSGyBShDmE5I,"77 Đường An Dương Vương, Xuân Hương - Đà Lạt, Lâm Đồng, Việt Nam",11.954218,108.4358928,5,7,,,,OPERATIONAL,Thứ Hai: Mở cửa cả ngày | Thứ Ba: Mở cửa cả ngày | Thứ Tư: Mở cửa cả ngày | Thứ Năm: Mở cửa cả ngày | Thứ Sáu: Mở cửa cả ngày | Thứ Bảy: Mở cửa cả ngày | Chủ Nhật: Mở cửa cả ngày,00:00,,72.0,18.35,10.4,0.0024,0.2327,0.0945,0,,30,True
Tháp truyền hình,địa điểm checkin,2,21110,637500,4567,,https://www.tiktok.com/@tiemcomganh/video/7590616146706042132 | https://www.tiktok.com/@sino4994/video/7610766108861172999,2,74.68,,Tháp truyền hình Đà Lạt,ChIJl56-bwATcTERtN3_Jt-MTHM,"3 Đống Đa, Xuân Hương - Đà Lạt, Lâm Đồng, Việt Nam",11.9237918,108.4446407,5,4,,,,OPERATIONAL,,,,100,114.86,8.05,0.03,0.1801,0.09,,,30,True
tiệm trà mới mở,cafe,2,56900,925700,14700,,https://www.tiktok.com/@thaodimuonnoi/video/7634755846488050964,0,169.47,,Tiệm Trà Chang My,ChIJPYJHX0sTcTERX4kPNY_M7CQ,"03 Nguyễn Trãi, Xuân Hương - Đà Lạt, Lâm Đồng, Việt Nam",11.9413435,108.4521892,5,3,,0918 240 991,,OPERATIONAL,Thứ Hai: 06:00–23:00 | Thứ Ba: 06:00–23:00 | Thứ Tư: 06:00–23:00 | Thứ Năm: 06:00–23:00 | Thứ Sáu: 06:00–23:00 | Thứ Bảy: 06:00–23:00 | Chủ Nhật: 06:00–23:00,06:00,23:00,68.75,169.47,6.93,0.0456,0.1551,0.0894,360,1380,60,True
KAT HOTEL Bùi Thị Xuân,khách sạn,1,3,136,259,,https://www.tiktok.com/@kathotel_dalat/video/7637108993717980436,1,10.02,,KAT HOTEL - BÙI THỊ XUÂN,ChIJbUGcGQATcTERlvIqOa1cB8I,"18/5/3, Đường Bùi Thị Xuân, Xuân Hương - Đà Lạt, Lâm Đồng 66109, Việt Nam",11.9443335,108.4406782,4.8,6,,0777 770 599,https://www.facebook.com/kathoteldalat,OPERATIONAL,,,,100,15.02,9.34,0.0014,0.209,0.0845,,,0,False
Rendez-vous,cafe,1,18,4346,240,,https://www.tiktok.com/@rendezvous_dalat/video/7523389423199849735,1,10.45,,RENDEZ-VOUS TEA & CAFE,ChIJaT8EfAATcTERbRrIvIzjKTQ,"142 Yersin, Lâm Viên - Đà Lạt, Lâm Đồng 660000, Việt Nam",11.9450546,108.4532269,5,5,,0379 318 618,https://www.facebook.com/share/1PXaukiw99/,OPERATIONAL,Thứ Hai: 08:00–21:00 | Thứ Ba: 08:00–21:00 | Thứ Tư: 08:00–21:00 | Thứ Năm: 08:00–21:00 | Thứ Sáu: 08:00–21:00 | Thứ Bảy: 08:00–21:00 | Chủ Nhật: 08:00–21:00,08:00,21:00,85.96774193548387,15.45,8.96,0.0015,0.2005,0.0811,480,1260,60,True
Hellodalat,địa điểm checkin,1,1851,120500,110600,,https://www.tiktok.com/@sonharryy/video/7252905458686594309,1,23.9,,Hello Dalat,ChIJpSfNbUATcTERNj9gO4gA_WI,"38/7A Ba Tháng Hai, Xuân Hương - Đà Lạt, Lâm Đồng 670000, Việt Nam",11.9397427,108.4311583,4.2,6,,0974 050 617,,OPERATIONAL,Thứ Hai: Mở cửa cả ngày | Thứ Ba: Mở cửa cả ngày | Thứ Tư: Mở cửa cả ngày | Thứ Năm: Mở cửa cả ngày | Thứ Sáu: Mở cửa cả ngày | Thứ Bảy: Mở cửa cả ngày | Chủ Nhật: Mở cửa cả ngày,00:00,,100,28.9,8.17,0.0054,0.1829,0.0764,0,,30,True
Quảng Trường La Mã,địa điểm checkin,1,1193,45100,26700,,https://www.tiktok.com/@ducdodalat/video/7601042075273923858,1,15.7,,Quảng trường đà lạt,ChIJXdKEfwATcTER6d8goCmRPsE,"WFR5+588, Xuân Hương - Đà Lạt, Lâm Đồng, Việt Nam",11.9404192,108.4583132,5,4,,,,OPERATIONAL,,,,95.0,20.7,8.05,0.003,0.1801,0.0739,,,30,True
hostel,homestay,1,772,38000,17500,,https://www.tiktok.com/@reeceisgone/video/7601562561313803542,1,14.57,,Đà Lạt Hostel,ChIJH1QBljoTcTERP-IXXf1163M,"WCPR+GCQ, Hẻm 1 Trần Phú, Xuân Hương - Đà Lạt, Lâm Đồng, Việt Nam",11.9363456,108.4411134,5,4,,0976 105 002,,OPERATIONAL,,,,100,19.57,8.05,0.0027,0.1801,0.0737,,,0,False
Home Nham Minh,homestay,1,6883,265700,715,,https://www.tiktok.com/@homenhaminh_dalat/video/7617854710699117842,1,43.45,,Homes Nhà Mình,ChIJ65k_bCITcTEROhOLc1zm3L8,"83 Đ. Lữ Gia, Lâm Viên - Đà Lạt, Lâm Đồng, Việt Nam",11.954501,108.4596612,5,3,,,,OPERATIONAL,,,,78.57142857142857,48.45,6.93,0.011,0.1551,0.0686,,,0,False
Tiệm Bánh Mì,chợ quán,3,707,43285,15600,,https://www.tiktok.com/@dalatstreet/video/7632132173440535828 | https://www.tiktok.com/@tiembanhmidalatld/video/7558787033959763218,1,25.01,Bánh Mì BA ĐỜI,Tiệm Bánh Mì Thuận,ChIJG1hfohgTcTERCVDY4yIU5Kw,"64 Yersin, Xuân Hương - Đà Lạt, Lâm Đồng, Việt Nam",11.941528,108.451996,5,3,,0263 3826 988,,OPERATIONAL,Thứ Hai: 06:00–22:00 | Thứ Ba: 06:00–22:00 | Thứ Tư: 06:00–22:00 | Thứ Năm: 06:00–22:00 | Thứ Sáu: 06:00–22:00 | Thứ Bảy: 06:00–22:00 | Chủ Nhật: 06:00–22:00,06:00,22:00,95.0,40.04,6.93,0.0086,0.1551,0.0672,360,1320,45,True
Khách sạn Hoa Quynh,khách sạn,1,43,2717,26100,,https://www.tiktok.com/@hoaquynhdalat/video/7634786190746488082,0,10.31,,Khách sạn Quỳnh Anh Dalat,ChIJDfHJFloTcTERN2-fjd1Gpj4,"106 Yersin, Phường, Xuân Hương - Đà Lạt, Lâm Đồng 670000, Việt Nam",11.9447664,108.4515772,3.8,6,,0263 2202 122,https://www.facebook.com/profile.php?id=100093088599552,OPERATIONAL,Thứ Hai: Mở cửa cả ngày | Thứ Ba: Mở cửa cả ngày | Thứ Tư: Mở cửa cả ngày | Thứ Năm: Mở cửa cả ngày | Thứ Sáu: Mở cửa cả ngày | Thứ Bảy: Mở cửa cả ngày | Chủ Nhật: Mở cửa cả ngày,00:00,,84.21052631578947,10.31,7.39,0.0001,0.1655,0.0662,0,,0,False
Xíu mại chén Đà Lạt,chợ quán,1,20,562,141,,https://www.tiktok.com/@lynio88/video/7308969069770722590,0,10.08,,Bánh mì xíu mại chén,ChIJEZPQKTgTcTER2iuWiIoYi8g,"4 Trần Nhật Duật, Xuân Hương - Đà Lạt, Lâm Đồng, Việt Nam",11.940059,108.455737,3.7,6,,,,OPERATIONAL,Thứ Hai: 07:00–22:00 | Thứ Ba: 07:00–22:00 | Thứ Tư: 07:00–22:00 | Thứ Năm: 07:00–22:00 | Thứ Sáu: 07:00–22:00 | Thứ Bảy: 07:00–22:00 | Chủ Nhật: 07:00–22:00,07:00,22:00,90.0,10.08,7.2,0.0,0.1611,0.0644,420,1320,45,True
Bún bò An Cựu,chợ quán,1,329,72300,33500,,https://www.tiktok.com/@lacaphee/video/7632515240151747858,1,17.56,,Bún bò Huế An Cựu,ChIJW-_5QwATcTERhF8rAZNXCR8,"1/2, Đ. Trần Quý Cáp, Lâm Viên - Đà Lạt, Lâm Đồng, Việt Nam",11.9477339,108.4644251,5,3,,0888 034 934,,OPERATIONAL,Thứ Hai: Mở cửa cả ngày | Thứ Ba: Mở cửa cả ngày | Thứ Tư: Mở cửa cả ngày | Thứ Năm: Mở cửa cả ngày | Thứ Sáu: Mở cửa cả ngày | Thứ Bảy: Mở cửa cả ngày | Chủ Nhật: Mở cửa cả ngày,00:00,,86.66666666666667,22.56,6.93,0.0036,0.1551,0.0642,0,,45,True
Cottage House,cafe,1,101,12700,2449,,https://www.tiktok.com/@thomdalat/video/7541610504578469127,1,11.37,,Homey Cottage Dalat,ChIJod0nFMsTcTERIktf167RI3U,"17 Đ. Phạm Hồng Thái, Xuân Hương - Đà Lạt, Lâm Đồng 670000, Việt Nam",11.9397714,108.45234,5,3,,0973 051 010,,OPERATIONAL,,,,84.61538461538461,16.37,6.93,0.0018,0.1551,0.0631,,,60,True
Quán cà phê ngắm hoàng hôn,cafe,1,331,39600,184,,https://www.tiktok.com/@caphedalat01/video/7389894220972166421,0,14.29,,Cà Phê Hoàng Hôn,ChIJ85FVzScTcTER-Ig_1zdiW20,"WCWR+G46, Đường Bùi Thị Xuân, Xuân Hương - Đà Lạt, Lâm Đồng, Việt Nam",11.9462762,108.4402662,5,3,,,,OPERATIONAL,,,,76.19047619047619,14.29,6.93,0.0012,0.1551,0.0628,,,60,True
Workspace Coffee,cafe,1,6567,169000,4264,,https://www.tiktok.com/@daladala247/video/7621603884275993864,1,33.47,,Workspace Coffee Dalat - DALA247,ChIJUzNVL0gTcTERzryxgKcD24k,"09 Hoàng Hoa Thám, Xuân Hương - Đà Lạt, Lâm Đồng 670000, Việt Nam",11.9401975,108.4631862,3.4,5,,0399 682 903,,OPERATIONAL,Thứ Hai: Mở cửa cả ngày | Thứ Ba: Mở cửa cả ngày | Thứ Tư: Mở cửa cả ngày | Thứ Năm: Mở cửa cả ngày | Thứ Sáu: Mở cửa cả ngày | Thứ Bảy: Mở cửa cả ngày | Chủ Nhật: Mở cửa cả ngày,00:00,,95.0,38.47,6.09,0.0081,0.1363,0.0594,0,,60,True
Villa sát Hồ Xuân Hương,homestay,1,1032,92500,6591,,https://www.tiktok.com/@locvilladalat/video/7551782935750479124,1,20.28,,Biệt thự Hồ Xuân Hương Villa,ChIJo39cBAYTcTERaQlORVBvkvo,"16, 1A Đường 3/4, Xuân Hương - Đà Lạt, Lâm Đồng 670000, Việt Nam",11.934321,108.4457502,5,2,,0901 900 118,,OPERATIONAL,Thứ Hai: Mở cửa cả ngày | Thứ Ba: Mở cửa cả ngày | Thứ Tư: Mở cửa cả ngày | Thứ Năm: Mở cửa cả ngày | Thứ Sáu: Mở cửa cả ngày | Thứ Bảy: Mở cửa cả ngày | Chủ Nhật: Mở cửa cả ngày,00:00,,82.35294117647058,25.28,5.49,0.0044,0.1229,0.0518,0,,0,False
LUXURY HOTEL ĐÀ LẠT,khách sạn,1,58,2325,123200,rẻ,https://www.tiktok.com/@tiktokgapgiquaydo/video/7638409963882188040,1,10.29,,Luxury Hotel - Đà Lạt,ChIJd8s0TasTcTERLgTRvMPP1bM,"124 Tô Hiến Thành, Xuân Hương, Đà Lạt, Lâm Đồng 66122, Việt Nam",11.9295832,108.4432347,5,2,,0263 6299 993,,OPERATIONAL,,,,100,15.29,5.49,0.0015,0.1229,0.0501,,,0,False
Tam Giác Mạch,cafe,1,2,147,2,,https://www.tiktok.com/@gocnho.dalat/video/7030058273285934363,1,10.02,,Vườn hoa tam giác mạch,ChIJM1lznoo9cTERs14jOWQNZoY,"PGJG+6X9, Quảng Lợi, Quảng Lập, Lâm Đồng, Việt Nam",11.730527,108.5274882,5,2,,0944 146 337,,OPERATIONAL,Thứ Hai: Mở cửa cả ngày | Thứ Ba: Mở cửa cả ngày | Thứ Tư: Mở cửa cả ngày | Thứ Năm: Mở cửa cả ngày | Thứ Sáu: Mở cửa cả ngày | Thứ Bảy: Mở cửa cả ngày | Chủ Nhật: Mở cửa cả ngày,00:00,,89.28571428571429,15.02,5.49,0.0014,0.1229,0.05,0,,60,True
Langbiang,thiên nhiên,10,6510,149490,4227,,https://www.tiktok.com/@tc.tour/video/7588900908193320213,10,121.46,,Langbiang,ChIJH4Xfz7ZycTERj4pYvzEGu7M,"Langbiang, tt. Lạc Dương, Tp. Đà Lạt, Lâm Đồng, Việt Nam",12.0113122,108.4194447,,,,,,,,,,100,171.46,0.0,0.0462,0.0,0.0462,,,90,True
Cơm Gà Bình Dân,chợ quán,1,3344,158000,455500,平价,https://www.tiktok.com/@dicungphuc/video/7544952330693840136,1,29.14,,Quán Cơm Bình Dân,ChIJ6VkK7y4TcTERfvEnJCQtMjg,"1 Nam Kỳ Khởi Nghĩa, Xuân Hương - Đà Lạt, Lâm Đồng, Việt Nam",11.9424129,108.4357182,4,2,,0263 3511 604,,OPERATIONAL,Thứ Hai: 08:00–21:00 | Thứ Ba: 08:00–21:00 | Thứ Tư: 08:00–21:00 | Thứ Năm: 08:00–21:00 | Thứ Sáu: 08:00–21:00 | Thứ Bảy: 08:00–21:00 | Chủ Nhật: 08:00–21:00,08:00,21:00,81.25,34.14,4.39,0.0069,0.0983,0.0435,480,1260,45,True
Coffee Homestay HĐK,homestay,1,14,218,263,,https://www.tiktok.com/@coffeetrasuahdkdalat/video/7626657632442518805,1,10.04,,Coffee Homestay HĐK,ChIJtSqvXgATcTERhQm4TnluHOg,"Số 2 Đường Cách Mạng Tháng Tám, Lâm Viên - Đà Lạt, Lâm Đồng, Việt Nam",11.953338,108.4544707,5,1,,0886 805 313,,OPERATIONAL,Thứ Hai: Mở cửa cả ngày | Thứ Ba: Mở cửa cả ngày | Thứ Tư: Mở cửa cả ngày | Thứ Năm: Mở cửa cả ngày | Thứ Sáu: Mở cửa cả ngày | Thứ Bảy: Mở cửa cả ngày | Chủ Nhật: Mở cửa cả ngày,00:00,,100,15.04,3.47,0.0014,0.0776,0.0319,0,,0,False
Café sáng sớm Đà Lạt,cafe,1,36,6144,1568,,https://www.tiktok.com/@gotaditravel/video/7615478825572388117,0,10.65,,Cafe sáng Đà Lạt,ChIJnaPty2wTcTERbriuZbq3Es8,"WCQM+PX2 Ánh, Đường Ánh Sáng, Xuân Hương - Đà Lạt, Lâm Đồng, Việt Nam",11.9392667,108.434878,3,2,,,,OPERATIONAL,Thứ Hai: 06:00–22:00 | Thứ Ba: 06:00–22:00 | Thứ Tư: 06:00–22:00 | Thứ Năm: 06:00–22:00 | Thứ Sáu: 06:00–22:00 | Thứ Bảy: 06:00–22:00 | Chủ Nhật: 06:00–22:00,06:00,22:00,72.72727272727273,10.65,3.3,0.0002,0.0737,0.0296,360,1320,60,True
Lang Biang,thiên nhiên,5,1998,84267,48700,,https://www.tiktok.com/@quynnchiiuu/video/7636719449567005959,5,60.42,,Lang Biang - Đà Lạt,ChIJ4WwmVVULcTERicYROvLzhdo,"Lang Biang - Đà Lạt, Lâm Đồng, Việt Nam",12.0609635,108.4038672,,,,,,,,,,100,85.42,0.0,0.0216,0.0,0.0216,,,90,True
Quán Cơm Linh,chợ quán,1,13700,265000,12300,,https://www.tiktok.com/@quancomlinhdalat/video/7575476880564817159,1,50.2,,Quán cơm Linh,ChIJKS0nUgATcTER4oWQE7e240A,"31 KQH Phạm Hồng Thái, Xuân Hương - Đà Lạt, Lâm Đồng, Việt Nam",11.9414509,108.4561451,,,,0978 262 824,https://quancomlinhdalat.com/,OPERATIONAL,"Thứ Hai: 10:30–15:00, 17:00–19:30 | Thứ Ba: 10:30–15:00, 17:00–19:30 | Thứ Tư: 10:30–15:00, 17:00–19:30 | Thứ Năm: 10:30–15:00, 17:00–19:30 | Thứ Sáu: 10:30–15:00, 17:00–19:30 | Thứ Bảy: 10:30–15:00, 17:00–19:30 | Chủ Nhật: 10:30–15:00, 17:00–19:30",10:30,15:00,100,55.2,0.0,0.0129,0.0,0.0129,630,900,45,True
Chuyện Của Mơ Đà Lạt,cafe,2,12974,85400,3786,,https://www.tiktok.com/@renleafylens.global/video/7634860293104946450 | https://www.tiktok.com/@lulureview_/video/7632984252665122066,2,27.54,,Chuyện của mơ,ChIJKT_meQATcTERLyigumrm5Ig,"6 Đường Khởi Nghĩa Bắc Sơn, Xuân Hương - Đà Lạt, Lâm Đồng, Việt Nam",11.9361414,108.4521992,,,,,,OPERATIONAL,,,,100,51.51,0.0,0.0119,0.0,0.0119,,,60,True
Tiệm Trà Thông Mơ,cafe,1,1036,107000,25300,,https://www.tiktok.com/@dicungdalat/video/7634466778566888712,1,21.74,,Tiệm Trà Thông Mơ,ChIJBaOuWwAVcTERz8Um2acNNjc,"WC2Q+PR5, Hoa Cẩm Tú Cầu, Xuân Hương - Đà Lạt, Lâm Đồng, Việt Nam",11.9017563,108.4396151,,,,,,OPERATIONAL,,,,100,26.74,0.0,0.0048,0.0,0.0048,,,60,True
Tiệm Nhà Út,chợ quán,1,116,30200,1938,,https://www.tiktok.com/@duy.dalat/video/7303144569539988744,1,13.14,,Tiệm Út Nhỏ,ChIJtbQCYDMTcTERKulLwoT63OY,"79 A Trần Khánh Dư, Lâm Viên - Đà Lạt, Lâm Đồng 66000, Việt Nam",11.9614427,108.4405715,,,,0968 520 343,,OPERATIONAL,Thứ Hai: Mở cửa cả ngày | Thứ Ba: Mở cửa cả ngày | Thứ Tư: Mở cửa cả ngày | Thứ Năm: Mở cửa cả ngày | Thứ Sáu: Mở cửa cả ngày | Thứ Bảy: Mở cửa cả ngày | Chủ Nhật: Mở cửa cả ngày,00:00,,90.9090909090909,18.14,0.0,0.0023,0.0,0.0023,0,,45,True
Cherry Pet Coffee,cafe,1,227,28300,7447,,https://www.tiktok.com/@hiakhoa/video/7326562163907235074,1,13.06,,coffee Cherry,ChIJy8uBEQATcTERruvmQA2t6yw,"01 Đường Mê Linh, Lâm Viên - Đà Lạt, Lâm Đồng, Việt Nam",11.9598042,108.4693927,,,,,,OPERATIONAL,,,,86.66666666666667,18.06,0.0,0.0023,0.0,0.0023,,,60,True
Hoa Phượng Tím,địa điểm checkin,1,602,40100,42900,,https://www.tiktok.com/@dihetdalat/video/7612572085180845333,0,14.61,,Checkin hoa phượng tím,ChIJKw5oYwATcTERtpZ_rEr8L3Y,"XC2J+PJ2, Đường Hai Bà Trưng, Cam Ly - Đà Lạt, Lâm Đồng, Việt Nam",11.9517512,108.4315224,,,,,,OPERATIONAL,,,,92.77777777777779,14.61,0.0,0.0013,0.0,0.0013,,,30,True
Café Cung Điện,cafe,1,201,11600,789800,,https://www.tiktok.com/@nhandian/video/7635214351682522388,0,11.36,,Cafe Cung,ChIJ12wxAwATcTER50IXPR1id0M,"9 Đường Tô Hiến Thành, Xuân Hương - Đà Lạt, Lâm Đồng 66000, Việt Nam",11.9290828,108.444067,,,,,,OPERATIONAL,,,,69.56521739130434,11.36,0.0,0.0004,0.0,0.0004,,,60,True
