video_id,source_hashtag,collected_at,create_time,author_name,author_followers,description,hashtags,video_url,digg_count,share_count,comment_count,play_count,voice_to_text,in_video_text
7590616146706042132,dulichdalat,2026-05-11T22:15:27,1767328055,tiemcomganh,4566,"Review 6 địa điểm check in miễn phí tại Đà Lạt và lộ trình đi để tiết kiệm thời gian 🌵🌵🌵
- Tháp truyền hình
- Biệt thự đồi Robin
- Cung đường Bắc Âu
- Bức tường Hàn Quốc
- Góc Dã Tượng và Yết Kiêu
- Cung đường Hàn Thuyên
#dulichdalat #checkindalat ",,https://www.tiktok.com/@tiemcomganh/video/7590616146706042132,16000,10400,197,486900,,
7634453530849545492,dulichdalat,2026-05-11T22:15:27,1777534740,nhandian,789800,"Bún thịt nướng, bánh căn, mì quảng địa phương siêu ngon ở Đà Lạt #dalat #foodreview #nhandian #dulichdalat #fyp ",,https://www.tiktok.com/@nhandian/video/7634453530849545492,305,47,2,17200,,
7523798698493545735,dulichdalat,2026-05-11T22:15:27,1751770898,dieuhoang211,758200,"Gợi ý những địa điểm đi chơi Đà Lạt … không chán cùng 2 gđ 💞@✨ Linh Barbie ✨ @Mai Ngốc Nghếch 
@The KUPID - Dalat no single 
@Bát Mì Nhã 
@The CampVille DaLat 
@Suối Bình Yên 
@Tiệm nướng trong rừng @Miền Du Mục 
@Trạm Ký Ức 
#dieuhoang #dalat #dulich #dulichdalat #quananngon ",,https://www.tiktok.com/@dieuhoang211/video/7523798698493545735,18800,7162,336,585300,,
7606686172517076245,dulichdalat,2026-05-11T22:15:27,1771069642,ngngthinei,44900,Tổng chi phí Đà Lạt 3n2đ ?? mình có list các địa điểm ăn uống trong danh sách phát này luôn nha. #chiphi #dalat #dulich #fyp #xuhuong ,,https://www.tiktok.com/@ngngthinei/video/7606686172517076245,80600,21400,348,1500000,,
7514159844987800850,dulichdalat,2026-05-11T22:15:27,1749526678,tronviec.official,152400,"Đi Đà Lạt là phải Chậm, phải Chill thì mới đúng điệu chị em ơi 🥰 Giá quá tốt cho hè này, ib mình liền nha #dulich #dalat #tourdalat #dulichdalat #he2025 #bazantravel #tronviec ",,https://www.tiktok.com/@tronviec.official/video/7514159844987800850,12000,3611,1599,765900,,
7619697125416291606,dulichdalat,2026-05-11T22:15:27,1774098990,two_peas_abroad,71100,"Why is no one talking about... 🤔🌿🏔️

📍Dalat, Vietnam

There's so much charm to this place! ✨

If mountain ranges, cooler temps, waterfalls, canyoning, theme parks, and coffee interest you... you must visit this city! 💫

You can get here by sleeper bus or private car/van transfer from Ho Chi Minh City or Nha Trang. 🚗

If you want our recommended tours, places to visit, and things to do in Dalat (Vietnam Musts Guide), tap the
🔍 Find Video Info button on our link in bio 🔗
🗨️ Or comment ""link""

.
.
.

#vietnamtravel #dalat #vietnamtips #vietnamtrip #travelcouple ",,https://www.tiktok.com/@two_peas_abroad/video/7619697125416291606,4821,1773,38,89600,,
7508576445141208338,dulichdalat,2026-05-11T22:15:27,1748226694,du_lich_dalat,242500,Tốp 5 điểm đáng trãi nghiệm cho gia đình năm 2025 Tại Đà Lạt@Langfarmcenter##thodandalad#dalat#langfarmcenter#dulichdalat#top5dalat2025#diadiemgiadinh#checkindalat#langfarmbuffet#nongtraicotich#,,https://www.tiktok.com/@du_lich_dalat/video/7508576445141208338,38600,26600,1148,2100000,,
7437476244918127890,dulichdalat,2026-05-11T22:15:27,1731672384,dihetdalat,42900,Bỏ túi ngay 4 căn Homestay đáng thử gần trung tâm Đà Lạt 🧐 #dihetdalat #dalat #chill #bttravel #dulichdalat #traveltiktok #dulichvietnam #checkindalat #homestay #homestaydalat ,,https://www.tiktok.com/@dihetdalat/video/7437476244918127890,185600,67500,2262,5300000,,
7636744518280203552,dulichdalat,2026-05-11T22:15:27,1778068149,toiladandalat,21700,"Du lịch Đà Lạt 3N2Đ mà chưa có plan thì để tui lên sẵn list cho nha 🍃🍃

#dalat #dalattrip #dalatdidau #dalatstoty #dalatfood ",,https://www.tiktok.com/@toiladandalat/video/7636744518280203552,2298,1234,44,120200,,
7552718308580019477,dulichdalat,2026-05-11T22:15:27,1758504277,combo.ngavivu,10900,Top 5 khách sạn đẹp nhất tại trung tâm Đà Lạt bạn đã thử chưa? #ngavivu #dalat #reviewdalat #dulichvietnam #traveldalat ,,https://www.tiktok.com/@combo.ngavivu/video/7552718308580019477,1607,1299,106,141300,,
7580740804403039496,dulichdalat,2026-05-11T22:15:27,1765028764,nhandian,789800,"Lên Đà Lạt thèm lẩu cá tầm thì ăn 2 quán này nè, ngon mà đông dân địa phương lắm 😗 #dalat #dulichdalat #dalatfood #nhandian #fyp ",,https://www.tiktok.com/@nhandian/video/7580740804403039496,7439,4507,138,426300,,
7549937570201816342,dulichdalat,2026-05-11T22:15:27,1757856829,two_peas_abroad,71100,"10 reasons Dalat is a must-visit! 👇

☕ Coffee farm 
🧗 Canyoning
 🛍️ Night market
🧑‍🦽 Mongo land
🏎️ Mario kart irl
🏚️ Crazy house
🍹 Maze bar
🥛 Try warm tofu
🥖 Try banh mi xiu mai
🌊 Waterfall hopping

Tap the “🔍 Find Video Info” button in our 
Link in Bio 🔗 for info about any of the tours we took in this video! 

What would you do first? 📍

.
.
.

#VietnamTravel #Dalat #TravelTips #CouplesTravel #VietnamAdventures ",,https://www.tiktok.com/@two_peas_abroad/video/7549937570201816342,935,855,23,60100,,
7607704917339327752,dulichdalat,2026-05-11T22:15:27,1771306842,happyhill.dalat,1300000,"Chúc mừng năm mới , ghẹo tới bến luôn #canhdepdalat #dulichdalat #dalatdidau #dalat #happyhilldalat ",,https://www.tiktok.com/@happyhill.dalat/video/7607704917339327752,368800,28900,5499,12500000,,
7535672971080371474,dulichdalat,2026-05-11T22:15:27,1754535593,ghiendalat_official,263300,Coi hết để biết 5 khu vui chơi dành cho gia đình có con nhỏ khi đi Đà Lạt nhaaaa @Thổ Địa Đà Lạt #ghiendalat #thodiadalat #dalat #LangfarmCenter #DuLichDaLat #Top5DaLat2025 #DiaDiemGiaDinh #CheckinDaLat #LangfarmBuffet #NongTraiCoTich #xuhuong #fyp ,,https://www.tiktok.com/@ghiendalat_official/video/7535672971080371474,2917,3437,159,261900,,
7385473109140180240,dulichdalat,2026-05-11T22:15:27,1719564463,dichoimoingay,221900,Lên Đà Lạt là phải chơi trò này nha🏁 #dalat #reviewdalat #dalattrip #dulichdalat ,,https://www.tiktok.com/@dichoimoingay/video/7385473109140180240,8415,9839,285,793100,,
7603733676706352404,dulichdalat,2026-05-11T22:15:27,1770382216,elmdalat,2162,Tips đi du lịch Đà Lạt cực chill và tiết kiệm cho các con vợ #reviewdalat #dulichdalat #trending #xuhuong #yodthong ,,https://www.tiktok.com/@elmdalat/video/7603733676706352404,8333,1837,32,160400,,
7569189293630016786,dulichdalat,2026-05-11T22:15:27,1762339220,happyhill.dalat,1300000,Ghẹo khách hay khách ghẹo ? #canhdepdalat #dulichdalat #happyhilldalat #dalatstory #coffeedalat ,,https://www.tiktok.com/@happyhill.dalat/video/7569189293630016786,119400,6909,2277,4000000,,
7605564991403560213,dulichdalat,2026-05-11T22:15:27,1770808600,bacxiuneee_,57200,"Đi Làng Cù Lần, có ai bỏ quên “Lò Gụ” này khumm🍃
#langculan #reviewdalat #dulichdalat #dalat #bacxiunee ",,https://www.tiktok.com/@bacxiuneee_/video/7605564991403560213,3501,1484,54,191300,,
7577374212168486165,dulichdalat,2026-05-11T22:15:27,1764244920,nguamodalat,69600,"Góc xin í kiến, 700🐠/đêm có xứng đáng? #nguamodalat #villadalat #homestaydalat #dulichdalat #thiendibui ",,https://www.tiktok.com/@nguamodalat/video/7577374212168486165,33200,11500,414,1000000,,
7630011968153193748,dulichdalat,2026-05-11T22:15:27,1776500608,congtyhoadalattravel.vn,2951,"Tổng hợp khách sạn Đà Lạt gần trung tâm để bạn có thể lựa chọn cho chuyến du lịch Đà Lạt của mình
📍Cicilia Rouge Dalat
📍Mallorie Hotel
📍La Chérie Dalat
#ciciliarougedalat #mallorie #khachsandalat #khachsantrungtamdalat #hoadalattravel ",,https://www.tiktok.com/@congtyhoadalattravel.vn/video/7630011968153193748,141,94,1,10400,,
7574400141726125330,dulichdalat,2026-05-11T22:15:27,1763552463,_trinhhavi_,790200,"du lịch đổi chỗ ngủ 😴💤 có thể là ngủ rất ngon tại đây, em iu Đà Lạt Đà Lạt đến với em ☆彡 #dalat #silkoil #dauduonghuongnuochoa #trinhhavi #schannel ",,https://www.tiktok.com/@_trinhhavi_/video/7574400141726125330,137300,4336,404,1500000,,
7528369502120185095,dulichdalat,2026-05-11T22:15:27,1752835122,langbiangland,16200,"🎟 Một vé trọn gói – chơi gì cũng được
Chơi thả ga, không lo về giá tại Langbiang Land nha! #langbiangland #dalat #truotphaodalat #dulichdalat #ilovelangbiangland ",,https://www.tiktok.com/@langbiangland/video/7528369502120185095,21200,12400,621,1300000,,
7576609783462006023,dulichdalat,2026-05-11T22:15:27,1764066937,happyhill.dalat,1300000,Ghẹo khách hay khách ghẹo ? #canhdepdalat #happyhilldalat #dalatdidau #dulichdalat #dalatstory ,,https://www.tiktok.com/@happyhill.dalat/video/7576609783462006023,176300,9933,2920,5200000,,
7633828560071019797,dulichdalat,2026-05-11T22:15:27,1777389226,maingocneee13,70000,Chuyến đi Đà Lạt 3 ngày 2 đêm trộm vía ăn toàn đồ ngon thuiiiii 😋😋 #foryou #dalat #dulichdalat #dalatreview #pov ,,https://www.tiktok.com/@maingocneee13/video/7633828560071019797,2950,847,59,88400,,
7598797694240378130,dulichdalat,2026-05-11T22:15:27,1769232961,zoomtravel.vn,4148,Đà Lạt luôn là điểm đến được chọn nhiều nhất trong Tết năm nay #zoomtravel #dalat #dulichtet ,,https://www.tiktok.com/@zoomtravel.vn/video/7598797694240378130,1026,479,207,110300,,
7631162294977826068,dulichdalat,2026-05-11T22:15:27,1776768437,nonoc.vlog,1046,Anh mê quá nên sẽ lên nhiều video nữa cho mn tham khảo đi chơi sắp tới nhé. #dalat #scenery #dulichdalat #solotrip #khachsandalat ,,https://www.tiktok.com/@nonoc.vlog/video/7631162294977826068,11200,2960,166,303600,,
7635179040197954823,dulichdalat,2026-05-11T22:15:27,1777703656,boodiann,2600,"Tui tốn tiền để bạn khỏi tốn 🫶

#dalat #dulichdalat #dalatstory #dalatdidau #chodalat ",,https://www.tiktok.com/@boodiann/video/7635179040197954823,16000,5911,87,181200,,
7572962874641894674,dulichdalat,2026-05-11T22:15:27,1763217824,happyhill.dalat,1300000,Ghẹo khách hay khách ghẹo ? Nay đông quá muội có bỏ lỡ ai thì mong mn thônh cảm nha #canhdepdalat #dulichdalat #happyhilldalat #dalatdidau ,,https://www.tiktok.com/@happyhill.dalat/video/7572962874641894674,202000,12400,2805,6300000,,
7582146251852909842,dulichdalat,2026-05-11T22:15:27,1765355998,dalart_glampingg,1418,"✨ Đến lúc tự thưởng cho mình…
Ăn no, ngủ sâu, ở yên giữa thiên nhiên Đà Lạt 🌿
📍 Dalart Glamping | 0933 488 006#DalartGlamping #sanmaydalat #dulichdalat #dalattrip #dalatreview ",,https://www.tiktok.com/@dalart_glampingg/video/7582146251852909842,163,65,18,34600,,
7502706387995102485,dulichdalat,2026-05-11T22:15:27,1746859967,domdomhousedalat,19500,"Kêu chán là được con bạn thân dắt đi Đà Lạt liền 🤭 
#dalat #homestaydalat #homestaydalatviewdep #domdomhousedalat #nhago #dulichdalat #dulichtrainghiem #chill ",,https://www.tiktok.com/@domdomhousedalat/video/7502706387995102485,68600,12600,1549,4100000,,
7603371406423887125,dalat,2026-05-11T22:15:28,1770297864,review.lt7,10600,"🧚‍♀️ Những quán cafe ở Đà Lạt đẹp như bước ra từ truyện cổ tích — mây trôi trước hiên, sương phủ lối nhỏ, hoa cỏ bao quanh và không gian mộng mơ đến nao lòng.
☁️ Chỉ cần ngồi xuống nhâm nhi ly cà phê nóng, bạn sẽ thấy Đà Lạt dịu dàng hơn hẳn. #review #dalat #xuhuong #xuhuongtiktok #viral ",,https://www.tiktok.com/@review.lt7/video/7603371406423887125,7132,4292,187,486400,,
7585179648150097174,dalat,2026-05-11T22:15:28,1766062266,two_peas_abroad,71100,"How to ACTUALLY do the Mario Kart in Vietnam! 🏎️

📍Dalat, Vietnam

❓ If you have any questions, let us know! 💬

To get info on Transportation from Ho Chi Minh City or the tour we recommend to do the Mario Kart Tour, tap the 
🔍 Find Video Info button on our 🔗link in bio
OR
💬 Send us a message!

.
.
.

#vietnam #vietnamtravel #travelcouple #vietnamtips #vietnamtrip ",,https://www.tiktok.com/@two_peas_abroad/video/7585179648150097174,8630,2859,53,237000,,
7585493536062082325,dalat,2026-05-11T22:15:28,1766135346,trahuongdaily,640,"Ngày 1 tại Đà Lạtt 💋💋 
#travel #dalat #dalatreview #trahuongvlog #vlog ",,https://www.tiktok.com/@trahuongdaily/video/7585493536062082325,13600,2057,162,354200,,
7622982709819870472,dalat,2026-05-11T22:15:28,1774863977,_giadinhkhoaitay,1288,Đi Đà Lạt ghé thăm Cô Long @Happy Hill Coffee - Đà Lạt dễ thương gi âu 😍❤️😍#dalat #happyhilldalat #thichdalat #duyen90 #reviewdalat ,,https://www.tiktok.com/@_giadinhkhoaitay/video/7622982709819870472,4263,388,143,203100,,
7638534135786654997,dalat,2026-05-11T22:15:28,1778484833,happyhill.dalat,1300000,Về kể hnay bị khách ghẹo hổng ai tin#happyhilldalat #canhdepdalat #dalatdidau #dalat #dalatstory ,,https://www.tiktok.com/@happyhill.dalat/video/7638534135786654997,16000,303,165,408400,,
7549367720618282258,dalat,2026-05-11T22:15:28,1757724151,dreamgardenhomestay,26000,"Đà Lạt, nằm trong chăn ấm mà vẫn ngắm trọn thiên nhiên.
#homestaychilldalat #homestaydalatviewdep #homestaysanmaydalat #homestaydalat #sanmaydalat ",,https://www.tiktok.com/@dreamgardenhomestay/video/7549367720618282258,25600,7157,653,599300,,
7590979517661940999,dalat,2026-05-11T22:15:28,1767412652,dao_duy_phuong,252100,Có ai lỡ hẹn với mùa hoa năm nay của Đà Lạt không ạ ( clip này cũ rồi hoa quán này hiện tại chưa nở nên ai đang có dự định thì mọi người tranh thủ nha ) #dalat #reviewcungmap #isbtalents #maianhdao ,,https://www.tiktok.com/@dao_duy_phuong/video/7590979517661940999,55400,23700,1513,2600000,,
7610461933954764053,dalat,2026-05-11T22:15:28,1771948763,shundidau_,40300,"Homestay đẹp nh.ất ở Đà Lạt t từng ở! Mọi thứ từ không gian cho tới dịch vụ đều oke lắm lun. Siu rcm mn trải nghiệm thử! 🧡🍃
#dalat #homestaydalat #dalatstory #dalatreview #omsecrethilldalat ",,https://www.tiktok.com/@shundidau_/video/7610461933954764053,8737,4121,328,556300,,
7537670988738137351,dalat,2026-05-11T22:15:28,1755000791,dihetdalat,42900,4 quán cafe đẹp như truyện cổ tích tại Đà Lạt ✨ #dihetdalat #dalat #dalatreview #dalatdidau #cafedalat ,,https://www.tiktok.com/@dihetdalat/video/7537670988738137351,14700,9908,323,840500,,
7456369026856504594,dalat,2026-05-11T22:15:28,1736071204,chillcungyang,313300,"Một chiếc cà phê mới toanh ngắm hoàng hôn siêu chill để tạm biệt một ngày vội vã, đón nhận bình yên trong từng ngụm cà phê và ánh hoàng hôn 🥰. #dalat #chillcungyang ",,https://www.tiktok.com/@chillcungyang/video/7456369026856504594,109800,28000,1661,3000000,,
7632352334240058646,dalat,2026-05-11T22:15:28,1777045513,ourkidstravel,10200,"Walking into the golden hour at Thung Lũng Khói Xanh and feeling like we’ve found our way home to the Shire. 🛖✨ Just three little boys and a world of magic. Da Lat, you have our hearts. 🌲🌙 #TheHobbit #DaLatVietnam #FamilyTravel #FairytaleVibes
#creatorsearchinsights ",,https://www.tiktok.com/@ourkidstravel/video/7632352334240058646,1371,79,49,35000,,
7506138683599260946,dalat,2026-05-11T22:15:28,1747659105,tiemanhbaprangbo,240500,Bạn ghé view này sau cơn mưa tháng 5 của Đà Lạt chưa...chill lắm đấy#tiemanhbaprangbo #quayclipchill #thefloresthoatrongrung #reviewdalat  ,,https://www.tiktok.com/@tiemanhbaprangbo/video/7506138683599260946,130800,31600,1219,2900000,,
7598936749192023317,dalat,2026-05-11T22:15:28,1769265343,theflorestdalat,81400,"Thược dược vốn đã rực rỡ, khi chiều buông lại càng thêm phần dịu dàng và nên thơ. Dưới ánh hoàng hôn, cả triền hoa lặng lẽ khoe sắc, trở thành một trong những khoảnh khắc đẹp nhất tại The Florest những ngày gần đây. #theflorest #hoatrongrung #dalat #vuonhoalonnhatdalat #checkinvietnam ",,https://www.tiktok.com/@theflorestdalat/video/7598936749192023317,57000,14100,340,1300000,,
7511957779142233362,dalat,2026-05-11T22:15:28,1749013972,canquetsaigon,1400000,Tổng hợp những quán ngon mà Bảoo đã ăn trong chuyến đi Đà Lạt vừa rồi #xuhuong #reviewanngon #ancungtiktok #canquetsaigon #dalatangi #dalat ,,https://www.tiktok.com/@canquetsaigon/video/7511957779142233362,47000,23300,921,1900000,,
7593738771779226900,dalat,2026-05-11T22:15:28,1768055096,wandinhneh,543,"Đà Lạt đầu 2026 part 2
#dalat #sunset #thanhphophiadong #vuongbinh ",,https://www.tiktok.com/@wandinhneh/video/7593738771779226900,47200,11900,263,580400,,
7313050264267771154,dalat,2026-05-11T22:15:28,1702702204,dichoimoingay,221900,Đi Đà Lạt mà cứ tưởng đang ở Hàn Quốc🤍 #dalat #dulichdalat #reviewdalat #rungthongnuivoi #dalattrip #dichoimoingay ,,https://www.tiktok.com/@dichoimoingay/video/7313050264267771154,73200,10600,2155,1800000,,
7584709735153274113,dalat,2026-05-11T22:15:28,1765952868,min.du.mc,146700,Đà Lạt thức giấc bằng mùi hương của thông và ánh sáng của bình minh. Một khởi đầu không thể chill hơn. #dalat #sanmay #sanmaydalat #miendumuc,,https://www.tiktok.com/@min.du.mc/video/7584709735153274113,134700,47900,474,3100000,,
7501203500332797202,dalat,2026-05-11T22:15:28,1746510044,dalat_reels,15700,"“Có những buổi sáng, chỉ cần đứng giữa mây trời Đà Lạt là thấy lòng nhẹ nhõm.” #dalat #đàlạt #chill #sanmaydalat #hidalat🌲 #hidalatchill #yenbinh ",,https://www.tiktok.com/@dalat_reels/video/7501203500332797202,247200,42900,4053,4700000,,
7565083466304408839,dalat,2026-05-11T22:15:28,1761383258,aihaohaohao,5782,Homestay Đà Lạt đẹp nhứt từng ở luônn 🦦💓 #dalat #homestaydalat #omsecrethilldalat #reviewhomestay #reviewdalat ,,https://www.tiktok.com/@aihaohaohao/video/7565083466304408839,41800,22800,1060,1600000,,
7621060166229806357,dalat,2026-05-11T22:15:28,1774416358,suoibinhyen,568600,"Bạn ăn Mẹt này bên Suối chưa ?
• Suối Bình Yên || Cafe - Gà nướng #Suoibinhyen #Dalat #Travel #vietnam #Metnuirung",,https://www.tiktok.com/@suoibinhyen/video/7621060166229806357,237600,71900,2582,5600000,,
7523919165783166228,dalat,2026-05-11T22:15:28,1751798951,linhbarbie,18700000,"Đà Lạt 3N2Đ 🌲 
Ăn gì & Và chơi gì ❄️ 2025
Bí kíp địa điểm cho mý bà tham khảo ở đây nha
Day 1 
- @The KUPID - Dalat no single 
- @Miền Du Mục 
- @Bát Mì Nhã 

#LinhBarbie ",,https://www.tiktok.com/@linhbarbie/video/7523919165783166228,21900,1790,330,713900,,
7515049174765702418,dalat,2026-05-11T22:15:28,1749733740,jessica_review,16700,"24h ở Đà Lạt ăn gì? Clip này là tổng hợp các quán ăn ngon mà mình đã được thử trong chuyến ĐL 5n4d vừa rồi, quán ko ngon m cho ra chuồng gà rồi, đây là clip từ người đi Đà Lạt để chill not booking vì ko phải travel blogger nên mn khỏi lo nhé hé hé #jessicareview #dalatangi #dalatangiodau #didalat #dalat #dalatreview #dalattrip #dalatfood #dalatcoffee #reviewdalat #fooddalat #dulichdalat ",,https://www.tiktok.com/@jessica_review/video/7515049174765702418,39400,15000,525,982800,,
7599966964181748999,dalat,2026-05-11T22:15:28,1769505207,vythichreview,115900,Toàn là mấy quán ngon ngon mà tui đã trải nghiệm rồi mấy bà nhớ lưu lại đó😍😍😍 #cantho65 #vythichreview #dalat #foodreview #ancungtiktok ,,https://www.tiktok.com/@vythichreview/video/7599966964181748999,10300,5960,106,376500,,
7616637200691678484,dalat,2026-05-11T22:15:28,1773386558,lamant.de.dalat,344,"Room 201 – L’amant de Dalat
📍 Trung tâm, cách chợ 500m
🪴 Ban công đẹp
📽️ Máy chiếu xem phim #homestaydalat  #dalat #lamantdedalat #dalattrip ",,https://www.tiktok.com/@lamant.de.dalat/video/7616637200691678484,3407,1025,233,117600,,
7603010079691951381,dalat,2026-05-11T22:15:28,1770213734,locvilladalat,6590,"Một chiếc villa vừa cổ điển vừa hiện đại ✨
3 phòng ngủ – 4 WC, đi nhóm 6–8 người quá hợp
Phòng nào cũng có máy lạnh, view thì khỏi chê 📸
 #villadalat #reviewvilladala #villadalatnguyencan #locvilladalat #homestaynguyencandalat ",,https://www.tiktok.com/@locvilladalat/video/7603010079691951381,6498,3939,1038,291700,,
7635214351682522388,reviewdalat,2026-05-11T22:15:43,1777711885,nhandian,789800,"Review chân thật 3 tiệm cà phê viral ở Đà Lạt nè, liệu có bị ""overrated"" quá hay không? #dalat #dalatreview #dalatcoffee #nhandian #fyp ",,https://www.tiktok.com/@nhandian/video/7635214351682522388,201,29,2,11700,,
7333124695727885601,reviewdalat,2026-05-11T22:15:43,1707376161,goldiegallowaytravels,20800,"Here is my honest review of Da Lat Vietnam🇻🇳
.
#traveltok #travellife #backpackinglife #traveladvice #fyp ",,https://www.tiktok.com/@goldiegallowaytravels/video/7333124695727885601,466,35,28,56100,,
7493127305120845064,reviewdalat,2026-05-11T22:15:43,1744629658,tiktokgapgiquaydo,123200,"Vượt 1500km cũng vì cái địa điểm này tại Đà Lạt thôi á các bạn 😍
📍 Cơm Lam Gà Nướng ( Suối Bình Yên )
#dalat #latnoitravel #dalatreviewtravel #suoibinhyen #comlamganuong ",,https://www.tiktok.com/@tiktokgapgiquaydo/video/7493127305120845064,61600,33800,2163,3600000,,
7288190291750784257,reviewdalat,2026-05-11T22:15:43,1696914043,thon_foodie,196000,7 quán ruột ở Đà Lạt #Master2023byTikTok #LearnOnTikTok #AnCungTikTok #gdlfamily #reviewanuong #reviewdalat #dalat ,,https://www.tiktok.com/@thon_foodie/video/7288190291750784257,71200,18100,1486,3200000,,
7357193741779651848,reviewdalat,2026-05-11T22:15:43,1712980160,dichoimoingay,221900,Cafe ngắm hoàng hôn mới toanh ở Đà Lạt🤍 #cafe #reviewcafe #dalat #dalattrip #dichoimoingay ,,https://www.tiktok.com/@dichoimoingay/video/7357193741779651848,140500,53600,3658,7500000,,
7637141047671344402,reviewdalat,2026-05-11T22:15:43,1778160471,thuykieu_2802,2400000,Foodtour Đà Lạt ✌🏽✌🏽 (phần 1) #review #foodtour #dalat ,,https://www.tiktok.com/@thuykieu_2802/video/7637141047671344402,14900,2098,129,326400,,
7600011987040390418,reviewdalat,2026-05-11T22:15:43,1769515686,reviewdalat_offical,15900,Hẹn hò kiểu này vừa lạ vừa xả stress 😉 #reviewdalat #dalat #tsukispa #massage ,,https://www.tiktok.com/@reviewdalat_offical/video/7600011987040390418,628,433,15,42400,,
7634093050142149895,reviewdalat,2026-05-11T22:15:43,1777450805,chulamreview,60300,"Đây không phải Hy Lạp hay quảng trường La Mã, mà là Đà Lạt nha mng , không ngờ luôn ấy #xuhuongtiktok #dalat #cafedalat #solenadalat #chulamreview ",,https://www.tiktok.com/@chulamreview/video/7634093050142149895,38300,22000,652,1100000,,
7535782357450657044,reviewdalat,2026-05-11T22:15:43,1754561065,mai_riviu,6620,✨Review công tâm Quán Gió ở Đà Lạt siêu hot món Cá Tầm. #mairiviu #dalat #learnontiktok #ancungtiktok #laucatamdalat #reviewdalat ,,https://www.tiktok.com/@mai_riviu/video/7535782357450657044,4438,1448,121,293400,,
7607409661502967058,reviewdalat,2026-05-11T22:15:43,1771238097,tiktokgapgiquaydo,123200,"Một địa điểm mới tại Đà Lạt khai trương ngày mùng 1 tết này các bạn ơi.
📍 Lạc Hư Cổ Trấn 
##dalatreviewtravel##latnoitravel##lachucotran",,https://www.tiktok.com/@tiktokgapgiquaydo/video/7607409661502967058,40700,20000,917,1800000,,
7339481473663241473,reviewdalat,2026-05-11T22:15:43,1708856205,khaikhampha,1700000,1 ngày ở Đà Lạt thì ăn gì cho đã cái miệng #trinhquangkhai #LearnOnTikTok #AnCungTikTok #reviewanngon #dalat ,,https://www.tiktok.com/@khaikhampha/video/7339481473663241473,118800,19100,1319,4000000,,
7518347304869301512,reviewdalat,2026-05-11T22:15:43,1750501647,bon.bonreview,3746,Review chân thật các quán ngon Đà Lạt #dalatreview #reviewquanngondalat #dalatangi ,,https://www.tiktok.com/@bon.bonreview/video/7518347304869301512,496,173,6,16600,,
7577590169797152018,reviewdalat,2026-05-11T22:15:43,1765083900,wikidulich.com,14600,"Review thử thách trượt thác Datanla Đà Lạt: đi một lần nhớ cả đời!
Cảm giác ban đầu là lo lo nhưng một lúc sau lại nghiện tốc độ. Mình chia sẻ chi tiết độ an toàn, giá vé, thời gian chơi và vài tips để không bị “chậm nhịp” khi vào cua. Ai đang phân vân có nên thử thì xem video là quyết định được ngay.
#truotthacdatanladalat #datanladalat#datanlaalpinecoaster#dulichdalat #dalat",,https://www.tiktok.com/@wikidulich.com/video/7577590169797152018,11,4,1,3148,,
7613214638896844039,reviewdalat,2026-05-11T22:15:43,1772589684,bemy2k,760600,Review chi tiết tour ba cây thông #dalat #bemy2k #KanzMy ,,https://www.tiktok.com/@bemy2k/video/7613214638896844039,4218,899,62,132500,,
7529158237036236040,reviewdalat,2026-05-11T22:15:43,1753018761,anchoicungzizi,19000,Bánh su kem giòn đà lạt #review #yendidaudo #dalat #xuhuong #fyp #banhsugionsocnau #banhsukemgion #banhsudalat #banhsukemdalat ,,https://www.tiktok.com/@anchoicungzizi/video/7529158237036236040,7219,3436,125,190800,,
7638409963882188040,reviewdalat,2026-05-11T22:15:43,1778455918,tiktokgapgiquaydo,123200,"Một địa điểm lưu trú tại Đà Lạt đã đẹp mà lại còn rẻ nữa nè các bạn ơi…
Các bạn lên Đà Lạt thì nhớ tham khảo khách sạn này nha.
📍 LUXURY HOTEL ĐÀ LẠT ( 124 - Tô Hiến Thành - Đà Lạt )
#d#dalatreviewtravel#l#luxuryhoteldalat1#124tohienthanhdalatn#nhanghidalat",,https://www.tiktok.com/@tiktokgapgiquaydo/video/7638409963882188040,61,18,2,2707,,
7325313221819108610,reviewdalat,2026-05-11T22:15:43,1705557401,du_lich_dalat,242500,Tiệm Cơm Gia Đình Ngon Bình Dân Nằm Ngay Trung Tâm Đà Lạt#thodandalad#review#reviewdalat#quananngondalat#comtrua#tiemcomavu# ,,https://www.tiktok.com/@du_lich_dalat/video/7325313221819108610,19500,4703,499,2100000,,
7634556893003861268,reviewdalat,2026-05-11T22:15:43,1777558801,shundidau_,40300,"Quán cafe mới toanh chính thức mở cửa ở Đà Lạt. 🌸
#dalat #dalatcoffee #dalatreview #trammodalat #shundidau ",,https://www.tiktok.com/@shundidau_/video/7634556893003861268,138300,49500,2061,4000000,,
7589045019009420565,reviewdalat,2026-05-11T22:15:43,1766962252,tiktokgapgiquaydo,123200,"New Light coffee một địa điểm ngay trung tâm Đà Lạt các bạn đã biết chưa nè….
📍 New Light Coffee ( 3bií - Hoàng Hoa Thám - Đà Lạt )
#dalatreviewtravel #latnoitravel #newlight ",,https://www.tiktok.com/@tiktokgapgiquaydo/video/7589045019009420565,2252,1509,78,99800,,
7588397748441976084,reviewdalat,2026-05-11T22:15:43,1766811541,didalatcungtruc,207700,Rừng Mơ- tiệm cà phê bên suối ở Đà Lạt #rungmodalat #didalatcungtruc #isbtalents #reviewdalat #dalatreview #dalatcoffee ,,https://www.tiktok.com/@didalatcungtruc/video/7588397748441976084,2619,2239,74,161300,,
7356441400096967943,reviewdalat,2026-05-11T22:15:43,1712804993,tiemanhbaprangbo,240500,Một quán cà phê đón bình minh siêu đẹp ở Đà Lạt mà bạn nên ghé #tiemanhbaprangbo #chill #dalat #binhminhoidalat #reviewcf #review binhminhdalat#chill ,,https://www.tiktok.com/@tiemanhbaprangbo/video/7356441400096967943,47100,8060,570,1400000,,
7537683963142245633,khamphadalat,2026-05-11T22:15:45,1755058500,happydaytravel,74300,Lưu lại để có những trải nghiệm du lịch đáng nhớ cùng Happy Day nha 🥰 #happydaylamdong #happydaytravel #tourdalat #khamphadalat #dalatdidauchoi #dalat #reviewdalat,,https://www.tiktok.com/@happydaytravel/video/7537683963142245633,7881,5589,256,397800,,
7634580167255510279,khamphadalat,2026-05-11T22:15:45,1777564218,tuankien.hoangkimtravel,3121,Mời đoàn di chuyển cùng em xuống 18 tầng địa ngục tại Chùa Linh Phước (Đà Lạt) ạ #tuankienhoangkimtravel #chualinhphuocdalat #checkindalat #khamphadalat #xuhuong ,,https://www.tiktok.com/@tuankien.hoangkimtravel/video/7634580167255510279,254,195,23,20100,,
7635497474953596167,khamphadalat,2026-05-11T22:15:45,1777777798,thanhlanbt88,4447,Thác Pongour được mệnh danh là thác hùng vĩ nhất tại Đà Lạt. Với vẻ đẹp hoang sơ và không kém phần thơ mộng là điểm đến lý tưởng khi khám phá Đà Lạt#thanhlanbt88 #canhdepdalat #khamphadalat #thacnuoc#thacpongour ,,https://www.tiktok.com/@thanhlanbt88/video/7635497474953596167,14,10,3,486,,
7108280272898034971,khamphadalat,2026-05-11T22:15:45,1655025472,sugarmaker72,22000,Đừng đi một mình nếu bạn yếu tim  #dalat #dĩnhtiên #khámphánhàhoang #khamphadalat #reviewdalat #foryou #fyp #dulich #phuotdalat,,https://www.tiktok.com/@sugarmaker72/video/7108280272898034971,10300,414,379,203500,,
7635465678631341333,khamphadalat,2026-05-11T22:15:45,1777770402,anhtannguyenanhtan,62,HÀNH TRÌNH 5KM DẠO QUANH HỒ XUÂN HƯƠNG TRONG 49 GIÂY ✊🏻🌲🌅 #DalatCity #HoXuanHuong #RunningVlog #KhamphaDalat #DalatTravel  ,,https://www.tiktok.com/@anhtannguyenanhtan/video/7635465678631341333,30,1,3,480,,
7609889502294838549,khamphadalat,2026-05-11T22:15:45,1771815483,tunvitdalat,698,"🌞🌲🌲View này, nắng này... không ghé ĐỐM thì thật là có lỗi với thời tiết !

☕️ COFFEE ĐỐM
⛳️ 1/1 Trần Quang Diệu, Phường Xuân Hương, Đà Lạt.
☀️ 6:00 - 21:00 🌙

#dalat #thodiadalat #dulichdalat #dalat #khamphadalat ",,https://www.tiktok.com/@tunvitdalat/video/7609889502294838549,68,18,19,627,,
7548807327411948817,khamphadalat,2026-05-11T22:15:45,1757651400,bacsinoduytam,117400,Khám phụ khoa định kỳ! #bacsinoduytam #DrTamEva #pkspktambinhan #khamphukhoadalat,,https://www.tiktok.com/@bacsinoduytam/video/7548807327411948817,355,27,16,35500,,
7214046849970277659,khamphadalat,2026-05-11T22:15:45,1679651179,khamphadalat_,1,,,https://www.tiktok.com/@khamphadalat_/video/7214046849970277659,17,0,0,664,,
7551847259541998868,khamphadalat,2026-05-11T22:15:45,1758459600,bacsinoduytam,117400,Bí quyết sinh con trai - con gái. #bacsinoduytam #DrTamEva #pkspktambinhan #khamphukhoadalat #khamthaibstamdalat #tranhthaiantoan,,https://www.tiktok.com/@bacsinoduytam/video/7551847259541998868,18500,7502,481,702600,,
7637839904117984520,khamphadalat,2026-05-11T22:15:45,1778323187,toor.gull..13,574,viral video for TikTok.... THIS IS CALLED TOOR GULL..13###,,https://www.tiktok.com/@toor.gull..13/video/7637839904117984520,8,1,5,42,,
7631690385735093526,khamphadalat,2026-05-11T22:15:45,1776891392,isoranod,45,Documentary for educational purposes only #roblox #dawlat #baqiyaah #muslim #islamic ,,https://www.tiktok.com/@isoranod/video/7631690385735093526,166,189,12,6071,,
7638122093883772173,khamphadalat,2026-05-11T22:15:45,1778388914,tkogrp,822700,"MIDDLEWEIGHT BATTLE UNTIL THE END 🏆 #UFC328 #ufc #mma #khamzat #seanstrickland 

LIVE NOW on @Paramount+ ",,https://www.tiktok.com/@tkogrp/video/7638122093883772173,60400,1457,458,2100000,,
7612352325587389703,khamphadalat,2026-05-11T22:15:45,1772388899,mowahid31,1474,"#video_tiktok #video_islamic #videoviral 

#dawlahislam #dawlahtulislamiyyah ",,https://www.tiktok.com/@mowahid31/video/7612352325587389703,1082,315,15,40600,,
7638550917339532545,khamphadalat,2026-05-11T22:15:45,1778488785,thienamtinh15,1207,Trải nghiệm mọi cấp độ khác nhau của băng đảng đường phố sẽ như thế nào? #thienamtinh,,https://www.tiktok.com/@thienamtinh15/video/7638550917339532545,40,0,0,498,,
7635801821327428884,khamphadalat,2026-05-11T22:15:45,1777899600,zyzi.mmx,28000,Khamzat Origins #khamzatchimaev #khamzat #chimaev #ufc #ufcedit,,https://www.tiktok.com/@zyzi.mmx/video/7635801821327428884,132200,6500,1294,1600000,,
7556230040837524743,khamphadalat,2026-05-11T22:15:45,1759321908,videocall.20mint,2025,#sarvice #video #call #foryoupage #foryoupage ,,https://www.tiktok.com/@videocall.20mint/video/7556230040837524743,675,39,96,29400,,
7637210755451948302,khamphadalat,2026-05-11T22:15:45,1778176710,spoilrroom,1069,"KHAMZAT IS GOING TO SMESH 🐺

Sean Strickland’s latest grappling footage is... concerning 📉 

If he’s struggling with takedowns now, what happens when he steps into the Octagon with Khamzat Chimaev? 🥋😳

#UFC #UFC328 #KhamzatChimaev #SeanStrickland #MMA ",,https://www.tiktok.com/@spoilrroom/video/7637210755451948302,450,47,36,52700,,
7620190556190182669,khamphadalat,2026-05-11T22:15:45,1774213903,monofutzz,5310,Song too peak bro @KhanAsadi  #khanasadi #youtuber #peak #fyp #foryoupage ,,https://www.tiktok.com/@monofutzz/video/7620190556190182669,16600,730,320,134400,,
7637269082236046606,khamphadalat,2026-05-11T22:15:45,1778190289,mma.council,42500,Way too crazy #mmacouncil #seanstrickland #ufc328 #khamzatchimaev @Kalshi ,,https://www.tiktok.com/@mma.council/video/7637269082236046606,35700,1252,793,424200,,
7637225308898266386,khamphadalat,2026-05-11T22:15:45,1778180091,abucage4,8486,🐺 #khamzatchimaev #seanstrickland #ufc328 #ufcedit #fyp ,,https://www.tiktok.com/@abucage4/video/7637225308898266386,268400,16400,1916,2300000,,
7637288897906527510,khamphadalat,2026-05-11T22:15:45,1778194910,sport3234423,87,#ufc #ffyp #khamzat #ufc328 ,,https://www.tiktok.com/@sport3234423/video/7637288897906527510,22200,6462,167,357300,,
7627564185802575111,khamphadalat,2026-05-11T22:15:45,1775930684,bujjipspk1,21600,#kamsahamnida from #koreankanakaraju Was Beautiful Melody From #thaman#varuntej #bujji❤️pspk ,,https://www.tiktok.com/@bujjipspk1/video/7627564185802575111,644,50,8,13500,,
7634910609410116886,khamphadalat,2026-05-11T22:15:45,1777641157,kombat.iq,38900,🐺Khamzat Responds to Strickland’s Threats😤#ufc #mma #khamzatchimaev #fyp #fyf ,,https://www.tiktok.com/@kombat.iq/video/7634910609410116886,19000,1017,209,447300,,
7478842715325713669,khamphadalat,2026-05-11T22:15:45,1741303768,joylegromero,94600,"Qimmah for Women Lattafa  disponible en @Noble|Perfumeria Original✅ 
#perfumesrecomendadosparamujer
#recomendaciondeperfumes
#perfumestiktok #perfumesparamujer
#perfumescolombia #perfumesparamujer
#lattafaperfume #mayarlattafa
#mayarlattafaperfume #perfumesarabes
#primerasimpresiones",,https://www.tiktok.com/@joylegromero/video/7478842715325713669,595,173,19,64300,,
7357836186070584584,khamphadalat,2026-05-11T22:15:45,1713129750,hashim.polad,2117,#پشتون_تاجیک_هزاره_ازبک_زنده_باد🇦🇫 #faryoupage #Eid #مبارک❤❤❤❤ @Kamran___Zaland🙈 ,,https://www.tiktok.com/@hashim.polad/video/7357836186070584584,156,2,46,1173,,
7462294608110718238,khamphadalat,2026-05-11T22:15:45,1737450971,kaledatma2,120,#CapCut ,,https://www.tiktok.com/@kaledatma2/video/7462294608110718238,15,0,0,468,,
7628345697363840276,khamphadalat,2026-05-11T22:15:45,1776112653,definitelytai,692400,Three Khamrahs ranked. They are not created equal. #fragrance #cologne #perfume,,https://www.tiktok.com/@definitelytai/video/7628345697363840276,19400,815,128,274500,,
7334013348293414145,khamphadalat,2026-05-11T22:15:45,1707583057,adalatkhanyousafxai,2647,#Trand #foryoupageofficiall ,,https://www.tiktok.com/@adalatkhanyousafxai/video/7334013348293414145,1787,3,62,18500,,
7634597645373148437,khamphadalat,2026-05-11T22:15:45,1777568288,danikmma_,1200000,"He wins the fight in the first seconds😳
#khamzatchimaev #mma #ufc #edit #mmaedit ",,https://www.tiktok.com/@danikmma_/video/7634597645373148437,33300,1345,198,576200,,
7469275374556335361,khamphadalat,2026-05-11T22:15:45,1739076223,inamafridi878,2834,Dalta chm pa chm khkola#fyp #fyp #fyp #fyp #fyp #fyp ##fyp #fyp #fyp #fyp ##fyp #fyp #fyp #fyp #fyp #fyp #fyp #fyp #fyp #fyp ,,https://www.tiktok.com/@inamafridi878/video/7469275374556335361,113,0,27,252,,
7609945477231971592,dalatfoodtour,2026-05-11T22:15:58,1771851600,minhzu_,5593,Foodtour đồ ăn Đà Lạt 2026 thuiiii #dalatangi #dalat ,,https://www.tiktok.com/@minhzu_/video/7609945477231971592,10800,3197,45,218200,,
7588912796696333589,dalatfoodtour,2026-05-11T22:15:58,1766931456,tebefood,548000,Food tour Đà Lạt 24h toàn các tiệm take away ngon như canele dốc Phan Bội Châu #tebefood #HappyVietNam #vtmgr #AnCungTikTok #LearnOnTikTok ,,https://www.tiktok.com/@tebefood/video/7588912796696333589,16800,5565,70,382000,,
7577402384729591060,dalatfoodtour,2026-05-11T22:15:58,1764251479,tebefood,548000,Food tour 24h ăn gì ở Đà Lạt tập 3 #LearnOnTikTok #AnCungTikTok #vtmgr #tebefood #HappyVietNam ,,https://www.tiktok.com/@tebefood/video/7577402384729591060,1019,916,14,107700,,
7379913588686802177,dalatfoodtour,2026-05-11T22:15:58,1718270037,pika_laca,56500,#foodtour ăn sập 12 quán tại Đà Lạt ! #pikalaca #travelblogger #foodreviewer ,,https://www.tiktok.com/@pika_laca/video/7379913588686802177,20200,7598,392,1000000,,
7536175474695900424,dalatfoodtour,2026-05-11T22:15:58,1754652589,vinhthichanngon,2000000,Foodtour Đà Lạt ăn gì!? 🤗🇻🇳 #LearnOnTikTok #VinhThichAnNgon ,,https://www.tiktok.com/@vinhthichanngon/video/7536175474695900424,29600,6632,229,630100,,
7586320505624431893,dalatfoodtour,2026-05-11T22:15:58,1766327892,tebefood,548000,Tiếp tục food tour Đà Lạt 24h phần 5: toàn quán ngon yêu thích của tui #HappyVietNam #tebefood #AnCungTikTok #vtmgr #LearnOnTikTok ,,https://www.tiktok.com/@tebefood/video/7586320505624431893,736,1225,5,110600,,
7344184070231821589,dalatfoodtour,2026-05-11T22:15:58,1709951116,dalatangi.1phutdalat,7193,Đến Đà Lạt phải làm 1 chuyến food tour mới trọn vẹn #dalatangi #dulichdalat #reviewdalat #anchoidalat #didalatko ,,https://www.tiktok.com/@dalatangi.1phutdalat/video/7344184070231821589,4856,2496,139,555200,,
7239683381800226053,dalatfoodtour,2026-05-11T22:15:58,1685620144,chang_shu_go,1900000,Food tour ĐL tập 1: ăn gì buổi sáng #TryItWithTikTok #foodfestontiktok #ancungtiktok #learnontiktok #changshugo #dalat ,,https://www.tiktok.com/@chang_shu_go/video/7239683381800226053,86600,8986,710,2300000,,
7629931038147415317,dalatfoodtour,2026-05-11T22:15:58,1776481761,lizielamgi,312,"Anh lên phần 2 rồi nè các vợ ơi, anh quyết tâm ăn sập đà lạt nên vid này hơi dài các vợ ráng xem nhé mãi iuu 🧏🏻‍♀️💕 #dalat #foodtour #vlogdalat #hiddenland #dalatangi ",,https://www.tiktok.com/@lizielamgi/video/7629931038147415317,4645,1041,70,117000,,
7591535845794925845,dalatfoodtour,2026-05-11T22:15:58,1767542184,hukha.foodaholic,436700,Mukbang Đà Lạt để kết thúc năm #hukhafoodaholic #vtmgr #learnontiktok #ancungtiktok ,,https://www.tiktok.com/@hukha.foodaholic/video/7591535845794925845,19400,4687,84,350400,,
7637861847391063317,dalatfoodtour,2026-05-11T22:15:58,1778328294,bbaekim,671,"Food tour 24h ở Đà Lạt cùng tụi mình nhaaa 🥕🌳 
#dalatreview #đàlạt #banhuotlongga  #creatorsearchinsights ",,https://www.tiktok.com/@bbaekim/video/7637861847391063317,767,147,27,20400,,
7638467160670588167,dalatfoodtour,2026-05-11T22:15:58,1778469232,nhienthichdi,68900,Thủ thách du lịch & foodtour Đà Lạt chỉ với 500🌿 #nhienthichdi #CanonVietnam #CanonTravel #EOSR50V #dalat ,,https://www.tiktok.com/@nhienthichdi/video/7638467160670588167,62,8,0,1475,,
7435673571856321809,dalatfoodtour,2026-05-11T22:15:58,1731252679,papyayy,19100,Người Đà Lạt đi du lịch Đà Lạt cũng cũng #dalat #foodtourdalat #dalatangi #dalatfood ,,https://www.tiktok.com/@papyayy/video/7435673571856321809,97600,25000,802,1800000,,
7623658340194831646,dalatfoodtour,2026-05-11T22:15:58,1775021296,jennyyyduong,17100,Food tour Dalat♥️ còn món nào mà Jenny nên ăn khi tới Dalat nữa ko mn? #cuocsongthuongngay #vietnamese #nguoivietomy #dulichvietnam #dalat ,,https://www.tiktok.com/@jennyyyduong/video/7623658340194831646,119,12,3,2984,,
7633442808459726087,dalatfoodtour,2026-05-11T22:15:58,1777299406,latdaiudalat,141,"😚🫰🏻 FOODTOUR DALAT ĂN GÌ NGON?
Tham khảo cho dịp 30/4 này nha <3
#dalat #dalatangi #foodtourdalat #dalatreview ",,https://www.tiktok.com/@latdaiudalat/video/7633442808459726087,35,12,1,2255,,
7578515080245939464,dalatfoodtour,2026-05-11T22:15:58,1764510547,nuchuu.0401,751600,Food tour 1 ngày ở Đà Lạt thì ăn gì #nuchuu #LearnOnTikTok #vtmgr #AnCungTikTok #ReviewAnNgon ,,https://www.tiktok.com/@nuchuu.0401/video/7578515080245939464,1919,141,21,51000,,
7637063256539925781,dalatfoodtour,2026-05-11T22:15:58,1778142360,lamphoinhu,1404,"foodtour đà lạt phiên bản 33p đã có trên ziutube 
.
.
:
#dalat #đàlạt #dalattrip #dalatcoffee #dalathomestay ",,https://www.tiktok.com/@lamphoinhu/video/7637063256539925781,28,2,0,320,,
7607054249423326484,dalatfoodtour,2026-05-11T22:15:58,1771155344,anngonnoithang_,27500,Foodtour Đà Lạt ngắm hoa mai anh đào được người bản địa dẫn đi siêu đã @redBus Việt Nam ?! #Anngonnoithang #AnCungTikTok #LearnOnTikTok #vtmgr #dicungredbus ,,https://www.tiktok.com/@anngonnoithang_/video/7607054249423326484,624,9,10,8950,,
7522794643411537160,dalatfoodtour,2026-05-11T22:15:58,1751537122,papyayy,19100,Ăn lần là dính luôn🥢 #laumuclae #dalat #dalatangi #foodtourdalat ,,https://www.tiktok.com/@papyayy/video/7522794643411537160,90,46,4,5506,,
7569432696993156372,dalatfoodtour,2026-05-11T22:15:58,1762395895,canquetsaigon,1400000,"Foodtour càn quét Đà Lạt phần 2 - tổng hợp các quán siêu ngon, mấy pà nhớ lưu lại cho chuyến du lịch sắp tới nha #xuhuong #canquetsaigon #ancungtiktok #canquetdalat ",,https://www.tiktok.com/@canquetsaigon/video/7569432696993156372,6318,1248,46,192600,,
7528283900544634130,dalatfoodtour,2026-05-11T22:15:58,1752815191,dundunvivu,524500,Foodtour Đà Lạt 4N3Đ part 2 ở đâu ăn gì taaa #learnontiktok #travel #dalat #boxstudio #ancungtiktok ,,https://www.tiktok.com/@dundunvivu/video/7528283900544634130,7560,1050,35,143100,,
7595792586112093448,dalatfoodtour,2026-05-11T22:15:58,1768533284,lacaphee,33400,Có ai luỵ Đà Lạt vì mê foodtour giống tuii hemm 🤤🤤 #dalat #lacaphee #dalatangi #ganuongmuoiot ,,https://www.tiktok.com/@lacaphee/video/7595792586112093448,7310,5977,74,225300,,
7632339001457904917,dalatfoodtour,2026-05-11T22:15:58,1777042410,phunglai2222,3600000,Foodtour Dalat cùng a nha các vợ :)) a canh 10h đêm đăng cho các vợ thèm chơi 😌 #phunglai ,,https://www.tiktok.com/@phunglai2222/video/7632339001457904917,17600,5186,96,393000,,
7188025046114372890,dalatfoodtour,2026-05-11T22:15:58,1673592504,nhienthichan,87800,"Tết du lịch Đà Lạt ăn gì? Food tour 3 ngày 3 đêm ở Đà Lạt.
#TetMaiMan #nhienthichan #ReviewAnNgon #AnCungTikTok #storytelling #dalat #foodtour ",,https://www.tiktok.com/@nhienthichan/video/7188025046114372890,47000,6692,556,990700,,
7603970364657421586,dalatfoodtour,2026-05-11T22:15:58,1770437319,longquandui,139400,Thấy ai cũng check-in Đà Lạt mùa này mà tiếc là hỏng được đi huhu #longquandui #dalat #foodtour #viral #homestay ,,https://www.tiktok.com/@longquandui/video/7603970364657421586,54,10,1,4337,,
7608918492166786324,dalatfoodtour,2026-05-11T22:15:58,1771589399,chanhaydi_,21800,"List địa điểm ăn uống cho mí bà du xuân Đà Lạt đầu năm
#TetGiuLua #chanhaydi #dalatangi #foodtourdalat ",,https://www.tiktok.com/@chanhaydi_/video/7608918492166786324,93,23,3,4593,,
7601839891789532437,cafedalat,2026-05-11T22:15:59,1769941284,review.lt7,10600,"☁️ Cafe săn mây Đà Lạt — ngồi một chỗ cũng thấy trời chạm đất.
Chỉ cần cà phê nóng và một buổi sáng sớm, mây đã phủ kín cả thung lũng.
✨ Đà Lạt đẹp nhất khi còn ngái ngủ. #review #dalat #xuhuong #xuhuongtiktok #viral ",,https://www.tiktok.com/@review.lt7/video/7601839891789532437,12600,6679,225,516500,,
7603894719248076053,cafedalat,2026-05-11T22:15:59,1770419708,review.lt7,10600,"🎶 5 quán cafe acoustic Đà Lạt cho buổi tối thật chill — nhạc mộc mạc, không gian ấm áp, ngồi nghe là quên luôn thời gian trôi.
Lên Đà Lạt nhớ ghé một quán để thả cảm xúc theo từng giai điệu nhé ☕🎧 #review #dalat #xuhuong #xuhuongtiktok #viral ",,https://www.tiktok.com/@review.lt7/video/7603894719248076053,1186,902,28,105100,,
7638152328788446484,cafedalat,2026-05-11T22:15:59,1778395932,tiemcaphedocthi,92300,Dốc thị hiện tại k còn hoa cúc hoạ mi nữa nha 🥰🥰 #dalat #docthidalat #cafeviewdep #cafedalat #cafechill ,,https://www.tiktok.com/@tiemcaphedocthi/video/7638152328788446484,38,9,8,3572,,
7638114669621726484,cafedalat,2026-05-11T22:15:59,1778387160,dory.tindy,338,"Nay tụi tui ghé thử tiệm cafe chuyên về coldbrew ở Đà lạt có đồ ăn decor nước siêu dễ thương, như khu rừng mini vậy á. Tiệm này đi dating hay đi checkin với hội chị em cũng cũng ha. Gói Ghém - Cafe và quà tặng, Bùi Thị Xuân Đà Lạt #dalat #foodreview #dorytindy #cafedalatngon #review ",,https://www.tiktok.com/@dory.tindy/video/7638114669621726484,2570,2704,66,115600,,
7497803212053941511,cafedalat,2026-05-11T22:15:59,1745718357,lacaphee,33400,Quán này có thiệc luôn hả Đà Lạt ơii 🥺 #dalat #lacaphee #dulichdalat #dalatdidau #cafe #coffee #cafedalat #diadiemhenho #dalatview ,,https://www.tiktok.com/@lacaphee/video/7497803212053941511,114600,39500,1866,2200000,,
7625605841801989397,cafedalat,2026-05-11T22:15:59,1775474722,review.lt7,10600,Tiếp theo là 5 Quán Cafe Săn Mây Đẹp Nhất Đà Lạt P2 cho các tín đồ đam mê Đà Lạt. #xuhuong #xuhuongtiktok #viral #viralvideo #review ,,https://www.tiktok.com/@review.lt7/video/7625605841801989397,4809,2574,42,169000,,
7611539986638327048,cafedalat,2026-05-11T22:15:59,1772199761,mimiofficial955,16500,Ghẹo cô Long khum nổi rồi... còn bị cô Long ghẹo lại 🥲 - còn P2 #mimiofficial #dicungmimi #dalat #happyhilldalat #cafedalat ,,https://www.tiktok.com/@mimiofficial955/video/7611539986638327048,48200,1123,265,1900000,,
7583993449930624276,cafedalat,2026-05-11T22:15:59,1765786086,vietnammoment.official,44300,"This cafe feels like a heaven, with blooming gardens and a fairytale vibe. Don’t miss it when you’re in Da Lat.

📍Mien Du Muc coffee, Da Lat, Vietnam.

👉🏻 Follow us @vietnammoment for more travel inspiration and wanderlust-inducing moments! 🌟🌍
________________
#cafe #dalat #vietnamtravel #vietnam ",,https://www.tiktok.com/@vietnammoment.official/video/7583993449930624276,9972,6714,71,365900,,
7588448993714228481,cafedalat,2026-05-11T22:15:59,1766823626,hongphuonghoteldalat42,175800,Đà Lạt cà phê happy hill thần tiên tỉ tỉ 27/12 hồng mến chúc cả nhà buổi trưa ngày cuối tuần vui vẻ#dalat #thinnhhanhtiktokh #xuhuongtiktok #hongphuonghoteldalat #dalat ,,https://www.tiktok.com/@hongphuonghoteldalat42/video/7588448993714228481,10300,478,104,364300,,
7461468993396706567,cafedalat,2026-05-11T22:15:59,1737258634,bolonton_,51900,"Vượt 275km từ Thủ Đức lên Đà Lạt chỉ để tận hưởng không gian cafe mới với không khí se lạnh iu thíchhh 🤎🍂 
#bolonton #cafe #dalat #chuyencuamo #cafedalat #xh #fyp #reviewcafe ",,https://www.tiktok.com/@bolonton_/video/7461468993396706567,32600,11700,630,1000000,,
7333087546748030215,cafedalat,2026-05-11T22:15:59,1707367501,dichoimoingay,221900,Quán cafe tone đen siêu xịn sò mà bạn phải thử khi đến Đà Lạt🖤 #cafe #reviewcafe #rainycafe #dalat #reviewdalat #dulichdalat #dalattrip #dichoimoingay ,,https://www.tiktok.com/@dichoimoingay/video/7333087546748030215,20600,5344,549,783600,,
7632984252665122066,cafedalat,2026-05-11T22:15:59,1777192641,lulureview_,336100,Lần nào lên Đà Lạt cũng ghé Chuyện Của Mơ. Mỗi lần lên là mỗi lần đổi concept mới. Quá đỉnh. #cafedalat #dalatdidau #chuyencuamo #lulureview ,,https://www.tiktok.com/@lulureview_/video/7632984252665122066,374,510,52,36000,,
7634755846488050964,cafedalat,2026-05-11T22:15:59,1777605129,thaodimuonnoi,14600,"Ngắm suối ún trà, tiệm trà mới mở cực chill ở ĐÀ LẠT #thaodimuonnoi #dalat #cafedalat ",,https://www.tiktok.com/@thaodimuonnoi/video/7634755846488050964,28300,13300,168,461200,,
7460022268970831112,cafedalat,2026-05-11T22:15:59,1736921791,huongnoilamphim,106000,Quán cafe mới toanh tại Đà Lạt. Ngôi nhà gỗ giữa rừng thông cực thơ mộng #dalat #chuyencuamo #reviewcafe #cafedalat #xuhuong #huongnoilamphim ,,https://www.tiktok.com/@huongnoilamphim/video/7460022268970831112,3938,2508,152,211600,,
7628542421235666196,cafedalat,2026-05-11T22:15:59,1776158452,bossnews.official,440300,"Kiếm tiền gặp kiếm chuyện: Quán cafe Cô Long trên Đà Lạt bất ngờ bị nam du khách bóc phốt khinh người, bán 110 k cho một ly nước nhưng khách gọi thì làm lơ. CĐM đang nghi ngờ khách hàng này do quán bên cạnh thuê tới để phá quán #cafedalat #dalat #colongdalat #trending #bossnews ",,https://www.tiktok.com/@bossnews.official/video/7628542421235666196,15100,672,380,756200,,
7625439166242802958,cafedalat,2026-05-11T22:15:59,1775435934,jacobj_lars,32800,Amazing views in da lat Vietnam. My favorite coffee shops,,https://www.tiktok.com/@jacobj_lars/video/7625439166242802958,175,3,12,9561,,
7634451004020444423,cafedalat,2026-05-11T22:15:59,1777534147,vuongtong_1,1587,Bạn thấy 155ca có xứng đáng với cái view này không ?? #xuhuongtiktok #dalat #reviewcafe #cafedalat #solenadalat ,,https://www.tiktok.com/@vuongtong_1/video/7634451004020444423,17800,7546,163,336400,,
7584439008688688405,cafedalat,2026-05-11T22:15:59,1765889840,phuongxedich.espc.com.vn,2886,"Quán cà phê Đà Lạt hot rần rần vì cô chủ quán hoá thân thành ""tiên nữ phim kiếm hiệp"" #phuongxedich #esperantotur #news #dalat #coffee ",,https://www.tiktok.com/@phuongxedich.espc.com.vn/video/7584439008688688405,12300,720,105,383700,,
7474114773529939220,cafedalat,2026-05-11T22:15:59,1740202967,dichoimoingay,221900,"Ngay trung tâm, Hồ Xuân Hương Đà Lạt mà có quán xịn cỡ này nè🖤 #cafe #reviewcafe #dalat #dalattrip #reviewdalat #dichoimoingay ",,https://www.tiktok.com/@dichoimoingay/video/7474114773529939220,34100,17500,755,1500000,,
7634891180282629383,cafedalat,2026-05-11T22:15:59,1777636634,quyen_baobei,191100,"Mỗi lần ghé lại Chuyện của mơ✨✨
Là quán lại có thêm nhiều góc checkin mới . Đi hoài mà không chán luôn 🥰🥰#chuyencuamo #cafedalat #dalat #cafedalatchill #xuhuong ",,https://www.tiktok.com/@quyen_baobei/video/7634891180282629383,10400,1709,87,141000,,
7374265816323198226,cafedalat,2026-05-11T22:15:59,1716955061,dichoimoingay,221900,Muốn săn mây Đà Lạt thì ghé thử cafe này nha⛅️ #dalat #cafe #sanmay #dulichdalat #dalattrip #reviewdalat ,,https://www.tiktok.com/@dichoimoingay/video/7374265816323198226,103600,38100,2377,4800000,,
7616772894135242004,cafedalat,2026-05-11T22:15:59,1773418144,hanh.bupb,20600,"Vị dương hoá thứ ""8 ngàn 9 trăm lẻ 5"" lại đến tìm Cô Long Happy Hill  

 #happyhillcoffe
 #happyhilldalat
 #dulich
 #cafecolong 
 #checkindalat",,https://www.tiktok.com/@hanh.bupb/video/7616772894135242004,30300,932,226,1200000,,
7632998640662990087,cafedalat,2026-05-11T22:15:59,1777195994,bananzidong,315100,Tiệm cà phê ở Đà Lạt có gốc checkin mới. ,,https://www.tiktok.com/@bananzidong/video/7632998640662990087,13700,4076,119,323100,,
7483496164009069831,anvatdalat,2026-05-11T22:16:14,1742387234,didalatcungtruc,207700,Tiệm ăn vặt Ying Đà Lạt #anvatdalat #dalatreview #reviewdalat #isbtalents #didalatcungtruc #reviewanngon #monngondalat #ancungtiktok ,,https://www.tiktok.com/@didalatcungtruc/video/7483496164009069831,2198,1503,40,130100,,
7606909036549688597,anvatdalat,2026-05-11T22:16:14,1771121539,didalatcungtruc,207700,Ăn vặt khoai siêu dài và kem siêu sầu ở khu chợ mới Đà Lạt #anvatdalat #didalatcungtruc #isbtalents #reviewdalat #dalatreview ,,https://www.tiktok.com/@didalatcungtruc/video/7606909036549688597,21400,14200,151,534200,,
7458203993559371026,anvatdalat,2026-05-11T22:16:14,1736498442,didalatcungtruc,207700,Bánh tráng nướng full topping và không gian chill ở Đà Lạt #banhtrangnuongdalat #anvatdalat #reviewdalat #dalatreview #isbtalents #didalatcungtruc #ancungtiktok #monngondalat #reviewanngon ,,https://www.tiktok.com/@didalatcungtruc/video/7458203993559371026,5429,4014,208,319100,,
7619208243419548948,anvatdalat,2026-05-11T22:16:14,1773985168,vanniedidau,856300,+1 quán gà rán kiểu Hàn ngon ở Đà Lạt #vanniedidau #chanschicken #dalatreview #anvatdalat ,,https://www.tiktok.com/@vanniedidau/video/7619208243419548948,14300,4136,114,392400,,
7603237047783918868,anvatdalat,2026-05-11T22:16:14,1770266585,tiembanhtrangnhin,1926,+1 chỗ ăn khô boà nướng và đủ thứ món ăn vặt khuya cho mấy bà thích ăn đêm nha 🤤🤤. Tối Đà Lạt lạnh lạnh mà ra đây ăn miếngg khô bò thêm ly sữa đậu nành thì nói gì nữa #tiembanhtrangnhinho #khobonuong #reviewdalat #dalatangi #anvatdalat ,,https://www.tiktok.com/@tiembanhtrangnhin/video/7603237047783918868,22800,16500,224,683600,,
7636699723016965393,anvatdalat,2026-05-11T22:16:14,1778057749,m.thch.i,976,"Quán ăn vặt học sinh, sinh viên Đà Lạt gấc iuuuu #dalat #dungdangdungde #anvatdalat ",,https://www.tiktok.com/@m.thch.i/video/7636699723016965393,1762,1044,14,56700,,
7628547425275350279,anvatdalat,2026-05-11T22:16:14,1776161400,tranliendoanh_99,342700,Lâu lâu đi Đà Lạt đổi gu uống Sinh tố ăn vặt cũng hay… #anvauong #sinhto #sinhtodalat #anvatdalat #dalat ,,https://www.tiktok.com/@tranliendoanh_99/video/7628547425275350279,10700,882,150,205600,,
7568861863568608520,anvatdalat,2026-05-11T22:16:14,1762262983,pamidalat,1350,1 từ thôi VUÝPPPPPP#xuhuong #fyp #anvatdalat ##pami #dalat ,,https://www.tiktok.com/@pamidalat/video/7568861863568608520,8368,7432,123,347600,,
7270470478739950853,anvatdalat,2026-05-11T22:16:14,1692788325,trongtamdalat,199100,Tiệm ăn vặt lạ rẻ trung tâm Đà Lạt#Master2023byTikTok #dalat #dalatreview #ongboreviewdalat #reviewdalat #ancungtiktok #longervideos .,,https://www.tiktok.com/@trongtamdalat/video/7270470478739950853,5498,2084,189,391600,,
7618543330791623957,anvatdalat,2026-05-11T22:16:14,1773830355,didalatcungtruc,207700,Quán ăn vặt mở khuya ở Đà Lạt #anvatdalat #didalatcungtruc #ancungtiktok #reviewdalat #isbtalents  ,,https://www.tiktok.com/@didalatcungtruc/video/7618543330791623957,3040,2087,17,91300,,
7594045747868306708,anvatdalat,2026-05-11T22:16:14,1768126575,didalatcungtruc,207700,"Ăn Vặt Xù, tiệm ăn vặt ngon ở Đà Lạt #anvatdalat #isbtalents #didalatcungtruc #reviewdalat #dalatreview #anvatxu ",,https://www.tiktok.com/@didalatcungtruc/video/7594045747868306708,2740,2069,29,128300,,
7301177386958064904,anvatdalat,2026-05-11T22:16:14,1699937833,_dmylinh,62100,Lưu ngay toạ độ ăn vặt hàn quốc ngon - rẻ - nhiều tại Đà Lạt ngay thôi ✨ #dmylinh #dmylinhindalat #anvatdalat #reviewdalat #dalatfood #boxstudio ,,https://www.tiktok.com/@_dmylinh/video/7301177386958064904,7030,3773,201,431300,,
7485220055970565383,anvatdalat,2026-05-11T22:16:14,1742788610,dicunghaii,5706,"Ăn vặt tại khu Hoà Bình - Đà Lạt . 
#haireview #dicunghai #viral #xuhuong #dalat #nhatrangdalat #reviewdalat #chodalat #anvatdalat ",,https://www.tiktok.com/@dicunghaii/video/7485220055970565383,5895,2097,79,303900,,
7636228677591682325,anvatdalat,2026-05-11T22:16:14,1777948045,bep15do.dalat,311,"Bếp anh đã sẵn sàng, mấy vợ order nha ♨️ 10:00 - 21:00 
#monngondalat #nuisotxiumaiphomai #anvatdalat #dalatangi ",,https://www.tiktok.com/@bep15do.dalat/video/7636228677591682325,109,66,3,5956,,
7587357211525926164,anvatdalat,2026-05-11T22:16:14,1766569269,ngotdichoi,250,Chợ Đà Lạt có quán ăn vặt ngon mà siêu rẻ HSSV đã ai biết chưa taa #dalat #dalatangi #dalatdidau #xuhuong #fyp ,,https://www.tiktok.com/@ngotdichoi/video/7587357211525926164,1969,1386,15,88800,,
7583956254150659348,anvatdalat,2026-05-11T22:16:14,1765777429,didalatcungtruc,207700,"Tiệm ăn vặt ở Đà Lạt, có các món gà rán sốt ngon #anvatdalat #garandalat #isbtalents #didalatcungtruc #reviewdalat #ancungtiktok #monngondalat ",,https://www.tiktok.com/@didalatcungtruc/video/7583956254150659348,2939,2812,49,108800,,
7526544636089765127,anvatdalat,2026-05-11T22:16:14,1752410236,thienai.angidayta,6491,Tập 2: Bánh tráng nướng Đà Lạt 🥰 #fyp #xuhuong #trending #anvat #ancungtiktok #food #eating #mukbang #dalat #banhtrang ,,https://www.tiktok.com/@thienai.angidayta/video/7526544636089765127,24300,6278,174,670000,,
7476330398717365522,anvatdalat,2026-05-11T22:16:14,1740718823,onghoanganvat.dl,4184,món mới cả nhà ơi #reviewdoan #review #fyp #onghoanganvat #anvatxomtro #quantengi #ănvatdalat #doianvat #traveldalat #taphoaxomtro #xuhuong #foodtourdalat ,,https://www.tiktok.com/@onghoanganvat.dl/video/7476330398717365522,937,833,48,100500,,
7300857634893221138,anvatdalat,2026-05-11T22:16:14,1699863386,chuyen_cua_nu,42800,Quán ăn hạt siu hạt dẻ ngay trung tâm Đà Lạt #chuyencuanu #tiktoktravel #tiktokfood #dalatangingon #anvatdalat ,,https://www.tiktok.com/@chuyen_cua_nu/video/7300857634893221138,272,138,7,36700,,
7629552326524652818,anvatdalat,2026-05-11T22:16:14,1776393585,tiemtomidalat,709,"Ở Đà Lạt có quán ăn vặt này… rẻ tới mức tôi tưởng tính nhầm tiền 😳
Ai ăn rồi cho xin ý kiến thật đi? #dalatangi #ănvặt #dalatfood #anuong #xuhuong ",,https://www.tiktok.com/@tiemtomidalat/video/7629552326524652818,2537,1760,50,102000,,
7483871330417315090,anvatdalat,2026-05-11T22:16:14,1742474583,ghiendalat_official,263300,Ăn vặt buổi chiều Đà Lạt chỉ với 2.0🌿 @Thổ Địa Đà Lạt #ghiendalat #thodiadalat #dalat #ghienan #fyp ,,https://www.tiktok.com/@ghiendalat_official/video/7483871330417315090,9388,3216,83,318500,,
7604459946373139733,anvatdalat,2026-05-11T22:16:14,1770551311,vie.viee__,39100,"Chời ơi nó ngon, mà nay còn có CN2 rộng rãi để ghé ăn khỏi phải chờ nữa nhe 
#covytronodalat #dalatcuavy #reviewdalat #ancungtiktok #tiemmiyen ",,https://www.tiktok.com/@vie.viee__/video/7604459946373139733,2602,2969,54,146200,,
7493768481268124935,anvatdalat,2026-05-11T22:16:14,1744778942,tuila.thien,91700,"Có ai nhớ chỗ ăn vặt này ở Đà Lạt hemmm
---
Đà Lạt ăn sáng, ăn trưa, ăn tối, ăn gì?
#dalat #divoithien #tuilathien #adladl ",,https://www.tiktok.com/@tuila.thien/video/7493768481268124935,1456,1293,25,56400,,
7634147339921411349,anvatdalat,2026-05-11T22:16:14,1777463446,ldtmeow97,747,"Chiều chiều cái bụng buồn thiu, muốn cho vui vẻ ghé ngay Ú Ù đi cả nhà ơi 😘 #ănvatdalat #anvathottrend #anvatUUdalat #xuhuong #mukkbanganvat ",,https://www.tiktok.com/@ldtmeow97/video/7634147339921411349,241,228,16,13600,,
7450727606695120146,anvatdalat,2026-05-11T22:16:14,1734757712,longquandui,139400,Bánh nóng tại lò thơm ngon nè mí bà 🤤🤤 #longquandui #ancungtiktok #learnontiktok #anvat #xuhuong #reviewanngon #riviu #ngon #caneles #dalat #banhnuong ,,https://www.tiktok.com/@longquandui/video/7450727606695120146,31400,11800,326,912800,,
7495462756884253960,anvatdalat,2026-05-11T22:16:14,1745173423,beohayanvat,70200,Đà Lạt khuya ăn gì #food #ancungtiktok #viral #fyp #reviewanngon #beohayanvat #reviewdalat #dalat ,,https://www.tiktok.com/@beohayanvat/video/7495462756884253960,10900,5392,114,380400,,
7502044706860322056,anvatdalat,2026-05-11T22:16:14,1746705901,cho.phien.dalat,7590,Siêu mẹt Tây Bắc đổ bộ Đà Lạt đây bà con ơiii #chophienquandalat #chophienquan #dalat #food #dalatangi #viral #xuhuong #amthuctaybac #reviewdalat ,,https://www.tiktok.com/@cho.phien.dalat/video/7502044706860322056,14200,3594,638,723300,,
7496802284366548231,anvatdalat,2026-05-11T22:16:14,1745485305,phuongtuyet2703,231200,"Nay tui mới hiện ra 1 quán ăn vặt lâu năm tại Đà Lạt giá rẻ mà ngon quá trời #AnVatChauChau
#AnVatDaLat
#MiCayDaLat
#TokbokkiNgon
#AnVatHocSinh
#FYP
#QuanNgonDaLat",,https://www.tiktok.com/@phuongtuyet2703/video/7496802284366548231,11700,417,161,228400,,
7568873570068106514,anvatdalat,2026-05-11T22:16:14,1762265708,xuchuyenanvatdalat,11,"Ăn lẹ đi bây, để nó nguội 🍱 #anvat #xuanvat #xuanvatdalat #anvatdalat ",,https://www.tiktok.com/@xuchuyenanvatdalat/video/7568873570068106514,5,2,2,1165,,
7598131469986319636,anvatdalat,2026-05-11T22:16:14,1769077848,didalatcungtruc,207700,"Chả C'ram CaNa ở Đà Lạt, mẹt cuốn ở Đà Lạt #charamdalat #isbtalents #dalatreview #didalatcungtruc #reviewdalat #ancungtiktok ",,https://www.tiktok.com/@didalatcungtruc/video/7598131469986319636,3177,3193,65,169900,,
7417303437462768904,quanngondalat,2026-05-11T22:16:16,1726975538,quanngondalat,5685,"📍Phở gà trộn, miến gà trộn Đà Lạt quán Nguyễn Gia 
———
Hợp khẩu vị quá chừng hà, vị sẽ thiên về trong miền Nam 1 xíu nha!
#quanngondalat #dalat #reviewdalat #dalatreview #xuhuong #photron #miengtron #miengatron #phogatron #anngon #dalattrip #dalatfood ",,https://www.tiktok.com/@quanngondalat/video/7417303437462768904,12200,9163,243,684500,,
7453779724666408200,quanngondalat,2026-05-11T22:16:16,1735468334,quanngondalat,5685,"Quán ăn trưa Đà Lạt ngon nè! 
Tổng hợp những quán ăn ngon Đà Lạt cho mí bà tham khảo khi đi Đà Lạt dịp sắp tới nhe
#dalat #anngondalat #quanngondalat #comgiadinh #comgiadinhdalat #dalatangi #dalatangingon #comtruadalat #antruadalat #quanandalat ",,https://www.tiktok.com/@quanngondalat/video/7453779724666408200,381,159,19,106300,,
7450784933536075016,quanngondalat,2026-05-11T22:16:16,1734771056,lemlem1602,125100,Ai đi Đà Lạt tìm quán ăn tối thì tham khảo nhé. #lemhayanvat #review #mukbang #food #quanngondalat #anngondalat #dalat #thanh68 #quananngondalat ,,https://www.tiktok.com/@lemlem1602/video/7450784933536075016,4068,2644,129,208300,,
7538686062986628359,quanngondalat,2026-05-11T22:16:16,1755237133,quannuongbandon,7270,"✅ QUÁN BẢN ĐÔN ĐÀ LẠT - THỊT NƯỚNG & CÁC MÓN TÂY NGUYÊN 
#quanbandondalat #dalatreview #dalat 
#quanngondalat #quananngon ",,https://www.tiktok.com/@quannuongbandon/video/7538686062986628359,7068,613,110,480600,,
7520438208484691220,quanngondalat,2026-05-11T22:16:16,1750988481,quanngondalat,5685,"Top 5 Quán nướng ngon Đà Lạt phải thử khi đến Đà Lạt cho mí bà tham khảo nò…
Đồ nướng ở những quán nướng Đà Lạt là số zách #quannuongdalat #quannuong #quannuongngondalat #quanandalat #quanngondalat #ganuongcomlamdalat #ganuongcomlam #comnieudalat #quanandalat #dalatreview #lichtrinhdalat #dalat #nowrestaurantdalat #tiemnuongmaudich #quannuongmaudich ",,https://www.tiktok.com/@quanngondalat/video/7520438208484691220,901,468,30,135400,,
7633794291860573458,quanngondalat,2026-05-11T22:16:16,1777381245,dalatngaytrove,44,Theo chân anh đi ăn cơm nhé các tình yêu hẹ hẹ #mamcomnho #dalat #fyp #dulich #quanngondalat @mamcomnhodalat ,,https://www.tiktok.com/@dalatngaytrove/video/7633794291860573458,35,14,4,3759,,
7467049267362843922,quanngondalat,2026-05-11T22:16:16,1738557895,anchoicungthu,330300,Đà Lạt ăn gì ????? #dalatangi #laubodalat #anngondalat #quanngondalat #laubonoidat ,,https://www.tiktok.com/@anchoicungthu/video/7467049267362843922,3323,40,9,57200,,
7530646978892533000,quanngondalat,2026-05-11T22:16:16,1753365388,quynguyen_11,307200,Lên Đà Lạt nhớ ghé quán ăn nha😀🤗#sendaBBQdalat #foodreview #quanngondalat #food #travel #xh #quynguyen_11 ,,https://www.tiktok.com/@quynguyen_11/video/7530646978892533000,2160,860,99,58500,,
7288289220672654610,quanngondalat,2026-05-11T22:16:16,1696937072,du_lich_dalat,242500,"Buổi Trưa Ở Đà Lạt Ăn Gì, Cơm Niêu Cháy Giòn Kho Quẹt Ngon Nhức Nách#thodandalad#dalat#reviewdalat#reviewdalat2023#quananngondalat#ancungtiktok#",,https://www.tiktok.com/@du_lich_dalat/video/7288289220672654610,6261,2947,172,667500,,
7568851130306841877,quanngondalat,2026-05-11T22:16:16,1762260486,tuinuonglavender,5651,"Decor không tốn phí mà còn dùng hoa tươi, không yêu cầu bill tối thiểu và bạn chỉ cần đặt trước 1-3 ngày để Túi kịp chuẩn bị nha 🌷 #tuinuonglavender #dalat #quannuongdalat #quananngondalat ",,https://www.tiktok.com/@tuinuonglavender/video/7568851130306841877,982,865,186,68800,,
7569128747845176597,quanngondalat,2026-05-11T22:16:16,1762325124,quanngondalat,5685,"Tiệm Gà Tuk Tuk - Quán nướng ngon Đà Lạt với không gian rộng view ngắm hoàng hôn tuyệt đỉnh!
#tiemgatuktuk #quannuongdalat #quanngondalat #dalatreview #dalat ",,https://www.tiktok.com/@quanngondalat/video/7569128747845176597,1321,1361,52,107500,,
7517411607996075272,quanngondalat,2026-05-11T22:16:16,1750283798,bdskiemnguyen,4817,#quanngondalat #quannuongdalat #dalatangi #dalatangi #quannhautredalat #anvatdalat #anuongdalat #nhaugiaiphong #nuonglau #quannhaungon #monnhaungondalat #quannhauganchodalat #anvatdalat #nhautredalat #anuongdalatvedem #quannhausoidongnhatdalat #nhautoidalat #nhaudem#,,https://www.tiktok.com/@bdskiemnguyen/video/7517411607996075272,1521,408,90,377200,,
7595948047490731271,quanngondalat,2026-05-11T22:16:16,1768569475,empethichdi,4110,Ẩm thực Đà Lạt chưa từng làm tui thất vọng 🫰🏻🫰🏻 #dalat #dalatangi #quananngondalat #dalatfood #dalatreviewcotam ,,https://www.tiktok.com/@empethichdi/video/7595948047490731271,37,8,2,1203,,
7585214291159043348,quanngondalat,2026-05-11T22:16:16,1766070332,dalatgocdua,2860,ăn mì quảng Moá Mi ơi 64 đường Vạn Hạnh nha #dalatfood #dalatreviewcotam #quanngondalat #angi #miquang ,,https://www.tiktok.com/@dalatgocdua/video/7585214291159043348,163,58,18,9691,,
7253234436026813702,quanngondalat,2026-05-11T22:16:16,1688775246,du_lich_dalat,242500,Quán Ăn Sáng Ngon Tại Đà Lạt#reviewdalat#thodandalad#dalatreview#dcgr🐰#quananngondalat#dicungthodan#,,https://www.tiktok.com/@du_lich_dalat/video/7253234436026813702,9931,1624,155,392200,,
7517389610708684050,quanngondalat,2026-05-11T22:16:16,1750278668,bdskiemnguyen,4817,#anuongdalatvedem #quanngondalat #nhaudemdalat #quannhauganchodalat #monnhaungondalat #quannhautredalat #quannhaungon #nuonglau #nhaugiaiphong #anuongdalat #anvatdalat #quannhautredalat#dalatangi#quannuongdalat#quanngondalat#,,https://www.tiktok.com/@bdskiemnguyen/video/7517389610708684050,448,98,33,74100,,
7606963392359730452,quanngondalat,2026-05-11T22:16:16,1771134192,quanngondalat,5685,"Quán cà phê Đà Lạt có nhiều món nước  đa dạng, vị trí gần trung tâm Đà Lạt
📍Mint Coffee & Tea
#caphedalat #mintcoffeeandtea #quanngondalat #reviewdalat #dulichdalat ",,https://www.tiktok.com/@quanngondalat/video/7606963392359730452,3901,1098,29,102600,,
7605486569851505940,quanngondalat,2026-05-11T22:16:16,1770790340,quanngondalat,5685,"Quán nướng view thung lũng đẹp “xỉu” ở Đà Lạt 🌄🔥
Vừa nướng BBQ nghi ngút khói, vừa ngắm mây trôi giữa thung lũng – đúng vibes Đà Lạt chill cuối tuần.

Không gian rộng, lên hình ăn ảnh, đi nhóm bạn hay couple đều hợp ✨

Ai đang tìm:
Quán nướng Đà Lạt view đẹp
Quán nướng view thung lũng Đà Lạt
Đồ nướng Đà Lạt buổi tối
Quán ăn tối Đà Lạt chill

→ Lưu lại để tối đi ăn khỏi phải tìm nữa nha 😉
📍Tiệm nướng trên mây📍
#quannuongdalat #reviewdalat #bbqdalat #quanngondalat #dulichdalat ",,https://www.tiktok.com/@quanngondalat/video/7605486569851505940,570,101,42,15400,,
7635884087303032071,quanngondalat,2026-05-11T22:16:16,1777867816,liemdalat,1200000,Quán ăn ngon ở Đà Lạt 😍 #liemdalat #reviewdalat #quananngondalat @Thuý Thuý ,,https://www.tiktok.com/@liemdalat/video/7635884087303032071,6184,308,51,303800,,
7517273785209294087,quanngondalat,2026-05-11T22:16:16,1750251697,bdskiemnguyen,4817,#nhaugiaiphong#nuonglau#quannhaungon#quannhautredalat#monnhaungondalat#quannhauganchodalat#nhaudemdalat#quanngondalat#anuongdalatvedem ,,https://www.tiktok.com/@bdskiemnguyen/video/7517273785209294087,2737,982,348,212600,,
7390592894941302033,quanngondalat,2026-05-11T22:16:16,1720756509,du_lich_dalat,242500,Quán Dê Của Người Địa Phương Ngon Bình Dân Mà Các Bạn Nên Biết Khi Lên Đà Lạt#thodandalad#dalat#dequay#quandengondalat#quande#nguyennamlien# ,,https://www.tiktok.com/@du_lich_dalat/video/7390592894941302033,1813,748,124,139800,,
7626312808166165781,quanngondalat,2026-05-11T22:16:16,1775639329,iiiiiu880,88,Quá tốn … #dalat #dalatangi #quanngondalat #dalatangingon @minh ,,https://www.tiktok.com/@iiiiiu880/video/7626312808166165781,11,3,3,351,,
7527166384569126164,quanngondalat,2026-05-11T22:16:16,1752555010,dalatreviewcotam,58000,Highly rcm lunnn #dalatreviewcotam #anchoidalat #dalatangi #quananngondalat #antoidalat #bbqdalat ,,https://www.tiktok.com/@dalatreviewcotam/video/7527166384569126164,1562,806,60,70600,,
7532857742118096148,quanngondalat,2026-05-11T22:16:16,1753880125,quanngondalat,5685,"Gợi ý món ở vặt ở Đà Lạt: Khoai lang nướng Caramel hot trend ở Đà Lạt của quán Khoai Lang Nướng
#khoailangnuong #quannuongdalat #anvatdalat #dalatreview #quananvatngon #quananvatdalat #quanandalat #quannuongngondalat #khoailangnuongcaramel #dalatreview #launuongdalat #quanngondalat #quananngondalat ",,https://www.tiktok.com/@quanngondalat/video/7532857742118096148,5853,3629,104,258800,,
7531261426149690645,quanngondalat,2026-05-11T22:16:16,1753508458,quanngondalat,5685,"Gợi ý quán cơm trưa ngon ở Đà Lạt: Cơm Gà A Kê là quán cơm gà ngon ở Đà Lạt gần trung tâm thành phố!
Gà ở đây dai, tươi không bị bở
#quanngondalat #anvatdalat #dalat #dalatreview #quancomdalat #comtruadalat #quananngondalat #lichtrinhdalat #comgaake #comtruadalat #comgadalat ",,https://www.tiktok.com/@quanngondalat/video/7531261426149690645,920,27,11,24000,,
7331334467623079170,quanngondalat,2026-05-11T22:16:16,1706959330,du_lich_dalat,242500,Quán Ăn Sáng Bình Dân Người Địa Phương Hay Ăn Ngay Trung Tâm Đà Lạt#thodandalad#review#dalat#reviewdalat#quananngondalat#ansangdalat#ansang# ,,https://www.tiktok.com/@du_lich_dalat/video/7331334467623079170,1643,159,17,130200,,
7543944082620501255,quanngondalat,2026-05-11T22:16:16,1756461360,si.tea.dalas,960,"Thất Tịch uống matcha dâu, chưa có bồ nhưng có mood!🍓🍵.                                            #matchalatte #matchadalat #quanngondalat #siteadalat #xh ",,https://www.tiktok.com/@si.tea.dalas/video/7543944082620501255,1015,542,26,48900,,
7444479761256156423,quanngondalat,2026-05-11T22:16:16,1733303019,quanngondalat,5685,"Tổng hợp các quán ngon Đà Lạt đáng đồng tiền!
#dalat #quanngondalat #dalatangi #dalatangingon #banhcandalat #banhtrangnuongdalat #quannuongdalat #chaohausua🦪 #chaohaudalat #chaohauhuynhvan #photron #mientron #dalatreview #reviewdalat ",,https://www.tiktok.com/@quanngondalat/video/7444479761256156423,6454,2883,160,202100,,
7607832563612388629,quanngondalat,2026-05-11T22:16:16,1771336562,quanngondalat,5685,"Quán cà phê Đà Lạt với không gian rộng có hoa cẩm tú cầu,quán cà phê view thung lũng có decor tết Nguyên Đán
📍Tiệm cà phê Nhà của Thông
#quancaphedalat #caphedalat #quancaphe #quancaphedalatviewdep #quanngondalat ",,https://www.tiktok.com/@quanngondalat/video/7607832563612388629,33,28,3,2074,,
7591148919766158609,quanngondalat,2026-05-11T22:16:16,1767452186,vinhthichanngon,2000000,List quán ăn Đà Lạt của Vĩnh 🇻🇳,,https://www.tiktok.com/@vinhthichanngon/video/7591148919766158609,48700,17500,438,1000000,,
7591455298607484181,homestaydalat,2026-05-11T22:16:31,1767523431,reviewhomestaydalat,6347,"📍Lưng Chừng Home - Chiếc home đón bình minh ngay tại phòng 🫨
#reviewhomestaydalat #homestayviewdepdalat #homestayviewdoithongdalat ",,https://www.tiktok.com/@reviewhomestaydalat/video/7591455298607484181,11400,6109,2593,557600,,
7349139757395479815,homestaydalat,2026-05-11T22:16:31,1711104977,ngoctran95_03,74200,"Homestay Đà Lạt xinh nhất mình từng ở. Vô cùng riêng tư, ấm áp, khép kín, bên ngoài còn có một quán cafe siêu xinh với view ngắm hoàng hôn và ăn bánh tráng nướng, được phục vụ bởi các bạn chó mèo cưng ơi là cưng #Tranoi #Tourguide #dalat #homestaydalat #tiemcafenhabenrung #cafedalat ",,https://www.tiktok.com/@ngoctran95_03/video/7349139757395479815,4960,1937,249,370600,,
7586326166785494290,homestaydalat,2026-05-11T22:16:31,1766329210,iamnot_kita,58100,"Chiếc homestay này đẹp ngoài sức tưởng tượng luôn rùi. 
#homestay #staycation #foryou #kitavlog #dalat ",,https://www.tiktok.com/@iamnot_kita/video/7586326166785494290,5643,2397,55,224700,,
7626742396323187988,homestaydalat,2026-05-11T22:16:31,1775739346,shundidau_,40300,"Đà Lạt có căn homestay này chill lắm ý 🧡
#dalat #homestaydalat #siahome #dalatreview #shundidau ",,https://www.tiktok.com/@shundidau_/video/7626742396323187988,3904,2026,230,270200,,
7574036754475404551,homestaydalat,2026-05-11T22:16:31,1763467859,dihetdalat,42900,Bỏ túi 4 homestay đáng ở khi đến Đà Lạt 🛁 #dihetdalat #dalat #reviewdalat #homestaydalat #checkindalat ,,https://www.tiktok.com/@dihetdalat/video/7574036754475404551,26800,16400,368,993600,,
7289289329157999874,homestaydalat,2026-05-11T22:16:31,1697169932,huyenanh.tn,207500,"Homestay Đà Lạt - nằm trong một thung lũng đồi núi nên rất là yên bình, có điều là khó đi một xíu do dốc cao. nhưng cực kì đáng để nghỉ ngơi nha.
📍Rongdalat
#huyenanhreview #vtvcab #dalat #homestaydalat ",,https://www.tiktok.com/@huyenanh.tn/video/7289289329157999874,11000,3487,122,582200,,
7510601356101569800,homestaydalat,2026-05-11T22:16:31,1748698150,anmienhomestay,9269,Đây rồi! Căn homestay Đà Lạt xinh vừa đủ túi xiền! #villadalat #viral #anmienhomestay #homestaydalat #xuhuong #homestay #dalat #viral_video ,,https://www.tiktok.com/@anmienhomestay/video/7510601356101569800,26800,2598,643,630900,,
7617854710699117842,homestaydalat,2026-05-11T22:16:31,1773670020,homenhaminh_dalat,716,"Búc home in bóc cho tụi mình nhaa <3

#homenhaminh #meedalat #homestaydalat #homestayviewdepdalat ",,https://www.tiktok.com/@homenhaminh_dalat/video/7617854710699117842,6886,3064,246,265800,,
7590765633806093575,homestaydalat,2026-05-11T22:16:31,1767362857,uttieu.homestaydalat,3634,"Homestay đẹp Săn Mây 8-10pax - View rừng bồn tắm... 
#homestaydalat #reviewhomestay #viewrungthong #homestaysanmay #viral ",,https://www.tiktok.com/@uttieu.homestaydalat/video/7590765633806093575,3930,2389,441,149800,,
7603376439445949716,homestaydalat,2026-05-11T22:16:31,1770299035,kunlogg,6536,"L’amant de Dalat, chiếc home mới tinh siêu gần chợ Đà Lạt ☁️
#dalat #homestay ",,https://www.tiktok.com/@kunlogg/video/7603376439445949716,2296,945,28,97000,,
7626351711346609428,homestaydalat,2026-05-11T22:16:31,1775648386,nhanphepha,111100,Home dạng nhà nguyên căn ở Đà Lạt cho bạn nào cần nà #dalat #nhanphepha #homestaydalat #chill ,,https://www.tiktok.com/@nhanphepha/video/7626351711346609428,2471,1050,128,87900,,
7388387572537396496,homestaydalat,2026-05-11T22:16:31,1720243043,tructruc.wolfhouse,34500,"🔥HOME ĐÀ LẠT 2 PN DÀNH CHO 6-8 KHÁCH🔥
📍 Home có 2 phòng ngủ đôi, 1 Wc
📍 Sân vườn rộng đẹp
📍 View cực xịn
📍 Hơi xa trung tâm xíu nha. Có xe thì ok ạ
📍Phù hợp nghỉ dưỡng
#dalat 
#homestaydalat #tructrucwolfhouse #truchomestayvilladalat #travel #villadalat #reviewdalat ",,https://www.tiktok.com/@tructruc.wolfhouse/video/7388387572537396496,16800,5621,2187,980900,,
7629665903788969224,homestaydalat,2026-05-11T22:16:31,1776420027,dalatanyenvilla,8436,"Điều các hay bạn hỏi, nhưng các bạn vẫn quên điều này....
#homestay #homestayviewdep #homestaydalatviewdep #dalat #dalatvilla 
🌲 Cách chợ Đà Lạt 2 km
🌲 Hồ Xuân Hương 2 km
🌲 Quảng Trường Lâm Viên 2 km
IB sẽ có đầy đủ thông tin ạ. ",,https://www.tiktok.com/@dalatanyenvilla/video/7629665903788969224,4753,2157,200,206700,,
7531219432916487444,homestaydalat,2026-05-11T22:16:31,1753498683,128gigapu,6468,du lịch một mình trên Đà Lạt thì ở đâu ok nè mấy mom #128gigapu #homestaydalat #dulichmotminh #rating #reviewhomestay,,https://www.tiktok.com/@128gigapu/video/7531219432916487444,9978,2029,72,229700,,
7516782237312929042,homestaydalat,2026-05-11T22:16:31,1750137253,lomohomestay.dalat,4534,"Nguyên căn xinh xỉu ở Đà Lạt, đủ cho cả hội bạn thân 🛏️✨ 
📍 Đi Đà Lạt 5 người, share ra chưa tới 200k/người 😳🔥

#LơMơHomestay #lomohomestaydalat #homestaydalat #dalatreview #dalatangi #dalatodau #lomohomestay ",,https://www.tiktok.com/@lomohomestay.dalat/video/7516782237312929042,12800,8511,1536,714100,,
7567245589256146177,homestaydalat,2026-05-11T22:16:31,1761886725,nguoitrerongchoi,33100,chiếc home này xứng đáng được viral nhiều hơn nữa vì quá đẹp 🥹✨ mọi thứ khác cũng đều siêu oke luôn ưng ý lắmm #nguoitrerongchoi #Ôm#Ooomestay #dalat #homestaydalat ,,https://www.tiktok.com/@nguoitrerongchoi/video/7567245589256146177,3591,2034,44,98700,,
7550132232485195015,homestaydalat,2026-05-11T22:16:31,1757902155,langbenphohomestay,35000,#homestaydalat #viewrungthong #binhyen #dalat #langbenphohomestay #muadalat #chill #quakhu #hanhphuc ,,https://www.tiktok.com/@langbenphohomestay/video/7550132232485195015,128000,41000,2044,5400000,,
7607285010483121415,homestaydalat,2026-05-11T22:16:31,1771209071,julepe.sheen,70600,Homestay xinh ngay trung tâm thành phố mới xây xong nên đẹp xịn quá. #CozyHomeDalat #homestaydalat ,,https://www.tiktok.com/@julepe.sheen/video/7607285010483121415,1168,901,27,57100,,
7566258963654724882,homestaydalat,2026-05-11T22:16:31,1761656949,aihaohaohao,5782,Thêm 1 chiếc video cho Ôm Secret Hill #dalat #omsecrethilldalat ,,https://www.tiktok.com/@aihaohaohao/video/7566258963654724882,2531,1321,85,151800,,
7539732491704306962,homestaydalat,2026-05-11T22:16:31,1755480778,dreamgardenhomestay,26000,"Săn mây tại phòng,
Chiếc giường trên mây ở Đà Lạt
#homestaychilldalat #homestaydalatviewdep #homestaysanmaydalat #homestaydalat #sanmaydalat ",,https://www.tiktok.com/@dreamgardenhomestay/video/7539732491704306962,296800,13800,1074,2400000,,
7586532999991151890,homestaydalat,2026-05-11T22:16:31,1766377370,namkinhcan3004,50200,"Home xinh, đầy đủ tiện nghi, gần ngay trung tâm, bạn nào đang cần cho chuyến đi Dalat sắp tới thì tham khảo nha :))) 🌲 #homestay #homestaydalat #homestaychilldalat #dalathomestay #dalatreview ",,https://www.tiktok.com/@namkinhcan3004/video/7586532999991151890,3513,242,176,51400,,
7593300052982926612,homestaydalat,2026-05-11T22:16:31,1767952953,odaycohomexinh,71800,Ê đẹp dạ #odaycohomexinh #homestaydalat #viewrungthong #xuhuong ,,https://www.tiktok.com/@odaycohomexinh/video/7593300052982926612,6386,2655,355,341800,,
7539929469935504648,homestaydalat,2026-05-11T22:16:31,1755526634,hotluu,73900,"Chương cuối review Bí House Dalat  😂 căn phòng dành cho nhóm bạn mém thân với đầy đủ tất cả tiện ích và góc checkin 💕🤌
 #hotluu #homestaydalat #bihousedalat #homestay #dalat ",,https://www.tiktok.com/@hotluu/video/7539929469935504648,6225,1730,127,175600,,
7631018014002973960,homestaydalat,2026-05-11T22:16:31,1776734845,teakhousedalat,40800,"Một trong những điều nhỏ nhưng rất đáng giá tại Teak: tất cả các hạng phòng đều đã bao gồm bữa sáng.
Không cần suy nghĩ ăn gì, không cần vội vã chỉ cần thức dậy và tận hưởng một buổi sáng trọn vẹn.
🏡 Teakhouse có tổng cộng 21 phòng ngủ, đặc biệt mỗi phòng được thiết kế một style khác nhau để bạn luôn có trải nghiệm mới mẻ mỗi lần quay trở lại.

🌿 Mỗi phòng đều có ban công, cửa sổ lớn, tha hồ mở ra đón sương mai len vào tận phòng (cảm giác “enjoy” lắm luôn á).

🎶 Thang máy trong suốt xịn sò, có cả nhạc du dương đi kèm, di chuyển mà vẫn chill hết nấc.

☕ Nguyên tầng trệt rộng rãi dành cho không gian café + làm việc + thư giãn, ngắm view Panorama toàn thành phố Đà Lạt.

🚶‍♂️ Vị trí thuận lợi: Teakhouse nằm ngay sau Bến xe liên tỉnh Đà Lạt, chỉ cần bước xuống bến, xách vali đi bộ tầm 100m là tới nơi (khỏi cần xe trung chuyển).

📌 Khoảng cách đến các địa danh nổi tiếng:
 • Hồ Xuân Hương: 1.7km
 • Chợ đêm Đà Lạt: 2km
 • Nhà thờ Con Gà: 1.5km

⸻✨ ⸻
#homestaydalat #teakhousedalat #xuhuong #dalatodau #khachsandalat",,https://www.tiktok.com/@teakhousedalat/video/7631018014002973960,6542,2236,133,236100,,
7617816214601010453,homestaydalat,2026-05-11T22:16:31,1773661061,reviewhomestaydalat,6347,"🌿 Nhà nhỏ trên fram – view rừng thông, cáo treo
Homestay xinh xắn nằm lọt thỏm giữa vườn rau xanh mướt, nhìn ra đồi thông & cáp treo thơ mộng – yên bình mà cực tiện nghi! 🍃
#reviewhomestaydalat #homestaysanvuondalat #homestayviewdoithongdalat ",,https://www.tiktok.com/@reviewhomestaydalat/video/7617816214601010453,566,300,138,23900,,
7637855937604193556,dalatcheckin,2026-05-11T22:16:34,1778326919,look.in.nook.dalat,3969,"Wait, that's so pretty let me capture it..📸🍊
/Nook/
.
.
.
#dalat #dulichdalat #checkindalat #caphedalat #lookinnook ",,https://www.tiktok.com/@look.in.nook.dalat/video/7637855937604193556,35,2,0,614,,
7631112093390966024,dalatcheckin,2026-05-11T22:16:34,1776756749,march.street.food,874,"Đi check in nhận free ly nước xinh xinh dịp lễ nè mấy ní ơiii, ăn vặt ăn lẩu gì đê 🥘🫶🏻 #chodalat #checkin #streetfood #launuong #view ",,https://www.tiktok.com/@march.street.food/video/7631112093390966024,2126,1565,43,85400,,
7637012538034556181,dalatcheckin,2026-05-11T22:16:34,1778130552,diadiem.luutru,1192,Một chiếc home xinh ngay trung tâm Đà Lạt - L’amant De Dalat #diadiemluutru #homestaydalat #homestay #dalat #checkin ,,https://www.tiktok.com/@diadiem.luutru/video/7637012538034556181,14,4,0,521,,
7632991350727707924,dalatcheckin,2026-05-11T22:16:34,1777194304,congtyhoadalattravel.vn,2951,"Tổng hợp quán cà phê vibe Đà Lạt. Sau đây là những quán cà phê Đà Lạt vintage với nhiều góc chụp hình xinh lung linh
📍Tiệm cà phê Nhà của Thông
📍Cà phê Dốc Thị
📍Tiệm cà phê Bình Minh Ơi
📍Túi Mơ To
📍Tiệm cà phê Cheo Veo
#quancaphedalat #checkindalat #diadiemdalat #hoadalattravel #caphedalat ",,https://www.tiktok.com/@congtyhoadalattravel.vn/video/7632991350727707924,91,47,4,10500,,
7632132173440535828,dalatcheckin,2026-05-11T22:16:34,1776994256,dalatstreet,15500,Checkin Tiệm Bánh Mì Đang Gây Bão Mạng Tại Đà Lạt #dalat #dalatreview #banhmibuthiet ,,https://www.tiktok.com/@dalatstreet/video/7632132173440535828,321,130,12,36300,,
7634745612210162964,dalatcheckin,2026-05-11T22:16:34,1777602748,dalatphongbat,2935,#toiladandalat #reviewdalat #dalat #checkin #coffee ,,https://www.tiktok.com/@dalatphongbat/video/7634745612210162964,48,6,2,1142,,
7638246646534458631,dalatcheckin,2026-05-11T22:16:34,1778417886,catanh.hotel,46,"Đi Đà Lạt mà muốn người yêu vui thì búc liền chiếc phòng này nhó
#khachsandalat #checkin #dalat #viewdep ",,https://www.tiktok.com/@catanh.hotel/video/7638246646534458631,37,8,20,1495,,
7638183222530166024,dalatcheckin,2026-05-11T22:16:34,1778403124,thanhlanbt88,4448,Vườn hoa Đà Lạt - một điểm đến du khách không thể bỏ lỡ khi đến tham quan tại xứ sở mộng mơ Đà Lạt#thanhlanbt88 #canhdepdalat #checkindalat #vuonhoadalat ,,https://www.tiktok.com/@thanhlanbt88/video/7638183222530166024,10,1,1,115,,
7591506691473116437,dalatcheckin,2026-05-11T22:16:34,1767535395,dihetdalat,42900,10 điều musttry tại Đà Lạt vào đầu năm 2026 ✨ #dihetdalat #dalat #checkindalat #dalatdidau #dalat2026 ,,https://www.tiktok.com/@dihetdalat/video/7591506691473116437,4581,1997,36,132000,,
7630324450482785557,dalatcheckin,2026-05-11T22:16:34,1776573366,congtyhoadalattravel.vn,2951,"Tổng hợp quán cà phê mới Đà Lạt sống ảo lên hình xinh lung linh. Cùng Hoa Dalat Travel điểm qua top 5 điểm check-in mới Đà Lạt dành cho bạn tham khảo nha
📍Floating Town Cà Phê Ô Trấn Đà Lạt
📍Euro Garden Cầu Đất
📍Lạc Hư Cổ Trấn
📍Solena Dalat
📍The Wilder-nest Tà Nung
#hoadalattravel #caphedalat #quancaphedalat #checkindalat #diadiemdalat ",,https://www.tiktok.com/@congtyhoadalattravel.vn/video/7630324450482785557,558,604,8,39500,,
7632693155879505159,dalatcheckin,2026-05-11T22:16:34,1777124872,changtraiyeusaigon.vn,71900,Địa điểm đẹp dị mà mình phải đi cho bằng được ☺️#checkin #dulichdalat #caphedalat #checkindalat #coffeedalat ,,https://www.tiktok.com/@changtraiyeusaigon.vn/video/7632693155879505159,2449,51,17,30700,,
7604330380879056146,dalatcheckin,2026-05-11T22:16:34,1770521141,_withlyy,948100,Xem lại mà cứ bồi hồi vì quán quá xinh í 🙆🏻‍♀️ 🌅 @Trễ Một Chiều  #tremotchieu #dalat #checkin #dalatreview #tremotchieucafe ,,https://www.tiktok.com/@_withlyy/video/7604330380879056146,1133,325,77,68200,,
7600035869093006610,dalatcheckin,2026-05-11T22:16:34,1769521247,manhtienkhoi_,5000000,"Checkin Hồ Xuân Hương, Đà Lạt #dalat",,https://www.tiktok.com/@manhtienkhoi_/video/7600035869093006610,57100,10200,527,1600000,,
7619963673339088150,dalatcheckin,2026-05-11T22:16:34,1774161070,scruff_brotherss,148600,"Hidden in the hills of Đà Lạt, this
""Hobbiton""-style village feels like stepping straight into a fantasy world. Tucked among pine forests and cool mountain air, it's a themed spot where you can wander through tiny hobbit houses, snap photos, and explore whimsical gardens inspired by The Lord of the Rings.
It's not a real film set, but more of a creative attraction built for visitors to experience that fairytale vibe — think cosy doors, grassy rooftops, and scenic viewpoints all around. Perfect for a chill stroll, photos, and soaking up Đà Lạt's dreamy atmosphere.
#vietnam #dalat #travel #lordoftherings #hobbit",,https://www.tiktok.com/@scruff_brotherss/video/7619963673339088150,61400,4919,287,817600,,
7394702148908354834,dalatcheckin,2026-05-11T22:16:34,1721713265,ducdodalat,26700,Trả lời @Đức Hương Những địa điểm check in miễn phí ở Đà Lạt nha #dalat #ducdodalat #checkindalat #chuphinhdalat #diadiemdalat ,,https://www.tiktok.com/@ducdodalat/video/7394702148908354834,17900,5782,386,846700,,
7358043531669163269,dalatcheckin,2026-05-11T22:16:34,1713178014,alikainwanderlust,55500,"12 Top Things to do in Da Lat:

1. Cu Lan Village
2. Ride the Alpine Coaster 3 to Datanla Waterfall (take the path to the left of the waterfall to see the other 2 other waterfalls, only a 10 minute walk)
3. Crazy House
4. Cloud Hunting at Săn Mây Cầu Gỗ (arrive at 4:30 am)
5. Pongour Waterfall
6. Linh An Pagoda 
7. Mongo Land
8. The Florest 
9. Take the cable car to Truc Lam Monastery
10. Linh Phuoc Pagoda 
11. Lam Vien Square
12. Maze Bar

The best time of year to go cloud hunting in Da Lat is from December to March and from June to mid-August. Make sure to wear warm clothes as it’s quite chilly in the mornings ☁️

#dalat #dalattrip #dalatvietnam #dalattravel #dalatcity",,https://www.tiktok.com/@alikainwanderlust/video/7358043531669163269,12200,10700,185,789200,,
7520146115824471326,dalatcheckin,2026-05-11T22:16:34,1750920493,_abelian,21700,"you should definitely check this place out if you’re here in Da Lat, Vietnam🇻🇳📍
#dalat #travel #explore #backpacking #dalatmarket #vietnam #solotravel #travelvlog ",,https://www.tiktok.com/@_abelian/video/7520146115824471326,572,136,10,25100,,
7636603205152935189,dalatcheckin,2026-05-11T22:16:34,1778035249,bambihome.dalat,1095,"Slow morning in ĐaLat
#fyp #bambihomedalat #homestaydalat #checkindalat ",,https://www.tiktok.com/@bambihome.dalat/video/7636603205152935189,9,2,0,460,,
7535764875788832008,dalatcheckin,2026-05-11T22:16:34,1754556991,vimaay,381100,Những địa điểm checkin miễn phí tại Đà Lạt #vimaay #learnontiktok #goclamdep # ,,https://www.tiktok.com/@vimaay/video/7535764875788832008,28100,10700,168,723600,,
7617782456581672213,dalatcheckin,2026-05-11T22:16:34,1773653208,dihetdalat,42900,6 địa điểm check in tại hồ Tuyền Lâm bạn đã ghé qua hết chưa? #dalat #checkindalat #dulichdalat #dihetdalat,,https://www.tiktok.com/@dihetdalat/video/7617782456581672213,1577,1010,19,110000,,
7637535882429402376,dalatcheckin,2026-05-11T22:16:34,1778252399,didaunao2022,198900,Địa điểm check-in mới tại Đà Lạt #fyp #dalat #caphe ,,https://www.tiktok.com/@didaunao2022/video/7637535882429402376,1954,1012,43,86000,,
7636013148155202836,dalatcheckin,2026-05-11T22:16:34,1777897868,nguyen.lam.thao.tam,129300,Tui đi @hiddenland.dalat á cho mí bồ nào cần nka #cafe #dalat #checkin ,,https://www.tiktok.com/@nguyen.lam.thao.tam/video/7636013148155202836,222,17,7,3916,,
7632503603315363080,dalatcheckin,2026-05-11T22:16:34,1777080733,daddydalat,387,"Phát hiện điểm tham quan mới cực đẹp gần trung tâm Đà Lạt 😮
Kiến trúc mê luôn, ảnh lên đẹp khỏi chỉnh
#nhathovinhson #domainedemarie #dulichdalat #checkindalat #reviewdalat",,https://www.tiktok.com/@daddydalat/video/7632503603315363080,336,27,24,11100,,
7622674730469821717,dalatcheckin,2026-05-11T22:16:34,1774792270,vietnam_expresstour,34400,"Send this to your bestie/date now! 😍✨

📍 God Valley - Da Lat

A must-visit destination in Da Lat for those who love fairytale vibes 🌿✨ God Valley brings a magical miniature world to life - featuring tiny houses, dreamy landscapes, and especially “little people” characters that feel straight out of a movie 🎬

Every corner is thoughtfully designed for photos, relaxing walks, and immersive experiences in a whimsical setting 🧚‍♀️ It’s the perfect escape from the busy city, where visitors can slow down and step into a fantasy world like no other 🤭

#dalattrip #dalatvietnam  #godvalley #dalatcheckin  #vietnamtravel ",,https://www.tiktok.com/@vietnam_expresstour/video/7622674730469821717,54,27,0,4041,,
7637831924488195348,dalatcheckin,2026-05-11T22:16:34,1778321329,healthycoffeeandtea,69,Checkin tại Hecotea Dốc Nhà thoaiiiii #hecoteadalat ,,https://www.tiktok.com/@healthycoffeeandtea/video/7637831924488195348,10,0,4,266,,
7636599705312562450,dalatcheckin,2026-05-11T22:16:34,1778034435,runggiaohuong,8896,"Đà Lạt dạo này vắng quá…đi Rừng chụp hình khỏi cần né người luônnn 😌📸

#runggiaohuong #dulichdalat #cafedalat #checkindalat #dalat ",,https://www.tiktok.com/@runggiaohuong/video/7636599705312562450,75,22,3,4807,,
7490773715320327446,dalatcheckin,2026-05-11T22:16:34,1744081702,juliettewillis,72500,8 things to do in Dalat #dalat #vietnam #thingstodoindalat #travelling #travel #mariokartdalat #alpinecoaster #crazyhousedalat #mazebardalat @Evie @Octavia @Jack liese ,,https://www.tiktok.com/@juliettewillis/video/7490773715320327446,1208,324,16,48600,,
7637841205014826248,dalatcheckin,2026-05-11T22:16:34,1778323488,catanh.hotel,46,"Đi Đà Lạt ngủ ở đâu?
#khachsandalat #checkin #dalat #viewdep ",,https://www.tiktok.com/@catanh.hotel/video/7637841205014826248,15,7,15,1114,,
7566687933684665607,dalatcheckin,2026-05-11T22:16:34,1761756827,vnexpress_hanoi,15000,"Chasing the Golden Hour: The ULTIMATE Sunset Guide to Da Lat! 🌄

Da Lat is known as the city of eternal spring, but we believe it’s also the city of the most magical sunsets. In this in-depth video, we reveal the absolute best spots to watch the sky ignite over the dreamy pine hills. If you are planning a trip to Da Lat, or just love chasing sunsets, this long-form guide is for you. Hit play and let's find that perfect view!
Follow for more
#dalat #dalatsunset #vietnam #travel #dalatcity         ",,https://www.tiktok.com/@vnexpress_hanoi/video/7566687933684665607,4769,3051,41,199500,,
7601562561313803542,dalatcheckin,2026-05-11T22:16:34,1769876709,reeceisgone,17500,"Just checked into a bomb site of a hostel in da lat🥲🇻🇳
Why is the room looking like a storage room??🫠
#travelseasia #vietnam #solotravel #hostel #travelling ",,https://www.tiktok.com/@reeceisgone/video/7601562561313803542,772,72,38,38000,,
7635096359519096085,sanmaydalat,2026-05-11T22:16:46,1777684412,toursanmaydalat39,77900,Săn Mây Đà Lạt 199k/ng 6 điểm tham quan..nhắn em da lô trên kênh.#hoangsanmaydalat #dalat #sanmaycaudat #sanmaydalat #sanmay ,,https://www.tiktok.com/@toursanmaydalat39/video/7635096359519096085,120,14,12,6107,,
7629635931561086215,sanmaydalat,2026-05-11T22:16:46,1776413049,chuyencuanang5,245400,"Một ngày đẹp trời, ngồi ngắm thôi cũng thấy vui
#chuyencuanang #dalat #chill #sanmay #sanmaydalat #viralvideo #fyp",,https://www.tiktok.com/@chuyencuanang5/video/7629635931561086215,3609,104,74,24300,,
7626663931443957010,sanmaydalat,2026-05-11T22:16:46,1775721077,chamdidaudo,30700,"Đi Đà Lạt mở mắt đúng cách, món quà cho bạn nào đi Đà Lạt mùa này #chamdidaudo #dalat #dalattrip #sanmaydalat ",,https://www.tiktok.com/@chamdidaudo/video/7626663931443957010,336,86,8,18500,,
7628798126563839239,sanmaydalat,2026-05-11T22:16:46,1776217985,sanmaydalat2,176,Săn mây ngắm các nàng thơ thôi anh chị ơi!#sanmaydalat #sanmaycaudat #sanmaycaugobinhminh ,,https://www.tiktok.com/@sanmaydalat2/video/7628798126563839239,26,0,2,298,,
7638273180779842837,sanmaydalat,2026-05-11T22:16:46,1778424068,meimikene,140,Đi Đà Lạt biết bao nhiêu lần mà đây là lần đầu tiên săn được mây haha #Dalat #sanmaydalat #trending ,,https://www.tiktok.com/@meimikene/video/7638273180779842837,33,4,11,242,,
7631774457295588629,sanmaydalat,2026-05-11T22:16:46,1776910970,tv59.0,1431,"Nhân phẩm tốt, săn mây thành công ⛅️🤭 #xh #sanmaydalat #fyp  ",,https://www.tiktok.com/@tv59.0/video/7631774457295588629,330,4,15,1493,,
7629257319313837330,sanmaydalat,2026-05-11T22:16:46,1776324898,chuyencuanang5,245400,"Một nơi tại Đà Lạt mà bạn sẽ không muốn bỏ lỡ... vì quá đẹp✨
#chuyencuanang #dalat #chill #sanmay #sanmaydalat #viralvideo #fyp",,https://www.tiktok.com/@chuyencuanang5/video/7629257319313837330,3800,90,54,31300,,
7630025299094146311,sanmaydalat,2026-05-11T22:16:46,1776503706,chuyencuanang5,245400,"Không cần gì nhiều, chỉ cần một nơi bình yên như thế
#chuyencuanang #dalat #chill #sanmay #sanmaydalat #viralvideo #fyp",,https://www.tiktok.com/@chuyencuanang5/video/7630025299094146311,12000,240,66,127100,,
7633762060802870535,sanmaydalat,2026-05-11T22:16:46,1777373738,linhtoursanmaydalat,12400,Đà Lạt đổ mưa đón kỳ nghỉ lễ 30/4 #linhtoursanmaydalat #dalat #sanmay #thoitietdalat #dulich ,,https://www.tiktok.com/@linhtoursanmaydalat/video/7633762060802870535,5270,6526,176,396800,,
7629724059336510734,sanmaydalat,2026-05-11T22:16:46,1776433598,tonynumber18,201,Săn mây ở đà lạt,,https://www.tiktok.com/@tonynumber18/video/7629724059336510734,5,1,1,134,,
7628148668138261768,sanmaydalat,2026-05-11T22:16:46,1776066769,chuyencuanang5,245400,"Bình minh ở một nơi không quá xa, khiến người ta muốn quay lại nhiều lần
#chuyencuanang #dalat #chill #sanmay #sanmaydalat #viralvideo #fyp",,https://www.tiktok.com/@chuyencuanang5/video/7628148668138261768,15200,818,189,156400,,
7638429750469446933,sanmaydalat,2026-05-11T22:16:46,1778460528,baobeodalat,1929,Mây ⛅️ hơi mỏng ạ #dvdlbảodalat #sănmây #sanmaydalat #bienmaychill #xuhuong ,,https://www.tiktok.com/@baobeodalat/video/7638429750469446933,20,0,2,200,,
7627024836023340295,sanmaydalat,2026-05-11T22:16:46,1775805109,chuyencuanang5,245400,"Nơi mà bạn sẽ muốn đi khi đến Đà Lạt, là nơi bình yên như thế này đây 
#chuyencuanang #dalat #chill #sanmay #sanmaydalat",,https://www.tiktok.com/@chuyencuanang5/video/7627024836023340295,122,24,10,3316,,
7634149614224002312,sanmaydalat,2026-05-11T22:16:46,1777463973,bthh1512,927,có ai đi săn mây trên Đà Lạt gặp cảnh tượng này chưa mn 😭😭. e đang tính quay vlog đi săn mây vô tình quay trúng cảnh này 😭#dalat #sanmaydalat #suongmu ,,https://www.tiktok.com/@bthh1512/video/7634149614224002312,104700,32600,1367,5400000,,
7632596170849717522,sanmaydalat,2026-05-11T22:16:46,1777102286,min.du.mc,146700,"Thành phố này lạ lắm, chẳng cần làm gì nhiều, chỉ cần thở thôi cũng thấy lòng mình dịu lại - Miền Du Mục - Quán cà phê săn mây và đón bình minh ngay giữa trung tâm Đà Lạt #xuhuong #dalat #sanmay #dalat",,https://www.tiktok.com/@min.du.mc/video/7632596170849717522,11100,538,162,104200,,
7617758737998073109,sanmaydalat,2026-05-11T22:16:46,1773647690,lc.h.c.trn,43400,"Liệu có một ngày bạn bỗng nhớ Đà Lạt 

• Lạc Hư Cổ Trấn || 5:00-21:00 || Săn Mây - Hoàng Hôn #Dalat #Lachucotran #Sanmay #Vietnam #Travel",,https://www.tiktok.com/@lc.h.c.trn/video/7617758737998073109,146100,7423,312,1600000,,
7633036309015153940,sanmaydalat,2026-05-11T22:16:46,1777204765,ththanhdat06,37,#dalat #sanmaydalat #xhhhhhhhhhhhhhhhhhhhhhhh ,,https://www.tiktok.com/@ththanhdat06/video/7633036309015153940,13,10,0,435,,
7624462846444735752,sanmaydalat,2026-05-11T22:16:46,1775208603,min.du.mc,146700,"Đặc sản Đà Lạt mang tên săn mây
Ghé Miền Du Mục để test nhân phẩm săn mây, đón bình minh & ngắm hoàng hôn nha
#2026 #dalat #sanmaydalat #sanmay #binhminh #miendumuc #hoanghon #hoanghondalat",,https://www.tiktok.com/@min.du.mc/video/7624462846444735752,314100,43300,485,2000000,,
7627687142113742100,sanmaydalat,2026-05-11T22:16:46,1775959319,min.du.mc,146700,"Đà Lạt một ngày sớm cuối tuần thật đẹp và rực rỡ - Miền Du Mục
#2026 #dalat #sanmaydalat #sanmay #binhminh #miendumuc",,https://www.tiktok.com/@min.du.mc/video/7627687142113742100,39400,1239,238,183100,,
7625849871676984597,sanmaydalat,2026-05-11T22:16:46,1775531550,toursanmaydalat39,77900,Săn Mây Đà Lạt 199k/ng 6 điểm tham quan..nhắn em da lô trên kênh.#hoangsanmaydalat #dalat #sanmay #sanmaydalat #sanmaycaudat ,,https://www.tiktok.com/@toursanmaydalat39/video/7625849871676984597,246,56,20,8318,,
7388379624054459649,sanmaydalat,2026-05-11T22:16:46,1720241191,docladalat,10900,Cảnh này có thật 😁😁 #dalat #docladalat #fyp #sanmaydalat ,,https://www.tiktok.com/@docladalat/video/7388379624054459649,200800,32900,2509,2500000,,
7621376718833487124,sanmaydalat,2026-05-11T22:16:46,1774490057,toursanmaydalat39,77900,Săn Mây Đà Lạt 199k/ng 6 điểm tham quan..nhắn em da lô trên kênh.#hoangsanmaydalat #dalat #sanmay #sanmaydalat #sanmaycaudat  ,,https://www.tiktok.com/@toursanmaydalat39/video/7621376718833487124,94,8,3,2720,,
7629573190066408724,sanmaydalat,2026-05-11T22:16:46,1776398448,dalatstreet,15500,Đà Lạt Đẹp Đến Quên Lối Về#dalat #dalatreview #sanmaydalat ,,https://www.tiktok.com/@dalatstreet/video/7629573190066408724,711,147,80,23300,,
7629527432659242261,sanmaydalat,2026-05-11T22:16:46,1776387792,toursanmaydalat39,77900,Săn Mây Đà Lạt 199k/ng 6 điểm tham quan..nhắn em da lô trên kênh.#hoangsanmaydalat #dalat #sanmay #sanmaydalat #sanmaycaudat ,,https://www.tiktok.com/@toursanmaydalat39/video/7629527432659242261,73,11,8,2589,,
7627508083354324231,sanmaydalat,2026-05-11T22:16:46,1775917622,elllyvo,640,Săn mây đồi Măng Lin nè 👌🏻🙈.                  #sanmaydalat #doimanglin #xh #vlogs ,,https://www.tiktok.com/@elllyvo/video/7627508083354324231,69,3,14,1105,,
7631841356851285266,sanmaydalat,2026-05-11T22:16:46,1776926542,min.du.mc,146700,"Khung cảnh bạn sắp đặt chân đến vào dịp lễ này - Săn mây Đà Lạt tại Miền Du Mục
#dalat #sanmaydalat #sanmay #binhminh #miendumuc #2026",,https://www.tiktok.com/@min.du.mc/video/7631841356851285266,2249,58,32,16900,,
7611469218067778837,sanmaydalat,2026-05-11T22:16:46,1772183286,min.du.mc,146700,"Đặc sản Đà Lạt gọi tên săn mây Miền Du Mục
#dalat #sanmay #sanmaydalat #miendumuc #opening ",,https://www.tiktok.com/@min.du.mc/video/7611469218067778837,6290,144,22,71200,,
7621349754261277973,sanmaydalat,2026-05-11T22:16:46,1774483780,vitamin.dalatt,5979,Săn mây gần trung tâm #dalat #sanmaydalat #tourdalat #thoitietdalat #vitamindalat ,,https://www.tiktok.com/@vitamin.dalatt/video/7621349754261277973,67,14,8,1415,,
7626624444152171796,thacdalat,2026-05-11T22:17:04,1775711890,tu_hay_mo,25,"Khởi động mùa hè ở Đà Lạt , con thác leo hơi phê nhưng được cái đẹp #thác7tầng  #thácdalat #đàlat #đàlạtmùahè ",,https://www.tiktok.com/@tu_hay_mo/video/7626624444152171796,67,10,10,1138,,
7560329889459506453,thacdalat,2026-05-11T22:17:04,1760276478,klook_vietnam,92400,Những lưu ý trước khi chơi xe trượt thác Datanla tại Đà Lạt cho các bạn chuẩn bị đi chơi nè #datanla #thacdatanladatlat #xetruotthacdatanla #dalat #dalatreview #fypシ #xuhuong #dalatchoigi,,https://www.tiktok.com/@klook_vietnam/video/7560329889459506453,5198,3265,54,249800,,
7608182381735972103,thacdalat,2026-05-11T22:17:04,1771418008,chamdidaudo,30700,Lần đầu đc đi giữa lòng thác #chamdidaudo #dalat ,,https://www.tiktok.com/@chamdidaudo/video/7608182381735972103,16000,8639,133,438600,,
7600226111255072018,thacdalat,2026-05-11T22:17:04,1769601600,datanlawaterfall,25600,"🌺 Du xuân Đà Lạt, đến Datanla để trải nghiệm những trò chơi thật bùng nổ 😎🤘
#dalat #dalattourist #datanla #dalattrip #happynewyear2026 #adventure",,https://www.tiktok.com/@datanlawaterfall/video/7600226111255072018,4786,3950,167,367000,,
7623427928298179848,thacdalat,2026-05-11T22:17:04,1774967636,dalatbinhthuongthoi,9983,"Trải nghiệm Thác Hang Cọp, clip sau mình chỉ đường vào cho mọi người nha #dalat #fyp #foryou #foryoupage #viral ",,https://www.tiktok.com/@dalatbinhthuongthoi/video/7623427928298179848,248,78,36,11500,,
7638584137577745680,thacdalat,2026-05-11T22:17:04,1778504400,gia_phu_10,280,Hướng dẫn đường tới rừng thông thác 7 tầng Đà Lạt | Nơi có ngọn thác 7 tầng nằm sâu trong rừng thông. Thác này mình thấy trên map để là Thác Da Hiông. Cung đường đi tới đây rất mát và đẹp. Video này hướng dẫn mọi người đoạn đường chạy xe máy. Đoạn còn lại mình sẽ đi bộ mình up video sau nha. Mọi người có dịp trải nghiệm nha! #Phudidaudo #thac7tang #dalat,,https://www.tiktok.com/@gia_phu_10/video/7638584137577745680,8,0,0,155,,
7540502130948410645,thacdalat,2026-05-11T22:17:04,1755659972,anhhuongdanviendeptrai,11800,"Thác DaTanLa Đà Lạt, Bao Lâu Rồi Bạn Chưa Ghé ? #dalat #thacnuoc #tourguidedeptrai #canhdepthiennhien #dalatreview 
@Tour Guide_ Đẹp Trai🧑‍🦱 
@Tour Guide_ Đẹp Trai🧑‍🦱 
@Tour Guide_ Đẹp Trai🧑‍🦱 ",,https://www.tiktok.com/@anhhuongdanviendeptrai/video/7540502130948410645,358,104,23,15300,,
7550279164360690962,thacdalat,2026-05-11T22:17:04,1757936364,thacmay,26700,"Cả nhà nôn hông nè? ❤️❤️❤️ Hẹn nhà mình vào ngày 23/09/2025 này nhé 🥰

🌲 Thác mây & chill 🌲
🏠: Dốc số 9, Trại Mát, Đà Lạt

#Thacmay #Thacmaydalat #TiemcapheThacmay #Thacmaycaphe #Quancaphe #Dalat #Tiemcaphe #Yenbinh #Chualanh ",,https://www.tiktok.com/@thacmay/video/7550279164360690962,22900,13800,951,1100000,,
7419309616829435154,thacdalat,2026-05-11T22:17:04,1727442638,hieuanhcaudung,37800,Thác 7 tầng - Vườn Địa Đàng - Đà Lạt #dungmeanh #caudungdalat #chupanhdalat #reviewdalat #vuondiadang ,,https://www.tiktok.com/@hieuanhcaudung/video/7419309616829435154,52700,12200,734,1700000,,
7520109568517573906,thacdalat,2026-05-11T22:17:04,1750911958,gaidep897,4864,"THÁC DATANLA
ĐÀ LẠT. TP Mộng mơ.
#dalat #dalatmongmo #chiase#follow #xuhuong #giaitri ",,https://www.tiktok.com/@gaidep897/video/7520109568517573906,735,243,98,42900,,
7599665700864593170,thacdalat,2026-05-11T22:17:04,1769435061,_thanhhh__,6424,,,https://www.tiktok.com/@_thanhhh__/video/7599665700864593170,53400,29100,523,2200000,,
7465674107280051463,thacdalat,2026-05-11T22:17:04,1738237714,tiktokcuaxauxi,110,Trượt thác datanla cùng người thương ❤️#thacdatanla #dalat #2025 ,,https://www.tiktok.com/@tiktokcuaxauxi/video/7465674107280051463,9087,2033,105,419800,,
7592562644016434440,thacdalat,2026-05-11T22:17:04,1767781249,coupleta0207,258,"Phần 7: Dành cả thanh xuân theo đuổi 1 tình yêu
#datanladalat #pinekarts #love #travel #dalat ",,https://www.tiktok.com/@coupleta0207/video/7592562644016434440,5535,5158,104,244700,,
7567323143132450068,thacdalat,2026-05-11T22:17:04,1761904724,anduhii,326,"KHÔNG THỂ TƯỞNG TƯỢNG NỔI NGỌN THÁC HÙNG VĨ Ở ĐÀ LẠT LẠI CÓ THỂ NGẬP TỚI NHƯ THẾ NÀY 
#thacpongour #thacnuoc #dalat #dulich #lulut ",,https://www.tiktok.com/@anduhii/video/7567323143132450068,509,96,116,23100,,
7638487842926152980,thacdalat,2026-05-11T22:17:04,1778474046,dithinhkinh999,63,"Lịch mới nhất ngày 18-5 
Offroad và camping 2n1d hoặc 3n2d.
Ib tụi mình để nhận lịch trình chi tiết nhé.

#offroad #dithinhkinh #dalat #camping #trekking ",,https://www.tiktok.com/@dithinhkinh999/video/7638487842926152980,41,5,1,1180,,
7572205059732360456,thacdalat,2026-05-11T22:17:04,1763041381,thachdalat,3208,Cả Nhà Có Ai Bị Mâu Thuẫn Vậy Không Nhỉ :)) #keodautam #keomem #anvat #dacsandalat #19dofarm #thachdalat,,https://www.tiktok.com/@thachdalat/video/7572205059732360456,2429,316,32,627900,,
7627522309913349394,thacdalat,2026-05-11T22:17:04,1775920932,mh21.911_,191,quá đã đi 🫩 #đàlạt #thácdatanla ,,https://www.tiktok.com/@mh21.911_/video/7627522309913349394,2191,1688,45,272600,,
7620816490383691024,thacdalat,2026-05-11T22:17:04,1774359646,thachdalat,3208,Thấy Nhiều Bạn Bảo Chua Nhiều Cả Nhà Thì Thấy Sao Nè #nuoccot #atisodo #nuocatisodo #giaikhat #phachedouong #dacsandalat #19dofarm #thachdalat #19dofarmdacsandalat,,https://www.tiktok.com/@thachdalat/video/7620816490383691024,440,21,18,77000,,
7636266424691985684,thacdalat,2026-05-11T22:17:04,1777956836,namlong13102811,9738,Trượt thác Datanla #dalat #go ,,https://www.tiktok.com/@namlong13102811/video/7636266424691985684,15,0,2,163,,
7638534110234922261,thacdalat,2026-05-11T22:17:04,1778484822,thnh.t6747,1467,#duet cùng @Đà Lạt 1978 #dalat ,,https://www.tiktok.com/@thnh.t6747/video/7638534110234922261,8,0,0,115,,
7318409941935508737,thacdalat,2026-05-11T22:17:04,1703950115,thachdalat,3208,Hồ Xuân Hương Đà Lạt Sau Tiết Mục Pháo Bông #dalat #sukien #phaobong #ketxe #thachdalat #19dofarm #19dofarmdacsandalat ,,https://www.tiktok.com/@thachdalat/video/7318409941935508737,2512,963,250,217800,,
7571651839007919380,thacdalat,2026-05-11T22:17:04,1762912578,anhhuongdanviendeptrai,11800,"Thác Voi Đà Lạt, Vẻ Đẹp Hoang Sơ Giữa Núi Rừng, Đi Đà Lạt Bạn Đã Từng Ghé Chưa ? #canhdepthiennhien #dalat #dalatreview #tourguidedeptrai #traveltiktok 
@Tour Guide_ Đẹp Trai🧑‍🦱 
@Tour Guide_ Đẹp Trai🧑‍🦱 
@Tour Guide_ Đẹp Trai🧑‍🦱 ",,https://www.tiktok.com/@anhhuongdanviendeptrai/video/7571651839007919380,285,59,35,12100,,
7638413286270078216,thacdalat,2026-05-11T22:17:04,1778456690,omeo___,1598,Thác mây & chill Đà Lạt🤭#Dalat ,,https://www.tiktok.com/@omeo___/video/7638413286270078216,16,0,4,190,,
7412628822115339527,thacdalat,2026-05-11T22:17:04,1725887354,thachdalat,3208,"Tín Đồ Nào Mê Cái Vị Chua Chua Cay Cay Mà Còn Thơm Thơm Này Thì Xin Mời Quẹo Lựa Nha :)
#keome #keometaccay #anvat #monanvat #thachdalat #19dofarm #19dofarmdacsandalat",,https://www.tiktok.com/@thachdalat/video/7412628822115339527,3667,480,73,3900000,,
7638468284530117896,thacdalat,2026-05-11T22:17:04,1778469492,__hboo,8208,"Anh khỏi… 😌😌
Cốt em lo được cho em..
Đi Liêng Ài hay đi đâu cũng được nhất định các bạn phải 1 lần nghía bạn @Cam Quýt 🍊 nhé…
Xiuuuu đang iuuuu 🥹♥️♥️
#liengai #hiking #dalat #fyp #trekking ",,https://www.tiktok.com/@__hboo/video/7638468284530117896,33,6,12,396,,
7340112287174331650,thacdalat,2026-05-11T22:17:04,1709003085,huyamazing98,16100,Trả lời @T Chưa đi chưa biết Camly!😿 #dalat #dalatstory #dalatreview ,,https://www.tiktok.com/@huyamazing98/video/7340112287174331650,1545,194,552,142600,,
7584663801522375957,thacdalat,2026-05-11T22:17:04,1765942162,360do_dalat,1365,"Một quán view đẹp nhưng không bán vé 🥰 
#dalat #canhdepdalat #caphedalat ",,https://www.tiktok.com/@360do_dalat/video/7584663801522375957,15200,8602,802,633100,,
7620420184679091477,thacdalat,2026-05-11T22:17:04,1774267345,_dvnt.2801ctee_,321,"dii trượt thác voii emiu😝🤩
#thacdatanla #dalat #trip #xh ",,https://www.tiktok.com/@_dvnt.2801ctee_/video/7620420184679091477,99,7,7,2081,,
7636236784971582728,thacdalat,2026-05-11T22:17:04,1777949932,phanhngn._,540,cúi cùng cũng đã đu được trend nàiii 😋 @Y tá vỹ #dalat #thacdatanla #fyp ,,https://www.tiktok.com/@phanhngn._/video/7636236784971582728,57,32,16,1547,,
7432574843058425096,thacdalat,2026-05-11T22:17:04,1730531189,thachdalat,3208,"Hèn Gì Thấy Thiếu Thiếu Gì Đó Cả Nhà Có Để Ý Không
#dalat #dalatreview #reviewdalat #hoxuanhuong #thachdalat #19dofarm #19dofarmdacsandalat",,https://www.tiktok.com/@thachdalat/video/7432574843058425096,724,39,28,41600,,
7325404021529791762,dalatdep,2026-05-11T22:17:10,1705578538,happyhill.dalat,1300000,Đà Lạt thật đẹp ! Kỉ niệm cũng thật đẹp ! #binhyen #dalat #chill #happyhilldalat #dulichdalat #canhdepdalat #quancafechill ,,https://www.tiktok.com/@happyhill.dalat/video/7325404021529791762,20900,6883,972,1400000,,
7601868238388989191,dalatdep,2026-05-11T22:17:10,1769947878,.lt.3605,10300,Đà Lạt chiều nay 1-2 rực rỡ Mai Anh Đào ❤️#hoxuanhuongdalat #djimavic4pro #fypシ゚ #foryou #canhdepdalat ,,https://www.tiktok.com/@.lt.3605/video/7601868238388989191,49800,23300,1869,1700000,,
7471291007678663943,dalatdep,2026-05-11T22:17:10,1739545497,meimeibgm,4633,Chill Đà Lạt #dalat #fyp #canhdep ,,https://www.tiktok.com/@meimeibgm/video/7471291007678663943,215500,43400,2827,5500000,,
7637318165436943623,dalatdep,2026-05-11T22:17:10,1778201712,coco.mynhanpt,4271,Cô Long và tỷ mụi #happyhilldalat #canhdepdalat ,,https://www.tiktok.com/@coco.mynhanpt/video/7637318165436943623,22,0,0,191,,
7636784268684889365,dalatdep,2026-05-11T22:17:10,1778077404,hoang.nguyen5696,47,"Đèo Prenn nghe nói nó đẹp lắm mà thật ra đẹp không tưởng luôn 😁😁
#dalat #phuot #dalattrip #deoprenn #xuhuong ",,https://www.tiktok.com/@hoang.nguyen5696/video/7636784268684889365,2266,23,4,19700,,
7636948220668562695,dalatdep,2026-05-11T22:17:10,1778115577,coco.mynhanpt,4271,Cô Long & những vị khách đáng iu #happyhilldalat #canhdepdalat ,,https://www.tiktok.com/@coco.mynhanpt/video/7636948220668562695,319,10,8,5387,,
7627340321097059592,dalatdep,2026-05-11T22:17:10,1775878564,dienodalat.py,14600,Một trải nghiệm thú vị không thể bỏ qua khi đến với Đà Lạt #dalat #chill #canhdep #langbiang ,,https://www.tiktok.com/@dienodalat.py/video/7627340321097059592,1970,1111,98,124800,,
7627892157059304725,dalatdep,2026-05-11T22:17:10,1776007049,co_long_da_lat__04,11100,Cô Long chúc tỷ tỷ tủn cùi bắp …. #dalat #happyhilldalat #canhdepdalat #dalatstory #dalatdidau ,,https://www.tiktok.com/@co_long_da_lat__04/video/7627892157059304725,44800,881,392,1500000,,
7637809313347570952,dalatdep,2026-05-11T22:17:10,1778316069,.lt.3605,10300,Bạn đang ở chỗ nào của Đà Lạt…?#canhdepdalat #thapvinaphonedalat #djimavic4pro #fypシ゚ #foryou ,,https://www.tiktok.com/@.lt.3605/video/7637809313347570952,259,23,33,5454,,
7628770065114008850,dalatdep,2026-05-11T22:17:10,1776211450,.lt.3605,10300,Đà Lạt mùa này kiểu vậy…#hoxuanhuong #canhdepdalat #djimavic4pro #fypシ゚ #foryou ,,https://www.tiktok.com/@.lt.3605/video/7628770065114008850,11300,1943,585,282900,,
7638073739858480392,dalatdep,2026-05-11T22:17:10,1778377629,coco.mynhanpt,4271,Cô Long ghẹo khách #happyhilldalat #canhdepdalat ,,https://www.tiktok.com/@coco.mynhanpt/video/7638073739858480392,1198,47,24,19400,,
7638118773358185746,dalatdep,2026-05-11T22:17:10,1778388116,coco.mynhanpt,4271,Cô Long và tỷ mụi #happyhilldalat #canhdepdalat ,,https://www.tiktok.com/@coco.mynhanpt/video/7638118773358185746,19,0,1,221,,
7638235465786789138,dalatdep,2026-05-11T22:17:10,1778415283,coco.mynhanpt,4271,Cô Long và những vị khách dễ thương #happyhilldalat #canhdepdalat ,,https://www.tiktok.com/@coco.mynhanpt/video/7638235465786789138,16,0,2,208,,
7625096460891180296,dalatdep,2026-05-11T22:17:10,1775356123,.lt.3605,10300,Buổi sáng Đà Lạt thật yên bình 😍#hoxuanhuong #canhdepdalat #djimavic4pro #fypシ゚ #foryou ,,https://www.tiktok.com/@.lt.3605/video/7625096460891180296,8002,1310,379,289700,,
7638418883849784584,dalatdep,2026-05-11T22:17:10,1778457994,coco.mynhanpt,4271,Cô Long và những đoàn khách dễ thương #happyhilldalat #canhdepdalat ,,https://www.tiktok.com/@coco.mynhanpt/video/7638418883849784584,11,0,2,177,,
7638424799961812242,dalatdep,2026-05-11T22:17:10,1778459370,coco.mynhanpt,4271,Cô Long lồng tiếng phim cổ trang #happyhilldalat #canhdepdalat ,,https://www.tiktok.com/@coco.mynhanpt/video/7638424799961812242,6047,111,86,57900,,
7589997085567782165,dalatdep,2026-05-11T22:17:10,1767183913,lux.nest.dalat,5728,"Đà Lạt vào mùa đẹp nhất năm. Bạn đã có kế hoạch đi Đà Lạt chưa?
#luxnest #phongviewdep #thunglungden ",,https://www.tiktok.com/@lux.nest.dalat/video/7589997085567782165,52900,15400,1471,942800,,
7568152168776224007,dalatdep,2026-05-11T22:17:10,1762097745,chonnho_dalat,1141,Chiếc home mini có cảnh ngắm từ nắng đến mưa❤️#dallas #homestaydalat #chualanh #homestaydepdalat #xuhuongtiktok ,,https://www.tiktok.com/@chonnho_dalat/video/7568152168776224007,12900,6037,681,347800,,
7638418451182210322,dalatdep,2026-05-11T22:17:10,1778457891,coco.mynhanpt,4271,Cô Long và những vị khách dễ thương #happyhilldalat #canhdepdalat ,,https://www.tiktok.com/@coco.mynhanpt/video/7638418451182210322,139,15,8,1097,,
7638512442020023570,dalatdep,2026-05-11T22:17:10,1778479777,maihongnhivilladalat,9011,"Vợ nào thích home view đồi thông chill chill thì theo anh nha 🌲 
#villadalat #homestaydalat #homestay8nguoidalat #homestayviewdep ",,https://www.tiktok.com/@maihongnhivilladalat/video/7638512442020023570,65,21,6,2593,,
7636722566773689621,dalatdep,2026-05-11T22:17:10,1778063041,happyhill.dalat,1300000,Bấy lâu huynh sống mập mờ …. #canhdepdalat #dalatdidau #happyhilldalat #dalatstory #dalatcoffee ,,https://www.tiktok.com/@happyhill.dalat/video/7636722566773689621,37300,917,393,1100000,,
7628082622081649941,dalatdep,2026-05-11T22:17:10,1776051397,co_long_da_lat__37,1509,Cô long tỷ tỷ chào mọi người…   #d#dalath#happyhilldalatc#canhdepdalatd#dalatstorydalatdidau ,,https://www.tiktok.com/@co_long_da_lat__37/video/7628082622081649941,3210,53,48,136400,,
7372078917336763665,dalatdep,2026-05-11T22:17:10,1716445886,du_lich_dalat,242500,Địa Điểm Chụp Ảnh Đẹp Gần Trung Tâm Đà Lạt#thodandalad#ohay#diadiemdepdalat#caphedepdalat#review#reviewdalat# ,,https://www.tiktok.com/@du_lich_dalat/video/7372078917336763665,14700,5994,445,727700,,
7638084620994497799,dalatdep,2026-05-11T22:17:10,1778380162,coco.mynhanpt,4271,Cô Long và những vị khách dễ thương #happyhilldalat #canhdepdalat ,,https://www.tiktok.com/@coco.mynhanpt/video/7638084620994497799,55,1,2,677,,
7604106951915588871,dalatdep,2026-05-11T22:17:10,1770469121,.dalat.o.dau.day,2039,"Homestay Đà Lạt view cực phẩm
#homestaydalat #dalat #khachsandalat #viewdepdalat #khachsandalatdepgiare ",,https://www.tiktok.com/@.dalat.o.dau.day/video/7604106951915588871,10300,5494,329,335500,,
7622119772246822152,datanla,2026-05-11T22:17:18,1774663057,vietnamexpress_moments,8346,"Datanla Waterfall zipline 🇻🇳

A thrilling ride where forest canopies meet rushing waterfalls 🌿💦
Steel cables stretch across the valley, sending you soaring above pine trees and rocky streams while the cool mountain breeze rushes past 🍃

A moment of adrenaline, height, and pure wonder 😳✨
Would you try the zipline in Da Lat? 🎢🌲

#dalat #datanla #ziplinevietnam #adventuretravel #vietnamtravel ",,https://www.tiktok.com/@vietnamexpress_moments/video/7622119772246822152,1534,567,10,34700,,
7631846854447172872,datanla,2026-05-11T22:17:18,1777204800,datanlawaterfall,25600,"Các ní sắp đi Đà Lạt chơi thì tham khảo ngay combo siêu hời này 😎
#dalat #dalattrip #datanla #dalattourist #travel",,https://www.tiktok.com/@datanlawaterfall/video/7631846854447172872,719,332,35,40700,,
7093846608726592795,datanla,2026-05-11T22:17:18,1651664872,bemohaycuoi24,34500,Ai bảo Đà Lạt đi 2 ngày là hết chỗ check in xin mời đến Datanla - Hành trình trên cao để bật chế độ hét lên 😂 #travel #dalat #datanla #dulich #fyp,,https://www.tiktok.com/@bemohaycuoi24/video/7093846608726592795,24400,3313,815,649500,,
7280907793110928641,datanla,2026-05-11T22:17:18,1695218452,huyvaloan,150,#datanla #datanladalat #truotthacdatanladalat #xuhuong ,,https://www.tiktok.com/@huyvaloan/video/7280907793110928641,9080,6164,321,946100,,
7468691106100776200,datanla,2026-05-11T22:17:18,1738940162,nhandian,789800,"Trải nghiệm trượt xe, đu zipline và hành trình mạo hiểm trên cao ở khu du lịch thác Datanla 😆 #dalat #zipline #nhandian #travel #dulich #dalattrip #trending #xuhuong #fyp",,https://www.tiktok.com/@nhandian/video/7468691106100776200,10600,3008,179,360900,,
7296677504515919111,datanla,2026-05-11T22:17:18,1698897600,datanlawaterfall,25600,"Hành trình Zipline 1500m tại Đà Lạt cho mấy ní chưa biết nè. Rất đáng để thử nha 😎
#zipline #dalat #datanladalat #dalattourist #adventure #alpinecoaster",,https://www.tiktok.com/@datanlawaterfall/video/7296677504515919111,21700,9686,626,1300000,,
7561071756409130258,datanla,2026-05-11T22:17:18,1760449207,cochangreview_,1177,"Bà nào đã từng trượt thác Datanla đâu dô hết đây 🤣
#dalat #travel #datanladalat #xuhuong #fypシ゚ ",,https://www.tiktok.com/@cochangreview_/video/7561071756409130258,6167,2484,317,343800,,
7157402703180696875,datanla,2026-05-11T22:17:18,1666462692,hieuhefner,880,"📍Datanla New Alpine Coaster in Dalat, Vietnam",,https://www.tiktok.com/@hieuhefner/video/7157402703180696875,100,21,4,2848,,
7555754453983448327,datanla,2026-05-11T22:17:18,1759211181,tng.hongg2,111,Một nơi nhất định phải trải nghiệm nếu đến Đà Lạt #dalat #datanla #xuhuong ,,https://www.tiktok.com/@tng.hongg2/video/7555754453983448327,157,75,24,8899,,
7522334144098077968,datanla,2026-05-11T22:17:18,1751429915,shushi17022022,10700,"thác datanla mùa mưa nước đục
#datanla 
#thacdatanla",,https://www.tiktok.com/@shushi17022022/video/7522334144098077968,1136,88,86,10800,,
6901947308540185857,datanla,2026-05-11T22:17:18,1606984837,xunieee080396,6802,Đi Đà Lạt phải ghé thác Datanla trượt máng nha mọi người 😍😍 Vé 170k 1 người trượt bao zui lun 😂 #dalat #datanla #reviewdalat,,https://www.tiktok.com/@xunieee080396/video/6901947308540185857,2211,213,79,171300,,
7539754731737074962,datanla,2026-05-11T22:17:18,1755485956,justh4ppyvibes,1173,"✨ Thác Datanla – mát lạnh giữa núi rừng, nghe tiếng suối róc rách, hít trọn không khí trong lành Đà Lạt...Trượt máng ở Thác Datanla vừa chill vừa phê, ai chưa thử là tiếc nửa đời 😎🔥 🍃🌊
#Datanla #ReviewDalat #CheckinDalat #dulichdalat #dalattrip  ",,https://www.tiktok.com/@justh4ppyvibes/video/7539754731737074962,23,3,4,1317,,
7545457500783480085,datanla,2026-05-11T22:17:18,1756813734,stepmaln,9087,Datanla New Alpine Coaster Vietnam 🇻🇳 #rollercoaster #vietnam ,,https://www.tiktok.com/@stepmaln/video/7545457500783480085,414,2,11,10800,,
7539785749835648311,datanla,2026-05-11T22:17:18,1755493213,iammanie,15400,"13x6 deep wave 28 in frm @Datanala Hair Office @Datanala Hair Shop 
#wiginstall #deepwave #deepwavehair #installwig #tiktokshopbacktoschool ",,https://www.tiktok.com/@iammanie/video/7539785749835648311,55,3,4,4990,,
7534447578209848608,datanla,2026-05-11T22:17:18,1754250299,e.k.c0,547,"Datanla waterfall, Dalat, Vietnam #datanlawaterfall #vietnam",,https://www.tiktok.com/@e.k.c0/video/7534447578209848608,10,0,1,269,,
7633974832379694356,datanla,2026-05-11T22:17:18,1777423282,chillchillphieuluuky,165,"🌲 Trải nghiệm zipline xuyên rừng tại Datanla - Đà Lạt ❤️
#Travel #vietnamtrip #trip #tiktokviral #fyp ",,https://www.tiktok.com/@chillchillphieuluuky/video/7633974832379694356,11,1,0,330,,
7390195848006618375,datanla,2026-05-11T22:17:18,1720664060,happydaytravel,74300,TOUR LANGBIANG - CRAZY HOUSE THÁC DATANLA | Trải nghiệm những điểm du lịch nổi tiếng Đà Lạt gói gọn trong ngày #happyday #happydaytravel #reviewdalat #dalat #tourdalat #dulichdalat #tourlangbiang ,,https://www.tiktok.com/@happydaytravel/video/7390195848006618375,8627,302,126,103400,,
7532118829997100306,datanla,2026-05-11T22:17:18,1753708079,oppaleopark,157,"Datanla, Da Lat 달랏!!
#dalat #datanladalat #fyp #Shorts #foryou #oppanhatrang ",,https://www.tiktok.com/@oppaleopark/video/7532118829997100306,30,6,4,338,,
7530341255092505863,datanla,2026-05-11T22:17:18,1753294207,users8n577ps8m,919,khu du lịch thác datanla# دالات # فيتنام # مكان ترفيهي يستحق الزياره فيه كثير من الانشطه كالزحليقه الصيفيه والتسلق والانزلاق وتختلف الانشطه في داخلها  سعر الدخول بدون انشطه قرابه ١٢ ريال سعودي ,,https://www.tiktok.com/@users8n577ps8m/video/7530341255092505863,7,1,0,307,,
7599897259836280071,datanla,2026-05-11T22:17:18,1769488978,thanhminh.tuyetnga,652,"Check in thác Datanla, dalat
#dalat #thanhminhtuyetnga #vietnam #funny ",,https://www.tiktok.com/@thanhminh.tuyetnga/video/7599897259836280071,27,0,1,2022,,
7526883682980842759,datanla,2026-05-11T22:17:18,1752489177,ngocdieu1610,1003,Trượt thác Datanla đồ đó. Mỗi bé 130 cá dui dẻ 😆 #thacdatanla #dalat ,,https://www.tiktok.com/@ngocdieu1610/video/7526883682980842759,95,22,17,5575,,
7538451890397252872,datanla,2026-05-11T22:17:18,1755182609,phuong_0833,211,Datanla#đàlạt #dulich #xuhuong ,,https://www.tiktok.com/@phuong_0833/video/7538451890397252872,106,11,21,7501,,
7626007538168876296,datanla,2026-05-11T22:17:18,1775568247,thanhpham70361,21,Đi nhanh có xíu mà chửi cở đó 😐#xh#đàlạt#datanla ,,https://www.tiktok.com/@thanhpham70361/video/7626007538168876296,72,30,3,19100,,
7555131082073541909,datanla,2026-05-11T22:17:18,1759066040,imhoangmai,2115,Lần 2 trượt thác Datanla 😅 #dalat #vlog #cogiaotudo,,https://www.tiktok.com/@imhoangmai/video/7555131082073541909,97,4,4,4768,,
7529396222071704840,datanla,2026-05-11T22:17:18,1753074172,khung.troi.ky.niem,171900,Thác DaTanLa Đà Lạt 1991 Cre : Sưu Tầm . #tri81  #khungtroikyniem  #reviewxua #phanminhtri222 #saigon #tphcm #dalat #thacdatanla ,,https://www.tiktok.com/@khung.troi.ky.niem/video/7529396222071704840,347,56,19,18800,,
7636719449567005959,langbiang,2026-05-11T22:17:23,1778062311,quynnchiiuu,91,A new experience ⛰️ #langbiang #trekking ,,https://www.tiktok.com/@quynnchiiuu/video/7636719449567005959,51,13,13,1243,,
7504956347335658770,langbiang,2026-05-11T22:17:23,1747383821,vananhnguyen971,2305,ĐÃ bác nào thử cảm giác trượt dưới trời mưa bão chưa 😂x3 độ văng luôn ạ  nay để âm thanh gốc cho các bác cảm nhận nha dk mấy anh nhân viên ngồi hóng văng chứ 😂😂😂#langbiang #đàlạt ,,https://www.tiktok.com/@vananhnguyen971/video/7504956347335658770,74800,8140,1226,2300000,,
7631443188061981973,langbiang,2026-05-11T22:17:23,1776833838,bbaekim,671,"Một hành trình tuyệt vời và đáng nhớ, luỵ Langbiang quáaaa 🏔️🍃

#trekking #vlog #trekkinglangbiang #langbiang 
#creatorsearchinsights ",,https://www.tiktok.com/@bbaekim/video/7631443188061981973,302,68,24,9815,,
7636801199412415764,langbiang,2026-05-11T22:17:23,1778081345,cildoan,992,#trekking #langbiang #langbiangmountian#Dalat ❤️‍🔥,,https://www.tiktok.com/@cildoan/video/7636801199412415764,278,20,7,2728,,
7638251643766885653,langbiang,2026-05-11T22:17:23,1778419052,hongvanbdsdalat,48,"🔥P.11 | Nhà mới Nguyễn Hoàng, phường Langbiang, Đà Lạt🌲🌲 | Giá: 2tỷ250tr #trendingtiktok #batdongsan  #nhadatdalat #review #viral ",,https://www.tiktok.com/@hongvanbdsdalat/video/7638251643766885653,33,12,2,1199,,
7604836515125972244,langbiang,2026-05-11T22:17:23,1770638986,langbiangland,16200,"Nhạc thì hay, còn trượt phao khô LangBiang Land thì chill 🔥😂 #langbiangland #dalat #dulich #truotphaodalat #tet ",,https://www.tiktok.com/@langbiangland/video/7604836515125972244,35100,997,137,1300000,,
7636026177710296340,langbiang,2026-05-11T22:17:23,1777900898,user2236278192741,6,Trekking LangBiang #trekking #langbiang #leonui #xhtiktok ,,https://www.tiktok.com/@user2236278192741/video/7636026177710296340,158,13,3,5921,,
7630860275217861895,langbiang,2026-05-11T22:17:23,1776698117,mniciera,22,First solo trekking trip ⛰️ #trekking #langbiang #dalat ,,https://www.tiktok.com/@mniciera/video/7630860275217861895,583,80,18,8654,,
7613022758204722452,langbiang,2026-05-11T22:17:23,1772544997,lelekute0,213,"Langbiang - nóc nhà Đà Lạt, hoà mình vào thiên nhiên, nhâm nhi cafe, ngắm toàn cảnh Suối Vàng, Suối Bạc và cảm nhận không khí se lạnh của Đà Lạt. Chỉ có thế là Mờ ê mê.
#Langbiang 
#dalattrip 
#dalatstory ",,https://www.tiktok.com/@lelekute0/video/7613022758204722452,58,12,14,1007,,
7553520518003969298,langbiang,2026-05-11T22:17:23,1758691047,phucdichoidaydo,4227,Khám phá Langbiang #phucdichoidaydo #traveltiktok #travel #hiking #trekking ,,https://www.tiktok.com/@phucdichoidaydo/video/7553520518003969298,219,39,14,6727,,
7635889925426138388,langbiang,2026-05-11T22:17:23,1777869175,iw_ziwq09,1787,Omg Langbiang⛰️So majestic😱#trekking #langbiang #xuhuong #viralvideo ,,https://www.tiktok.com/@iw_ziwq09/video/7635889925426138388,191,27,24,3070,,
7525311831859121426,langbiang,2026-05-11T22:17:23,1752123202,anhduongvo.08,496,Tới công chiện luôn #dalat #xuhuong #fyp #viral #truotcauvong #langbiang ,,https://www.tiktok.com/@anhduongvo.08/video/7525311831859121426,43500,3361,461,1200000,,
7474884678378343687,langbiang,2026-05-11T22:17:23,1740382219,_jingbo_,581,1 lần duy nhất trong đời t bây ơi 🤡  ai đi rồi thì cmt bên dưới t biết với nha #langbiangland #khudulichlangbiangland #ĐàLat #trượtphaokhô #truotphaodalat ,,https://www.tiktok.com/@_jingbo_/video/7474884678378343687,14900,2148,1045,1200000,,
7470162414676364562,langbiang,2026-05-11T22:17:23,1739282733,langbiangland,16200,Trả lời @NqôMinh Hiếu lên lịch cuối tuần đi chơi thôi nào #langbiangland #dalat #khuvuichoi #truotphao #truotcauvong #dulichdalat ,,https://www.tiktok.com/@langbiangland/video/7470162414676364562,24700,6975,804,2300000,,
7590345579767680276,langbiang,2026-05-11T22:17:23,1767265057,langbiangland,16200,"Trượt phao khô ở LangBiang Land bữa nay cứ phải nói là chill chill nhẹ nhàng vậy thôi 😝😙😙

#LangBiangLand #xh #dalat #truotphaokho ",,https://www.tiktok.com/@langbiangland/video/7590345579767680276,9356,2520,238,882200,,
7637870566107532551,langbiang,2026-05-11T22:17:23,1778330325,sunthics,104,#hiking #langbiang #dalat,,https://www.tiktok.com/@sunthics/video/7637870566107532551,19,3,3,233,,
7638619466124872967,langbiang,2026-05-11T22:17:23,1778504695,langbiangland,16200,Đố ai biết cái gì luôn á…😁😁 #LangBiangLand #checkindalat #dulich #dalat #j4f ,,https://www.tiktok.com/@langbiangland/video/7638619466124872967,43,2,2,1017,,
7636740037224287508,langbiang,2026-05-11T22:17:23,1778067112,tuitendang_92,1150,"Hồi xưa quay quay nhìn nó kì kì sao. 
#tuitendang #langbiang ",,https://www.tiktok.com/@tuitendang_92/video/7636740037224287508,26,1,2,346,,
7631107846192549128,langbiang,2026-05-11T22:17:23,1776755761,dulcie.uwu,98,iu buổi trekking Langbiang ⛰️🌳 #fyp #trekking #langbiang #capcut ,,https://www.tiktok.com/@dulcie.uwu/video/7631107846192549128,2147,556,44,25500,,
7605069313568951560,langbiang,2026-05-11T22:17:23,1770693239,dichungxe,48700,"Checkin LangBiang cùng DCX

#dichungxe #dcx #trekking #langbiang ",,https://www.tiktok.com/@dichungxe/video/7605069313568951560,1645,152,27,79900,,
7619355799084698898,langbiang,2026-05-11T22:17:23,1774019521,hannie._.2001,338,Sao mà khó ngủ thế nhòooo #trekking #newbie #Langbiang #xuhuong #trend ,,https://www.tiktok.com/@hannie._.2001/video/7619355799084698898,2626,603,152,86600,,
7130853658413108506,langbiang,2026-05-11T22:17:23,1660281251,lee.haydi,308000,"Khám phá ẩm thực vùng cao Langbiang, một địa điểm không nên bỏ qua khi đến Đà Lạt #langbiang #langbiangdalat #reviewamthuc #ancungtiktok #reviewanngon #dalat #reviewfood #xuhuong",,https://www.tiktok.com/@lee.haydi/video/7130853658413108506,1800,51,16,166300,,
7636018586821070087,langbiang,2026-05-11T22:17:23,1777899128,h.phiii_,156,“Langbiang dễ lắm em bé 3 tuổi đi còn được” và đây là cách em bé 3 tuổi đi. Sale ơi sale ác với tôi lắm 🥲#trekking #langbiang #dalat #viral ,,https://www.tiktok.com/@h.phiii_/video/7636018586821070087,890,51,22,11600,,
7634734153975500039,langbiang,2026-05-11T22:17:23,1777600073,jun.guy_dalat,1582,"Cảm giác chút
#bắncung #langbiang #langbiangland #dalat #fyp ",,https://www.tiktok.com/@jun.guy_dalat/video/7634734153975500039,90,18,6,6077,,
7570568583390989589,langbiang,2026-05-11T22:17:23,1762660361,langbiangland,16200,"Nhất định tuổi trẻ này phải tới LangBiang Land trải nghiệm nhaaaa 😚😍
#LangBiangLand #dalat #xh #viral ",,https://www.tiktok.com/@langbiangland/video/7570568583390989589,245,99,9,16700,,
7635227339781180690,langbiang,2026-05-11T22:17:23,1777714904,thoalm978,60,"Đỉnh núi đầu tiên của tui
#langbiang #2167m ",,https://www.tiktok.com/@thoalm978/video/7635227339781180690,175,3,15,2982,,
7513386812543356178,langbiang,2026-05-11T22:17:23,1749346693,jennythienanh,430,#langbiangland #dalat #2025 #jenny Mùa mưa của mình là thật biết thế hiện ,,https://www.tiktok.com/@jennythienanh/video/7513386812543356178,16700,3570,905,1500000,,
7621932374342814994,langbiang,2026-05-11T22:17:23,1774619429,sinboole,54,Mê nhóm 5 này quá 🥰 #langbiang #trekking #hiking #CapCut ,,https://www.tiktok.com/@sinboole/video/7621932374342814994,7040,2119,23,200000,,
7542860477358034198,datanla,2026-05-11T22:44:30,1756209066,dwaroundtheworld,216400,"this was at 9am in the morning at datanla in da lat, vietnam and it’ll only get busier as the day goes on. 

but it is good fun. just on my way back up the hill to leave i saw people going so so slow",,https://www.tiktok.com/@dwaroundtheworld/video/7542860477358034198,154,27,11,9898,,
7236723617160121602,datanla,2026-05-11T22:44:30,1684931099,spotly.asia,25000,"Khám phá 5 trải nghiệm siêu hấp dẫn tại khu du lịch thác Datanla ở Đà Lạt cùng #raondilonton ngay nè ^^
#dalat #datanlavietnam #datanladalat #xh #fyp",,https://www.tiktok.com/@spotly.asia/video/7236723617160121602,944,1164,35,169400,,
7558449624244129031,datanla,2026-05-11T22:44:30,1759838695,atiqahumirah_,695,"1500m zipline unlocked ✨ 
📍Datanla Adventure Activities
#dalat #vietnam #zipline ",,https://www.tiktok.com/@atiqahumirah_/video/7558449624244129031,20900,5192,384,294600,,
7636968014696516885,datanla,2026-05-11T22:44:30,1778120190,faris_ruslan,322,"Datanla New Alpine Coaster, Dalat, Vietnam 🇻🇳 

#dalat #vietnam #travel ",,https://www.tiktok.com/@faris_ruslan/video/7636968014696516885,33,1,0,628,,
7635289643948313863,datanla,2026-05-11T22:44:30,1777729409,qnqane,97,"❎ Đi Đà Lạt ✅ Đi trekking
Dị hoi chớ dui lém cả nhà ơi 🥰
#dangiuvocung #dalat #datanladalat#data #viralvideo ",,https://www.tiktok.com/@qnqane/video/7635289643948313863,16,3,4,393,,
7343175645272362258,datanla,2026-05-11T22:44:30,1709716317,vanhmiuw,96,"Đừng quên ghé thăm thác DATANLA khi đến ĐÀ LẠT nhé!!!!
 #datanladalat #dalat #checkindalat #truotmang #dulich #reviewdalat #xuhuongtiktok #fyp ",,https://www.tiktok.com/@vanhmiuw/video/7343175645272362258,301,97,19,41300,,
7528323798060272914,datanla,2026-05-11T22:44:30,1752824481,317945220u,1556,Khám Phá Thác Datanla- Đà Lạt #xuhuong #dalatreview #thacdatanla ,,https://www.tiktok.com/@317945220u/video/7528323798060272914,14,3,2,322,,
7578522219459005718,datanla,2026-05-11T22:44:30,1764512211,charlie.tsg,5941,"Da Lat is one of the most underrated places in Vietnam 🇻🇳 — here are 3 things you have to do when you go 👇

🎢 1️⃣ Ride the Alpine Coaster at Datanla Falls
You control your own speed as you fly through the forest on a coaster all the way down to a waterfall.
Fast, fun, and one of the coolest experiences in Vietnam.

🏎️ 2️⃣ Go “Mario Karting” Around the Hills
Not actual Mario Kart — but it feels like it.
Drive go-karts through Da Lat’s hills and countryside with insane views everywhere.
Chaotic, hilarious, and unreal with friends.

🚡 3️⃣ Take the Cable Car Over the City
You float above forests, lakes, and mountains — calm, beautiful, and perfect for sunset.
A completely different view of Da Lat.

💭 Da Lat is the adventure city you don’t expect — cool weather, mountain views, and experiences you won’t find anywhere else in Vietnam.

#dalat #vietnam #southeastasia #travelguide #travelguideguy ",,https://www.tiktok.com/@charlie.tsg/video/7578522219459005718,210,39,1,8226,,
7610765704815594772,datanla,2026-05-11T22:44:30,1772019488,khangsky47c,4704,Video trị giá 980k 😁 #datanla #đalat @Batssss ,,https://www.tiktok.com/@khangsky47c/video/7610765704815594772,2407,385,25,92000,,
7337561857202359557,datanla,2026-05-11T22:44:30,1708409256,jerryandrean96,931300,"📍 Dalat, Vietnam 
Salah satu kota yg sangat berkesan dan memorable. Udara, suasana, semuanya ok bgt! Thanks for the amazing moments 🖤
.
.
#vietnam #exploredalat #explorevietnam #dalat #trip #trave
l",,https://www.tiktok.com/@jerryandrean96/video/7337561857202359557,5761,3199,156,199900,,
7618431180450336008,datanla,2026-05-11T22:44:30,1773804243,chu3thun,1029,lo cự lộn rồi qua chổ chụp hình luôn #dalat #datanla ,,https://www.tiktok.com/@chu3thun/video/7618431180450336008,1659,738,34,197900,,
7557903423677533471,datanla,2026-05-11T22:44:30,1759711535,boi_boi9999,914,Fun time at Datanla Waterfall in Đà Lạt with @Binsalem9999 I’m ready to go back whenever you are❣️❣️#BấtHối #MissingYou💔 #NMT #simplejoy #hpdongianvaythoi❤🙆‍♀️,,https://www.tiktok.com/@boi_boi9999/video/7557903423677533471,22,1,3,238,,
7603432144173600007,fooddalat,2026-05-11T22:44:46,1770346800,traanxngg,227100,"Một chuyến Đà Lạt thành công là khi lưu thêm dc vài quán ngon bỏ túi😝 đi DL riết nma vẫn luỵ hàng quán trên DL mãi thoai <3 

#dalat #foodie #dalatreview #ancungtiktok ",,https://www.tiktok.com/@traanxngg/video/7603432144173600007,17700,5227,67,284300,,
7592603808555928850,fooddalat,2026-05-11T22:44:46,1767790835,hukha.foodaholic,436700,"Những chỗ ăn mình ưng bụng ở Đà Lạt nhiều lắm, lên trc 1 phần đã nha :))) #hukhafoodaholic #vtmgr #learnontiktok #ancungtiktok ",,https://www.tiktok.com/@hukha.foodaholic/video/7592603808555928850,42300,15600,374,957000,,
7497939723105684754,fooddalat,2026-05-11T22:44:46,1745750136,conluoireview,102100,Share vs mng list những quán ăn siu ngon tui cực kì mê ở Đà Lạt #dicungluoi#diadiemanuong#anngonmoingay#ancungtiktok#dalat#dalatreview#dalatangi#reviewdulich#reviewdalat#dulichdalat  ,,https://www.tiktok.com/@conluoireview/video/7497939723105684754,21900,9440,231,667200,,
7266787053784812808,fooddalat,2026-05-11T22:44:46,1691930711,dalatcungtico,8227,Món ngon ở chợ đêm Đà Lạt #ticotravel #tikktoktravel #dulichdalat #dalat ,,https://www.tiktok.com/@dalatcungtico/video/7266787053784812808,2440,1009,69,309200,,
7602437711156219157,fooddalat,2026-05-11T22:44:46,1770080473,review.lt7,10600,"🔥 Quán nướng Đà Lạt – vừa ăn nóng hổi, vừa ngắm hoàng hôn rực trời.
Khói bay nhẹ giữa rừng thông, chill đúng chất phố núi.
✨ Ở đây, ăn nướng cũng là một trải nghiệm. #review #dalat #xuhuong #xuhuongtiktok #viral ",,https://www.tiktok.com/@review.lt7/video/7602437711156219157,2766,2363,60,208000,,
7559789022583868679,fooddalat,2026-05-11T22:44:46,1760150550,lulureview_,336100,Ê có ai ở Đà Lạt ăn bánh cuốn thủ công bên đây chưa ? Ngon thật sự! #lulureview #banhcuonthucongohngonqua #dalatangi #vtmgr #ansangdalat ,,https://www.tiktok.com/@lulureview_/video/7559789022583868679,13200,9151,591,964900,,
7211806355336875290,fooddalat,2026-05-11T22:44:46,1679129529,nhandian,789800,"Thẩm định hết mấy quán nổi tiếng nhất Đà Lạt, hổng phải quán nào cũng ngon đâu nhaaa =))) #dalat #dalatfood #dalatstory #dalatreview #dalattrip #ancungtiktok #reviewanngon #learnontiktok #nhandian #vtmgr #foryoupage ",,https://www.tiktok.com/@nhandian/video/7211806355336875290,50400,5413,1056,1900000,,
7592237795184348424,fooddalat,2026-05-11T22:44:46,1767705616,hoanganhdidau,59800,Tiệm nướng local ở Đà Lạt 😋😋😋 #hoanganhdidau #donuongdalat ,,https://www.tiktok.com/@hoanganhdidau/video/7592237795184348424,10300,5754,135,398800,,
7590593688020045076,fooddalat,2026-05-11T22:44:46,1767322822,traanxngg,227100,"“Tiết mục” đi ăn món mì Trân iu thích không thể thiếu trong mỗi chuyến Đà Lạt😝thời tiết mát mẻ ăn tô mì nóng thích lắm luôn!! Mọi người đã thử qua những món mì này chưa?❣️ 

#dalat #foodie #ancungtiktok #vietnam #dalatreview ",,https://www.tiktok.com/@traanxngg/video/7590593688020045076,3225,945,29,100400,,
7593947498872392980,fooddalat,2026-05-11T22:44:46,1768103697,huyheim,17600,Trời lạnh thì mình múc bang Caneles #canelesdalat #dalatreview #banhcaneles ,,https://www.tiktok.com/@huyheim/video/7593947498872392980,6949,1766,66,248400,,
7635906330292800781,fooddalat,2026-05-11T22:44:46,1777873044,foodxbert,33600,Day 19 of Eating Street Food in  Dalat Vietnam until I get sick #miquang #vietnamesefood #dalat #streetfood #vietnamfood ,,https://www.tiktok.com/@foodxbert/video/7635906330292800781,67,1,4,2360,,
7630386561707822349,fooddalat,2026-05-11T22:44:46,1776587929,foodxbert,33600,Day 21 of Eating Street food in Dalat Vietnam until I get Sick #vietnamesefood #streetfood #vietnam #dacsan #blackegg ,,https://www.tiktok.com/@foodxbert/video/7630386561707822349,92,1,6,7170,,
7190212898000571653,fooddalat,2026-05-11T22:44:46,1674101905,nama.bites,635900,"Everything we ate (and spent) at the Da Lat Night Market, in Vietnam 🇻🇳 Prices are in VND and CAD ❤️ #vietnam #vietnamesefood #dalat #streetfood #foodtiktok #fyp #foodie ",,https://www.tiktok.com/@nama.bites/video/7190212898000571653,15300,220,83,308000,,
7042878105987468546,fooddalat,2026-05-11T22:44:46,1639797845,nhienthichan,87800,Bánh Tráng Nướng Ngon Nhất Đà Lạt gần khu Hoà Bình #AnCungTikTok #nhienthichan #banhtrangnuong #dalat #food #review,,https://www.tiktok.com/@nhienthichan/video/7042878105987468546,154400,8175,1612,2400000,,
7638538548118834439,fooddalat,2026-05-11T22:44:46,1778485857,kimphammmmm,212,Mình đã ăn những gì tại Đà Lạt? Day.1 🥰🇻🇳 mng đi theo plan sáng trưa chiều tối này giống tui là hỏng lo bị chặt chém hay thất dọng đâu nheee 😍 #kimberly #fyp #food #dalat #vietnam ,,https://www.tiktok.com/@kimphammmmm/video/7638538548118834439,15,1,1,467,,
7561794472640646407,fooddalat,2026-05-11T22:44:46,1760617479,khaikhampha,1700000,Một cái quán local ở Đà Lạt bán nhiều món ngon #khaikhampha #dalat ,,https://www.tiktok.com/@khaikhampha/video/7561794472640646407,6187,5313,162,467900,,
7320208631079734530,fooddalat,2026-05-11T22:44:46,1704368893,tradicub50,7472,Series Quán Ăn Địa Phương P1: Một tô có 3 5 🐠 hoy mà ăn no từ sáng tới 2h chiều. 👉👈 #xh #travel #traveltiktok #review #dalat #reviewdalat #food #foodtiktok #dalatangi ,,https://www.tiktok.com/@tradicub50/video/7320208631079734530,10700,2313,278,499300,,
7613268141916949781,fooddalat,2026-05-11T22:44:46,1772602135,hangy.ne,129000,"Những quán ăn ngon Đà Lạt bước tiếp seri “ 3 ngày 2 đêm ăn gì?? “ 
#ancungtiktok #dalat #food #fyp #xuhuong ",,https://www.tiktok.com/@hangy.ne/video/7613268141916949781,3628,1850,41,248900,,
7447872324709256466,langbiang,2026-05-11T22:44:57,1734092912,ha.didau,30100,Đỉnh Langbiang - Nóc nhà của Đà Lạt có gì #hadidau #langbiang #dalattourist ,,https://www.tiktok.com/@ha.didau/video/7447872324709256466,2913,1533,136,246300,,
7588900908193320213,langbiang,2026-05-11T22:44:57,1766928691,tc.tour,516,"Langbiang – một ngày đi núi, mang về nhiều hơn một kỷ niệm.
Inbox Túc để nhận thông tin lịch trình nhé
#Túctour #Langbiang #Trekking #Hiking #xuhuong ",,https://www.tiktok.com/@tc.tour/video/7588900908193320213,19,1,2,803,,
7604104437107297556,langbiang,2026-05-11T22:44:57,1770468537,langbiangland,16200,Tính ra 3n2đ ở Đà Lạt cũng lẹ 😝😂 #langbiangland #dalat #dulich #truotphaodalat #tet ,,https://www.tiktok.com/@langbiangland/video/7604104437107297556,5932,1712,107,417800,,
7637915707904199957,langbiang,2026-05-11T22:44:57,1778371380,_ng.tramw11,2447,Đi Langbiang chữa lành honggg 😅😅 #xuhuong #trekking #langbiang #viral ,,https://www.tiktok.com/@_ng.tramw11/video/7637915707904199957,83,0,2,1402,,
7558069521387441415,langbiang,2026-05-11T22:44:57,1759750195,longlongneee,202200,📍lẩu gà lang biang: kiot 3 đối diện hh02c linh đàm. ⭐️: 150-300 cành. #AnCungTikTok #LearnOnTikTok #longlongangi #vtmgr #fyp ,,https://www.tiktok.com/@longlongneee/video/7558069521387441415,3194,583,40,71800,,
7590175580021214484,langbiang,2026-05-11T22:44:57,1767226800,hecbtill,1830,"LangBiang is the mountain that holds a special energy

#LangBiang is the mountain",,https://www.tiktok.com/@hecbtill/video/7590175580021214484,6,0,0,95,,
7363613076136021266,langbiang,2026-05-11T22:44:57,1714474778,bo.tran6868,3174,xe Jeep đậu hàng dài chờ đưa khách lên đỉnh langbiang mà khách đâu hết rồi .,,https://www.tiktok.com/@bo.tran6868/video/7363613076136021266,131,16,23,8412,,
7518172975875624223,langbiang,2026-05-11T22:44:57,1750461063,yxwin,1874,Lang Biang,,https://www.tiktok.com/@yxwin/video/7518172975875624223,3,3,0,146,,
7532189367528361236,langbiang,2026-05-11T22:44:57,1753761600,langbiangland,16200,"Các khung giờ diễn ra show CỒNG CHIÊNG mỗi ngày, khách lưu ý để có những trải nghiệm đáng nhớ tại LangBiang Land nha ❤️‍🔥 #langbiangland #dalat #congchieng #dulichdalat #ilovelangbiangland",,https://www.tiktok.com/@langbiangland/video/7532189367528361236,1710,667,76,115800,,
7590671504824749332,camdalat,2026-05-11T22:45:29,1767340945,lcd_dalat,2681,"""Khi cuộc đời cho bạn quả Quýt nhưng mình thì chọn quả Cam 🍊"" 😆😆
Chị Thảo lên Đà Lạt chơi. Nên 2 chị em mình sẽ dẫn đi vườn cam canh ở K'long K'lanh tham quan và hái ít về làm quà. Tuy ở xứ lạnh nhưng cam vẫn rất ngọt và ngon luôn 🤤🤤😍😍🍊🍊#dalat #yeudalat #camcanh🍊 #vuoncamcanhdalat #🏳️‍🌈 ",,https://www.tiktok.com/@lcd_dalat/video/7590671504824749332,60,7,7,984,,
7495211108291120402,camdalat,2026-05-11T22:45:29,1745114832,camdalat.ngoaitruyen,228,"Cóc non, xoài non, lắc mắm Cam tự làm mix thêm muối tôm. Cam mời bạn 🍊 #traicaytodalat #camdalat #xoaimamruoc #tiktokviral",,https://www.tiktok.com/@camdalat.ngoaitruyen/video/7495211108291120402,557,743,19,60000,,
7622894787531672839,camdalat,2026-05-11T22:45:29,1774843514,sasavivudalat,7261,Nước cam tươi 15k bổ rẻ đà lạt #vivudalatcungsa #reviewdalat #dalat #dalatreview ,,https://www.tiktok.com/@sasavivudalat/video/7622894787531672839,200,115,8,10400,,
7529799012405234962,camdalat,2026-05-11T22:45:29,1753167955,camdalat.ngoaitruyen,228,"Những ngày trời xám xịt, chúng ta không đi đâu đó để bầu trời sáng lên.

Chúng ta đi đâu đó để thấy lòng mình ấm hơn ☕️

#Cam #Traicayto #suagao #coffee #nuocep #sinhto #localjuicebar #fruit #healthydrink #localfavorite #dalat",,https://www.tiktok.com/@camdalat.ngoaitruyen/video/7529799012405234962,11,1,4,468,,
7601819285123566869,camdalat,2026-05-11T22:45:29,1769936483,chamdalat0,11600,Nhưnnayf đã khiến bạn mê Đà Lạt chưa ? #chamdalat ,,https://www.tiktok.com/@chamdalat0/video/7601819285123566869,37600,15000,635,744200,,
7603170311541902599,camdalat,2026-05-11T22:45:29,1770251043,sidalat.caphe,2723,"Câu chuyện 12: Lắp camera là để giám sát… hay để quan tâm?
Với Trinh, đó là cách để quán vận hành chỉn chu hơn mỗi ngày — cho khách và cho cả đội ngũ.

 ________
𝐿𝑜𝑣𝑒 𝑆𝑖 🤎
#sidalat #khoinghiepcafe #hanhtrinhkhoinghiep #dalat #sicaphe ",,https://www.tiktok.com/@sidalat.caphe/video/7603170311541902599,160,8,18,8617,,
7513212679184485639,camdalat,2026-05-11T22:45:29,1749306147,camdalat.ngoaitruyen,228,Một góc Cam chill chill mỗi tối ! Mời bạn đến Cam ạ #205BTX #camdalat #traicaytodalat #detox #traicayto #tiktokviral ,,https://www.tiktok.com/@camdalat.ngoaitruyen/video/7513212679184485639,23,3,1,788,,
7591076936839892245,camdalat,2026-05-11T22:45:29,1767435337,ngoc.thanh0217,301800,"Đà lạt ở Xuyên Mộc Bà Tô
#iphone #16promax #iphone16promax #dalat #portraitphotography ",,https://www.tiktok.com/@ngoc.thanh0217/video/7591076936839892245,305300,35600,1146,14300000,,
7438507038516202760,camdalat,2026-05-11T22:45:29,1731912386,thuy_nina2,2726,Mời cả nhà ghé tham quan vườn cam cara ruột đỏ nha#dalat #camcara #donduong #dran #dacsanvietnam ,,https://www.tiktok.com/@thuy_nina2/video/7438507038516202760,25,11,13,2110,,
7636201439043341586,camdalat,2026-05-11T22:45:29,1777941708,tienlendalat,53,"Cây Cam Ngọt Coffee..
#dalat #cafedalat #chill ",,https://www.tiktok.com/@tienlendalat/video/7636201439043341586,37,5,13,761,,
7636721569640877319,camdalat,2026-05-11T22:45:29,1778062805,thaodiuu,3440,"Một buổi cắm trại nhẹ nhàng với không khí trong lành cùng vs mọi người ở khu chợ lightgem ^^
#thaodiu #jekking #camping #dalat #camtrai ",,https://www.tiktok.com/@thaodiuu/video/7636721569640877319,76,3,17,2634,,
7637063523780119816,camdalat,2026-05-11T22:45:29,1778142421,cristian.vo,289,Đà Lạt dì kì vậy ,,https://www.tiktok.com/@cristian.vo/video/7637063523780119816,18,0,6,406,,
7636969447068110088,camdalat,2026-05-11T22:45:29,1778120520,carinacahat,297,Tự tay mình làm mọi thứ nó Hạnh Phúc gì đâu ❤️#gammusic #GAmdalat #nhacmoi #yeumeo #thinhhanhxuhuong ,,https://www.tiktok.com/@carinacahat/video/7636969447068110088,3,0,2,335,,
7533243680908512530,camdalat,2026-05-11T22:45:29,1753969979,camdalat.ngoaitruyen,228,Sinh tố Bơ Dừa nhà Cam nè mọi người ơi 🤤 #sinhto #xuhuongtiktok #xuhuong #viral #avocado #bơ🥑 #dừa ,,https://www.tiktok.com/@camdalat.ngoaitruyen/video/7533243680908512530,64,6,5,5919,,
7596610125574573320,camdalat,2026-05-11T22:45:29,1768723630,camnaildalat,913,Chị nào chưa book lịch làm nail Tết thì nhắn em nhen 🎇🎇##camnaildalat #xuhuong #dalat #naildalat #naildesigns ,,https://www.tiktok.com/@camnaildalat/video/7596610125574573320,76,6,12,921,,
7597353874789272839,camdalat,2026-05-11T22:45:29,1768896796,camnaildalat,913,✨ Cần Lịch Làm Nail Xinh Thì Cứ Nhắn Em Nha 💅🏻💫#camnaildalat #xuhuong #dalat #naildalat #nails ,,https://www.tiktok.com/@camnaildalat/video/7597353874789272839,30,7,3,635,,
7531579916836539666,camdalat,2026-05-11T22:45:29,1753582608,camdalat.ngoaitruyen,228,Nước ép thơm 🍍 #videography #xuhuong #fyp #camdalat #vlog #daily ,,https://www.tiktok.com/@camdalat.ngoaitruyen/video/7531579916836539666,9,1,2,612,,
7635504965414391058,camdalat,2026-05-11T22:45:29,1777779543,cortesstoryz,2934,#camidalp #camiladal #malevolazx #fyp #foryou ,,https://www.tiktok.com/@cortesstoryz/video/7635504965414391058,62100,802,297,477000,,
7597422283459792136,camdalat,2026-05-11T22:45:29,1768912725,huevui98,229100,#dalat #doanhuevui#catamdalat#laucatamdalat#Lẩucátầmmaianhđào,,https://www.tiktok.com/@huevui98/video/7597422283459792136,54300,1226,247,1600000,,
7614287911151799574,camdalat,2026-05-11T22:45:29,1772839563,cam.crdl,4314,🖤🖤#fyp #pourtoi #wlw #BeautyTok #brunette ,,https://www.tiktok.com/@cam.crdl/video/7614287911151799574,681,11,13,17100,,
7564389953900170503,camdalat,2026-05-11T22:45:29,1761221786,chuyenlaca_,32400,Địa điểm team mình nhất định ghé lại mỗi lần lên đây chơi ❤️ #catam #monngondalat #catamdalat #cafe #caphedalat ,,https://www.tiktok.com/@chuyenlaca_/video/7564389953900170503,278,13,14,3673,,
7629148718809353494,camdalat,2026-05-11T22:45:29,1776299645,cammgdt,2178,,,https://www.tiktok.com/@cammgdt/video/7629148718809353494,357,10,13,4051,,
7528426729644248337,camdalat,2026-05-11T22:45:29,1752848466,xusocongtroi,297,"Cuối tuần rồi, tụi mình di chuyển lên Xứ Sở Cổng Trời trải nghiệm đi xe ATV xuyên Rừng nguyên sinh đi. Thử nha, vô cùng phấn khích và thú vị luôn đó!
#XuSoCongTroi #dalat #Bidoup #dalattrip #dalatreview #vietnamtravel",,https://www.tiktok.com/@xusocongtroi/video/7528426729644248337,1887,1503,82,142600,,
7622054537083292950,camdalat,2026-05-11T22:45:29,1774647870,cam.lclr,2753,#pourtoiii #fy ,,https://www.tiktok.com/@cam.lclr/video/7622054537083292950,450,39,15,3843,,
7599799561506393365,camdalat,2026-05-11T22:45:29,1769466233,lethiletrang,30700,Cắm lan hồ điệp không hề khó như mọi người nghĩ? #trangodalat #lanhodiepdalat #lanhodiep #tết #hoatet2026 ,,https://www.tiktok.com/@lethiletrang/video/7599799561506393365,193,35,25,23200,,
7578802070728281352,camdalat,2026-05-11T22:45:29,1764577370,lunmango,10100,Tiệm cơm gà 20k rẻ nhứtt Đà Lạt #comga20k #dalatfood #comga #linhchopchep #tuonggadalat ,,https://www.tiktok.com/@lunmango/video/7578802070728281352,2189,722,84,103000,,
7621897083892682002,camdalat,2026-05-11T22:45:29,1774611207,tocgia_tieuhongvan,305400,Trả lời @Hihi  vào giỏ hàng liền nàng ơi. Xù Hippie Cam Đất đã sẵn sàn ạ #tocgia #DKL_04 ,,https://www.tiktok.com/@tocgia_tieuhongvan/video/7621897083892682002,368,43,16,33200,,
7587429369329487124,camdalat,2026-05-11T22:45:29,1766586068,hifasne,214600,"Tân Bình vừa xuất hiện một Đà Lạt thu nhỏ

#cafe #reviewcafe #chamdalat #tanbinh #saigon ",,https://www.tiktok.com/@hifasne/video/7587429369329487124,4274,3577,169,328700,,
7629190237842918674,camdalat,2026-05-11T22:45:29,1776309280,dalatdreamer,27800,Lên Đà Lạt ghé cafe Nhà Của Thông tránh nắng thôi mọi người 🌲 #dalat #chill #dalatreview #tiemcaphenhacuathong #cafedepdalat ,,https://www.tiktok.com/@dalatdreamer/video/7629190237842918674,5262,2723,105,268800,,
7634786190746488082,camdalat,2026-05-11T22:45:29,1777612192,hoaquynhdalat,26100,Nói chứ ks này cũng bt thôi #hoaquynhdalat #dalatreview #xuhuongtiktok #dalatstory #khachsandalat ,,https://www.tiktok.com/@hoaquynhdalat/video/7634786190746488082,43,3,8,2717,,
7464246800178810120,cafeviewdalat,2026-05-12T12:56:29,1737905392,hifasne,214600,Thành công săn được mây sau n lần đi Đà Lạt :)) #cafe #coffee #dalat #tet #tet2025 #xuhuong #trending ,,https://www.tiktok.com/@hifasne/video/7464246800178810120,25000,13400,311,957200,,
7254176332165287170,cafeviewdalat,2026-05-12T12:56:29,1688994626,spotly.asia,25000,"Gợi ý cho mọi người 10 chiếc cà phê với view cực xinh ở Đà Lạt nè. Mùa này mà ngồi cà phê chill ngắm những view xịn xò ở Đà Lạt thì đã phải biết luôn á :>>
#raondilonton #dalat #coffeedalat #dalatcoffee #dalatchill #nccdalat",,https://www.tiktok.com/@spotly.asia/video/7254176332165287170,48600,12900,958,2600000,,
7483739997804236040,cafeviewdalat,2026-05-12T12:56:29,1742444007,bolonton_,51900,"Tiệm cà phê ""treo"" trên sườn đồi có view hoàng hôn siêu xịn ở Đà Lạt 🤎 
##bolonton #cafe #dalat #cafedalat #fyp #xh #cheoveo ",,https://www.tiktok.com/@bolonton_/video/7483739997804236040,2573,2068,42,272500,,
7212926517788167451,cafeviewdalat,2026-05-12T12:56:29,1679390334,dichoimoingay,221900,"Quán cà phê view ngắm nhà lồng siêu đẹp và ly cacao nóng rất ngon ở Đà Lạt🥰 
#viral#xuhuong#reviewcafe#reviewcafesongao#quancaphedep#cafeviewdepdalat#dalat#dalatreview#viyeumadendalat#cafeviyeumaden ",,https://www.tiktok.com/@dichoimoingay/video/7212926517788167451,9376,4965,175,736600,,
7260308599430204673,cafeviewdalat,2026-05-12T12:56:29,1690422336,ghiendalat_official,263300,Nên thử check in ở 3 quán cafe view siêu đỉnh này nhe #ghiendalat #gdlfamily #ghiendalatofficial #hellodalat #dalattravel #thodiadalat #LearnOnTikTok @Thổ Địa Đà Lạt ,,https://www.tiktok.com/@ghiendalat_official/video/7260308599430204673,4056,904,67,479000,,
7389925974470642951,cafeviewdalat,2026-05-12T12:56:29,1720601227,trendoicomay,9947,View nhà mình như tên quán nhá 🫶 #trendoicomay #trendoicomaycoffee #cafe #dalat #dalattrip #dalatreview #review #coffee ,,https://www.tiktok.com/@trendoicomay/video/7389925974470642951,221,179,25,29700,,
7614896395031465234,cafeviewdalat,2026-05-12T12:56:29,1772981232,chenhvenhcoffee,20500,Tiệm cafe cos chiếc view 360 độ ôm trọn hoàng hôn Đà Lạt #dalat #reviewdalat #chenhvenh #hoanghon #nhalong ,,https://www.tiktok.com/@chenhvenhcoffee/video/7614896395031465234,411,166,9,21400,,
7382100288749980935,cafeviewdalat,2026-05-12T12:56:29,1718798400,dalatplusss,204600,Quán cafe mới toanh với view 360 siêu đẹp ở Đà Lạt... #dalat #cafe #reviewdalat #dalatplus,,https://www.tiktok.com/@dalatplusss/video/7382100288749980935,7442,2705,92,304500,,
7569585622667644178,cafeviewdalat,2026-05-12T12:56:29,1762431497,dihetdalat,42900,Cafe view lồng đèn tại Đà Lạt ✨#dihetdalat #dalat #reviewdalat #checkindalat #cafedalat ,,https://www.tiktok.com/@dihetdalat/video/7569585622667644178,4040,2189,50,188500,,
7633363595354590485,cafeviewdalat,2026-05-12T12:56:29,1777280966,didalatcungtruc,207700,"New Light Coffee Đà Lạt, tiệm cà phê ăn sáng xinh ở trung tâm, chụp ảnh đẹp, view chill #newlightcoffeedalat #dalatcoffee #reviewdalat #didalatcungtruc #isbtalents ",,https://www.tiktok.com/@didalatcungtruc/video/7633363595354590485,663,557,28,52900,,
7606900727604202759,cafeviewdalat,2026-05-12T12:56:29,1771119600,lacaphee,33400,Cà phê Đà Lạt làm toii được chiêm ngưỡng nhiều cảnh mà tưởng chỉ có trong truyện cổ tích 🍃🥹 #dalat #lacaphee ,,https://www.tiktok.com/@lacaphee/video/7606900727604202759,84800,40600,568,1600000,,
7371685175857564946,cafeviewdalat,2026-05-12T12:56:29,1716354210,julepe.sheen,70600,Tip đi Đà Lạt săn cảnh đẹp ban đêm thành công: Cafe Lời Của Gió view Nhà Lồng.,,https://www.tiktok.com/@julepe.sheen/video/7371685175857564946,4752,2792,87,580000,,
7505778560313920785,cafeviewdalat,2026-05-12T12:56:29,1747575280,new_light_coffee,9934,Ai thích xanh mát ngắm view chill nhưng lại lười đi xa thì nhớ ghé qua ngay tiệm mình nhé #newlight #reviewdalat #dalat #sinhthai #chill #cafedalat #dalatangi #ansangdalat #newlightcoffee #cafedalat ,,https://www.tiktok.com/@new_light_coffee/video/7505778560313920785,58100,22300,1279,1800000,,
7603708453218979092,cafeviewdalat,2026-05-12T12:56:29,1770376342,nhanphepha,111100,Quán cf mới mở view đẹp gần trung tâm Đà Lạt #dalat #nhanphepha #cafedalat #sohodalat #fyp ,,https://www.tiktok.com/@nhanphepha/video/7603708453218979092,623,496,26,53700,,
7611041529456610568,cafeviewdalat,2026-05-12T12:56:29,1772083705,namkinhcan3004,50200,View này chill quá ✨🌲 #dalat #dalatcafe #coffeedalat #happyhilldalat #dalatreview @Happy Hill Coffee - Đà Lạt ,,https://www.tiktok.com/@namkinhcan3004/video/7611041529456610568,1219,338,119,38300,,
7171762443759275290,cafeviewdalat,2026-05-12T12:56:29,1669806071,smiletuan,5777,Quán Cà Phê View đẹp tại Đà Lạt - Bình Minh Ơi #dalat #dalatreview #binhminhoi #tiệmcafebinhminhoidalat #smiletuan ,,https://www.tiktok.com/@smiletuan/video/7171762443759275290,5080,4101,175,602500,,
7601887338511289608,cafeviewdalat,2026-05-12T12:56:29,1769952325,julepe.sheen,70600,"Cà ohee đã xinh mat còn coa caia view núi rừng Đà Lạt đỉnhhh. 
Soho Coffee Đà Lạt. #dalatcoffee ",,https://www.tiktok.com/@julepe.sheen/video/7601887338511289608,9119,8852,67,486100,,
7624514687627054356,cafeviewdalat,2026-05-12T12:56:29,1775220670,vie.viee__,39100,"Hời ơi cái cafe gì mà xinh xỉu cỡ này 
#dalatcuavy #covychimuondichill #reviewdalat #dalatchoigi #dalatcoffee ",,https://www.tiktok.com/@vie.viee__/video/7624514687627054356,279,194,7,21900,,
7370584944269184257,cafeviewdalat,2026-05-12T12:56:29,1716098048,du_lich_dalat,242400,Quán Coffee View Rừng Thông Nằm Ngay Trung Tâm Đà Lạt Mà Mình Nghĩ Các Bạn Nên Biết#thodandalad#review#reviewdalat#caphedepdalat#quancafedepdalat#hoarungcoffee# ,,https://www.tiktok.com/@du_lich_dalat/video/7370584944269184257,9035,3485,258,455300,,
7622681539838561557,cafeviewdalat,2026-05-12T12:56:29,1774793862,vie.viee__,39100,"Cafe rừng nhiệt đới thu nhỏ siêu chill, ngắm view đồi núi 
#dalatcuavy #covytronodalat #reviewdalat #dalatcoffee #dalatchoigi ",,https://www.tiktok.com/@vie.viee__/video/7622681539838561557,103,32,2,7005,,
7164729843039472922,cafeviewdalat,2026-05-12T12:56:29,1668168665,nhandian,789700,Quán cafe Đà Lạt cho phép bạn… trùm mền nằm ngủ giữa cái view thung lũng đèn đẹp muốn xỉuuuu 🫢 #dalat #a#ancungtiktokr#reviewanngonl#learnontiktokv#vtmgrf#foryouf#fypforyoupage ,,https://www.tiktok.com/@nhandian/video/7164729843039472922,91400,13700,1774,2400000,,
7460073643004022034,cafeviewdalat,2026-05-12T12:56:29,1736933752,hachireview74,424400,"Lại thêm một tọa độ check-in ở Đà Lạt nè mọi người, hoàng hôn đẹp mê 🥰🥰 ##mountainchill##mountainchilldalat##cafedalat#cafiewdalat ##hoanghon##dalatreview##dalatstory##dalat  ",,https://www.tiktok.com/@hachireview74/video/7460073643004022034,18300,1091,279,319900,,
7605923721500544263,cafeviewdalat,2026-05-12T12:56:29,1770892119,lulureview_,336100,Quán cf đón hoàng hôn đẹp mê ở Đà Lạt. M2 tết đã mở cửa rồi nha nhà mình ơi! #dalatcoffee #hoanghondalat #tremotchieucafe #dalatdidau #lulureview ,,https://www.tiktok.com/@lulureview_/video/7605923721500544263,1250,653,62,57800,,
7626258724960603412,cafeviewdalat,2026-05-12T12:56:29,1775626736,hoaithuong420,9772,#quancaphedalatviewdep #quancaphedalat #circlecoffee #phongcanhdepdalat ,,https://www.tiktok.com/@hoaithuong420/video/7626258724960603412,343,4,15,1623,,
7637896514794278165,cafeviewdalat,2026-05-12T12:56:29,1778336365,noir.coffee.57,254,#noir #xuhuong #viraltiktok #dalatreview #quáncafeviewđẹp ,,https://www.tiktok.com/@noir.coffee.57/video/7637896514794278165,29,3,0,983,,
7598760559059750165,caphedalat,2026-05-12T12:56:38,1769224320,chagiotomthitsieungon,346,"Cheo veo cà phê

Mỗi lần cảm thấy căng thẳng mình sẽ ghé quán ngồi nhìn xa xăm, ngắm nhìn thung lũng🍃
#cheoveocoffee #dalatreview #caphedalat #dalatcoffee #lalamngaodu ",,https://www.tiktok.com/@chagiotomthitsieungon/video/7598760559059750165,75,41,35,4489,,
7638328243866635527,caphedalat,2026-05-12T12:56:38,1778436889,nhamnhamnee,122,"BLUE DREAM 💙
Một quán bánh và cà phê xứng đáng trải nghiệm ở Đà Lạt 🌲
Không gian 9/10(rất hay full bàn)
Nước 9/10 ngon, ít ngọt
Bánh 9/10 hơi đắt nhưng đáng
 #food #caphedalat #coffeetiktok #dalat #review ",,https://www.tiktok.com/@nhamnhamnee/video/7638328243866635527,28,3,2,457,,
7432858277999922440,caphedalat,2026-05-12T12:56:38,1730597189,caphedalat01,184,"Quán Cà Phê Đà Lạt khai trương!
View đẹp, decor xịn thế này không đi hơi phí!
📍HOA XƯƠNG RỒNG
#caphe #caphedalat #quancaphedalat #reviewdalat #dalatreview #dalat #dalattrip #hoaxuongrong #coffeedalat #cafedalat ",,https://www.tiktok.com/@caphedalat01/video/7432858277999922440,688,431,25,33600,,
7632129162613951752,caphedalat,2026-05-12T12:56:38,1776993552,littletown.dalat,117,Lễ này check in quán cafe mới toanh tại Đà Lạt nha mấy bà ơi 💃🏼💃🏼 #dalat #dalattrip #littleeuropedalat #caphedalat #tanung ,,https://www.tiktok.com/@littletown.dalat/video/7632129162613951752,1219,787,39,49700,,
7631776190113533191,caphedalat,2026-05-12T12:56:38,1776911375,gocnhodalat_23,196,Bạn đang nhìn chiếc quán nhỏ xinh của mình và cười trong sự hạnh phúc 🥰 #dalat #caphedalat #xuhuong #fyp ,,https://www.tiktok.com/@gocnhodalat_23/video/7631776190113533191,6962,1252,226,197700,,
7618554983851691284,caphedalat,2026-05-12T12:56:38,1773833067,atesignature.dalat,458,Điểm danh cốt nào đã đến ATÊ goy? #atesignature #softopening #dalat #trasuadalat #caphedalat ,,https://www.tiktok.com/@atesignature.dalat/video/7618554983851691284,90,72,11,7562,,
7621603884275993864,caphedalat,2026-05-12T12:56:38,1774542943,daladala247,4264,"09 St, W.Xuan Huong, Da Lat City #workspacecoffee #dalat #dalatcoffee #caphedalat #dalatcity",,https://www.tiktok.com/@daladala247/video/7621603884275993864,6567,2740,78,169000,,
7634114282900196626,caphedalat,2026-05-12T12:56:38,1777455748,littletown.dalat,117,Tụi mình là quán cà phê Đà Lạt nha cả nhà ơiiii ✨🫶 #dalat #dalattrip #littleeuropedalat #caphedalat #tanung ,,https://www.tiktok.com/@littletown.dalat/video/7634114282900196626,73,23,3,2936,,
7631456194711915796,caphedalat,2026-05-12T12:56:38,1776836866,mylinhcute510,2535,"View phòng ngày mưa hay ngày nắng cũng đẹp hihi ✨🤩 

#dalat #reviewdalat #xuhuong #viral #caphedalat ",,https://www.tiktok.com/@mylinhcute510/video/7631456194711915796,331,13,14,6955,,
7637853189676584212,caphedalat,2026-05-12T12:56:38,1778326280,dky.zzz0,207,"Đi ngang 10 lần cuối cùng cũng đã ghé được. 
📍WAKEN BEANS COFFEE 
#wakenbeans #dalat #wakenbeanscoffee #caphedalat",,https://www.tiktok.com/@dky.zzz0/video/7637853189676584212,193,12,21,5662,,
7592931867377224980,caphedalat,2026-05-12T12:56:38,1767867222,dalat_reels,15700,📍Tiệm cà phê TAVI #dalatreels #dalat #checkindalat #tiemcaphetavi #caphedalat ,,https://www.tiktok.com/@dalat_reels/video/7592931867377224980,1537,436,54,49100,,
7631021987707489556,caphedalat,2026-05-12T12:56:38,1776735771,mylinhcute510,2535,"View triệu đô ✨🤭
#dalat #reviewdalat #caphedalat #viral #trending ",,https://www.tiktok.com/@mylinhcute510/video/7631021987707489556,345,5,17,6862,,
7389894220972166421,caphedalat,2026-05-12T12:56:38,1720593838,caphedalat01,184,"Quán cà phê ngắm hoàng hôn đẹp tại Đà Lạt!
Tham khảo ngay list quán Cà phê đẹp tại Đà Lạt cho chuyến đi của bạn!
———
#caphedalat #caphe #dalat #chuyencuanang #tramkyuc #goccuatung #loicuagio #chill #hoanghon #sunset #sunrise #binhminh #binhminhdalat #hoanghondalat #sanmaydalat #review #reviewdalat #dalatreview #dalatstory #dalattrip #coffee #coffeedalat #travel #traveltiktok #vietnam ",,https://www.tiktok.com/@caphedalat01/video/7389894220972166421,331,168,6,39600,,
7450131900565327111,caphedalat,2026-05-12T12:56:38,1734619008,caphedalat01,184,"📍Tiệm cà phê Custty - Coffee & More Đà Lạt
Quán cà phê Đà Lạt dễ thương tone pastel! 
#dalat #caphedalat #cafedalat #caphe #coffe #coffeetime #reviewdalat #dalatreview #dalatstory #dalattrip #pastel ",,https://www.tiktok.com/@caphedalat01/video/7450131900565327111,58,123,4,7331,,
7390576299573562644,caphedalat,2026-05-12T12:56:38,1720752642,caphedalat01,184,"📍Bao tiền một mớ bình yên
Quán cà phê chill Đà Lạt cho ngày mưa 
#caphedalat #caphe #dalat #baotienmotmobinhyen #caphemoidalat #chill #review #reviewdalat #dalatreview #dalatstory #dalattrip #caphedep #caphedepdalat #travel #traveltiktok #dulichvietnam #dulichdalat #dalattravel #coffee ",,https://www.tiktok.com/@caphedalat01/video/7390576299573562644,130,26,3,6665,,
7414005832070860040,caphedalat,2026-05-12T12:56:38,1726207755,caphedalat01,184,"Quán Cà phê mới sắp khai trương tại Đà Lạt cực xịn! Chắc chắn sẽ là điểm check-in hot tại Đà Lạt vào dịp sắp tới.
📍Quán Cà phê Hoa Xương Rồng
#review #dalatreview #reviewdalat #caphe #cafe #coffee #cafedalat #coffeedalat #caphedalat #quancaphedalat #quancaphe #chill #chillmusic #vibes #goodvibes #dalat #dalatchill #quancaphehoaxuongrong #hoaxuongrong #xuhuong ",,https://www.tiktok.com/@caphedalat01/video/7414005832070860040,1977,973,92,75100,,
7637837175719054593,caphedalat,2026-05-12T12:56:38,1778322602,thacmay,26700,"""Đừng đuổi theo những áng mây, hãy học cách làm bầu trời của riêng mình”

 #tiemcaphethacmay #tiemcaphedalat #sanmaydalat #hoanghondalat #thacmay ",,https://www.tiktok.com/@thacmay/video/7637837175719054593,167,61,7,5033,,
7636600755381652737,caphedalat,2026-05-12T12:56:38,1778034726,xun.hng.garden.co,73,#xuhuong #caphedalat #@Chương Tường @danhh ,,https://www.tiktok.com/@xun.hng.garden.co/video/7636600755381652737,305,10,7,3706,,
7634144188434779412,caphedalat,2026-05-12T12:56:38,1777462711,mylinhcute510,2535,"Hello em có khoẻ không 🤩 

#dalat #caphedalat #chill #viral #reviewdalat ",,https://www.tiktok.com/@mylinhcute510/video/7634144188434779412,287,9,18,2554,,
7636361176045112597,caphedalat,2026-05-12T12:56:38,1777978894,caphedoigacvong,124,#doigacvong #caphe #dalat ,,https://www.tiktok.com/@caphedoigacvong/video/7636361176045112597,80,10,10,2176,,
7414830225885777168,caphedalat,2026-05-12T12:56:38,1726399719,doancaochun,5807,"Khẩu trang này hiệu quả lắm á nhoa 
#dalat #caphedalat #fyp #chundilam ",,https://www.tiktok.com/@doancaochun/video/7414830225885777168,115,33,2,5049,,
7398767159897246994,caphedalat,2026-05-12T12:56:38,1722659724,caphedi.dalat,4106,"Tiệm cà phê hidden núp hẻm nhỏ Đà Lạt mà chưa chắc bạn đã biết 🛵🌲☕️
.
#caphedi #caphedidalat #reviewdalat #reviewcaphedalat #caphevibedalat #viral #trending #dalatcaphedep #dalattrip ",,https://www.tiktok.com/@caphedi.dalat/video/7398767159897246994,1479,439,24,37700,,
7637868447006723348,caphedalat,2026-05-12T12:56:38,1778329834,cap777.bar,9,"CAP 777

Coffee : 7am - 6pm / Bar : 6pm - 11pm 
Kitchen : 9am-11am / 2pm-9pm
Monday Off
0379311677
22A 3/4 St, W.Xuan Huong, Da Lat City
#cap777 #dalat #dalatcoffee #caphedalat #dalatcity",,https://www.tiktok.com/@cap777.bar/video/7637868447006723348,3,0,0,110,,
7591847193686854930,caphedalat,2026-05-12T12:56:38,1767614674,caphengamruongbacthang,1680,"Này là trên Đà Lạt thui nha m.á. Chớ 5h sáng ở công ty t xỉu liền😆
#tiemcaphevungngoaio #quancaphedalatviewdep #caphesangdalat #caphesanmaydalat #dalatcoffee ",,https://www.tiktok.com/@caphengamruongbacthang/video/7591847193686854930,43400,2406,52,442700,,
7451922064589606152,caphedalat,2026-05-12T12:56:38,1735035816,caphedalat01,184,"Quán cà phê Đà Lạt xịn mịn
📍Airdream Coffee Dalat 
#coffeedalat #cafedalat #cafe #quancaphedalat #quancaphedalatviewdep #dalat #dalatstory #dalatchill ",,https://www.tiktok.com/@caphedalat01/video/7451922064589606152,472,539,10,81100,,
7541610504578469127,caphedalat,2026-05-12T12:56:38,1755918031,thomdalat,2449,"Buổi sáng tại một chiếc cà hê Cottage House giữa lòng Đà Lạt! 🎀

#motcaithom #thom #motbuathom #thomcafe #cottagehouse #caphecheckindalat #quancaphedalatviewdep #cafedalat ",,https://www.tiktok.com/@thomdalat/video/7541610504578469127,101,46,6,12700,,
7635584223646141714,caphedalat,2026-05-12T12:56:38,1777798001,gocnhodalat_23,196,Ngoan xinh iuuu của Góc Nhỏ ơiiii 😍 #CapCut #dalat #caphedalat #xuhuong #fyp ,,https://www.tiktok.com/@gocnhodalat_23/video/7635584223646141714,33,1,2,1134,,
7281695528184843525,banhmidalat,2026-05-12T12:57:02,1695401860,hey_viabritt,250,1 ate there like 5 times. ,,https://www.tiktok.com/@hey_viabritt/video/7281695528184843525,15,0,2,362,,
7436000173614009643,banhmidalat,2026-05-12T12:57:02,1731328720,minutemuncher,12600,"ladies and gentlemen, i think ive finally found it. The best banh mi xiu mai in da lat, and maybe all of vietnam #vietnam #vietfood #vietfoodie #vietnamesestreetfood #vietnamesemukbang #banhmi #banhmixiumai #banhmixiumaidalat #minutemuncher ",,https://www.tiktok.com/@minutemuncher/video/7436000173614009643,193,7,7,6545,,
7629196342413315358,banhmidalat,2026-05-12T12:57:02,1776310717,laurenvacula,4329,"#stitch with @DW Around The World | Traveler thank you for this rec- this was such a good vegan bahn mi find in Dalat, Vietnam! the bread was delicious and she had some crunchy mushrooms on it too. I routed to this place on Google Maps:

📍Tiem Com Tau  #dalat #vietnam #veganbahnmi #vietnamtravel ",,https://www.tiktok.com/@laurenvacula/video/7629196342413315358,8,1,4,254,,
7582229751675424020,banhmidalat,2026-05-12T12:57:02,1765375438,banhmihidalat,2149,"Cuối cùng cũng tối ưu được 1 công. Dậy sớm hơn 1 chút, ra sớm hơn chút. Trộm vía 1 mình vẫn okela #banhmihidalat  #dalat #reviewanngon #banhmithitnuong #Meme ",,https://www.tiktok.com/@banhmihidalat/video/7582229751675424020,835,49,91,51900,,
7590658215998655765,banhmidalat,2026-05-12T12:57:02,1767337844,mememiura,331,"🇻🇳 Where to find Halal Food in Da Lat?

Have you ever tried the famous Vietnam bun “Bánh mì”?
If you are anywhere in Vietnam, please try their Bánh mì – either beef or chicken.

Make sure halal ya ✌️

	•	Bánh = Roti
	•	Mì = Gandum

Enjoy! 🇻🇳🙋🏻‍♀️ #Dalat #halalvietnam #banhmi #vietnam",,https://www.tiktok.com/@mememiura/video/7590658215998655765,70,14,6,2632,,
7507842610304699656,banhmidalat,2026-05-12T12:57:02,1748055832,linhtoursanmaydalat,12400,Bánh Mì BA ĐỜI ngon ngay trung tâm ĐÀ LẠT mà các bạn nên biết#linhlemlinh#dalat#banhmibadoi#banhmi#banhmithitnuong# ,,https://www.tiktok.com/@linhtoursanmaydalat/video/7507842610304699656,373,114,50,6725,,
7308969069770722590,banhmidalat,2026-05-12T12:57:02,1701751981,lynio88,141,Xíu mại chén Đà Lạt #ancungtiktok #foryou #breakfast #banhmixiumai #vietnamesefood #dalatfood #leanontiktok #asiangirl ,,https://www.tiktok.com/@lynio88/video/7308969069770722590,20,0,1,562,,
7596720873000668423,banhmidalat,2026-05-12T12:57:02,1768749414,banhmihidalat,2149,Mai e sẽ làm clip cách chữa sốt khuấy bị nhão lúc sau nhé ạ #banhmi #banhmithitnuonghi #dalat #ansangdalat #khoinghiep ,,https://www.tiktok.com/@banhmihidalat/video/7596720873000668423,195,11,42,23100,,
7619705178039618837,banhmidalat,2026-05-12T12:57:02,1774100868,banhmihidalat,2149,Trộm vía từ 6h-8h30 là hếtttttt. Khoe đừng có mà mất vía ngheeeeeee. Phải ngày 1 tăng lên. 100 ổ/ buổi là e thuê người 😁😁#banhmi #banhmithitnuonghi #dalat #ansangdalat #khoinghiep ,,https://www.tiktok.com/@banhmihidalat/video/7619705178039618837,184,5,93,9357,,
7253438283592502534,banhmidalat,2026-05-12T12:57:02,1688822707,banhmidalat,72,"Các đồng nghiệp có ai bất ổn như tui hem???😁
#xuhuong #trending#banhmiopla  #khoinghiepthanhcong ",,https://www.tiktok.com/@banhmidalat/video/7253438283592502534,25,1,1,479,,
7604812944609660167,banhmidalat,2026-05-12T12:57:02,1770633497,hoanglam.foodie,3900000,Đà Lạt bánh mì xíu mại đi ạ #hoanglamfoodie #hoanglammukbang ,,https://www.tiktok.com/@hoanglam.foodie/video/7604812944609660167,12700,448,40,333200,,
7442324031816224030,banhmidalat,2026-05-12T12:57:02,1732801136,minutemuncher,12600,bánh mì xịu mái for breakfast anyone? 😋 #vietnam #vietfood #vietfoodie #minutemuncher #vietnamesefood #whattoeatinvietnam #vietnamesestreetfood #vietstreetfood #banhmi #banhmixiumai ,,https://www.tiktok.com/@minutemuncher/video/7442324031816224030,70,3,6,1171,,
7248834229335837957,banhmidalat,2026-05-12T12:57:02,1687750744,banhmidalat,72,"Hên là mưa chưa cuốn trôi tủ bánh mì của tui ahihi 🤣🤣🤣
#xuhuong #xuhuong2023
#muadalat 🌧️ #capcut 
#banhmidalat #bunthitnuong
#bunchagio #xuhuongtiktok #fyp @Út nhỏ ",,https://www.tiktok.com/@banhmidalat/video/7248834229335837957,32,0,3,433,,
7250837508492250374,banhmidalat,2026-05-12T12:57:02,1688217166,banhmidalat,72,"♥️♥️ổ bánh mì hoàn chỉnh chỉ 15k♥️ #khoinghiepthanhcong 
#khoinghiepbangxebanhmi #banhmi15k #viral #xuhuong #xuhuongtiktok #xuhuong2023 ",,https://www.tiktok.com/@banhmidalat/video/7250837508492250374,40,2,9,1415,,
7345600548818767137,banhmidalat,2026-05-12T12:57:02,1710280913,cheftybeh,159,The best Banh Mi in Dalat,,https://www.tiktok.com/@cheftybeh/video/7345600548818767137,12,0,0,60,,
7558787033959763218,banhmidalat,2026-05-12T12:57:02,1759917254,tiembanhmidalatld,58,"Tiệm bánh mì ĐÀ LẠT 
 LINN'S LĐ ❤️Bánh mì VIỆT NAM  Xin Chào 🕊❤️ #thịnhhành❤ #xuhuongtiktok #đàlat ",,https://www.tiktok.com/@tiembanhmidalatld/video/7558787033959763218,12,0,0,160,,
7556634898241572103,banhmidalat,2026-05-12T12:57:02,1759416171,tiembanhmidalatld,58,"Buổi sáng thường ngày của tiệm  Bánh mì Linn'S LĐ  ĐÀ LẠT 
#thịnhhành❤ #xuhuongtiktok 
#đàlạt #đàlat ",,https://www.tiktok.com/@tiembanhmidalatld/video/7556634898241572103,6,0,0,140,,
7597827458817084690,banhmidalat,2026-05-12T12:57:02,1769007061,banhmihidalat,2149,Cách làm sốt bơ mật ong ( sốt dầu trứng mật ong) thành công ngay lần đầu!!! #banhmi #banhmithitnuonghi #dalat #ansangdalat #khoinghiep ,,https://www.tiktok.com/@banhmihidalat/video/7597827458817084690,2772,330,208,192900,,
7505366351192558866,banhmidalat,2026-05-12T12:57:02,1747479283,toanlevel.98,1316,Công thức bánh mì lạt #toanlevel #banhmi ,,https://www.tiktok.com/@toanlevel.98/video/7505366351192558866,36,4,10,3056,,
7631707447182249247,banhmidalat,2026-05-12T12:57:02,1776895377,atlspoon,1730,"Doraville location NOW OPEN 🎉

Their hours are 9am to 7pm daily with Thursday closed! We love @banh_mi_135 in Duluth but now we have one closer 👏🏼 we love the OG dac biet but grilled pork was good too. Sandwich and drink combo for $9.95 is so reasonable👌🏼

📍5175 Buford Hwy NE, Doraville, GA 30340

↗️ follow for more fun spots + share with someone you want to go with!",,https://www.tiktok.com/@atlspoon/video/7631707447182249247,114,39,7,3341,,
7548823508055379218,banhmidalat,2026-05-12T12:57:02,1757597441,banhmihidalat,2149,Ta nói vàng ươm mọng nước thơm phức #conthocongono #banhmi #streetfood #myfood #monngonmoingay ,,https://www.tiktok.com/@banhmihidalat/video/7548823508055379218,602,40,87,59500,,
7213634511517535514,banhmidalat,2026-05-12T12:57:02,1679555173,banhmidalat,72,"Bé bán bán bán bánh mì..lo lo lo cho anhhhh❤️❤️❤️😝😝🥖🥖🥖🥖 #CapCut 
#xuhuong ",,https://www.tiktok.com/@banhmidalat/video/7213634511517535514,54,3,10,1230,,
7632769043870665997,banhmidalat,2026-05-12T12:57:02,1777142567,eggdressesup,316900,ive converted many banh mi haters with this one #lafood #lafoodreview #larestaurants #banhmi ,,https://www.tiktok.com/@eggdressesup/video/7632769043870665997,5214,1064,66,56000,,
7588867291178192148,banhmidalat,2026-05-12T12:57:02,1766920863,ngasalim98,371,"Mukbang bánh mì da gà nhà làm 🌶️
#mukbang#banhmidaga#themo#nghienot",,https://www.tiktok.com/@ngasalim98/video/7588867291178192148,3485,223,157,171800,,
7636742693854465301,banhmidalat,2026-05-12T12:57:02,1778067726,vybaobakery_tphcm,42200,"Bánh mì dẻo dừa lá dứa 🌱#dừa #ládứa #bánhmì #vybaobakery🍰 
@VYBAO Bakery Quận bốn 
@VYBAO Bakery Quận bốn ",,https://www.tiktok.com/@vybaobakery_tphcm/video/7636742693854465301,1859,1306,118,227900,,
7614611911325355295,banhmidalat,2026-05-12T12:57:02,1772915017,datbanhmi_,188,Go try the dodging beef at Dat Banh Mi! #fyp #vietnamese #banhmi ,,https://www.tiktok.com/@datbanhmi_/video/7614611911325355295,91,15,7,2797,,
7385966701994708270,banhmidalat,2026-05-12T12:57:02,1719679390,minutemuncher,12600,"this will forever be funny to me, im sorry #vietnam #vietfoodie #vietnamesefood #asianfoodtok #vietnamesestreetfood #dalat #vietnamstreetfood #whattoeatinvietnam #banhmi ",,https://www.tiktok.com/@minutemuncher/video/7385966701994708270,31500,643,514,821300,,
7550245281149783304,banhmidalat,2026-05-12T12:57:02,1757928472,daalin__,15700,"Dedicated to all my fellow Banh Mi lovers 🥖🇻🇳 Here’s my bread recipe + a full step-by-step tutorial that took me something hours to edit 😂 so y’all better appreciate me fr. Jokes aside, thank you for all the love - it makes me so happy to see people enjoying my culture’s food. Honestly, I don’t know anyone who doesn’t love a good Banh Mi 😂

Dough ingredients:
500g strong bread flour
7g instant yeast (not active dry)
10g salt
10g sugar
¼ tsp vitamin C
40g melted butter
270ml lukewarm water
1 egg

And before anyone asks - can you do this by hand? The answer is NO 😂

#banhmi #vietnamese #vietnamesefood #fyp #baking",,https://www.tiktok.com/@daalin__/video/7550245281149783304,28400,7680,903,717200,,
7490109073145253128,banhmidalat,2026-05-12T12:57:02,1743926921,lmtlsstraining,126700,"Banh Mi lovers, maybe keep scrolling 😂🥲 #weightloss ",,https://www.tiktok.com/@lmtlsstraining/video/7490109073145253128,8185,1368,185,228900,,
7616234604759960862,banhmidalat,2026-05-12T12:57:02,1773292837,foodfindsryan,9145,“The best Banh mì in New York City” Bánh Mì Cô Út is on everyone’s top 10 list for a reason! ⭐️ #banhmi #vietnamesefood #nycfood ,,https://www.tiktok.com/@foodfindsryan/video/7616234604759960862,1725,440,16,46800,,
7622726757854104845,dalatcafe,2026-05-12T12:57:11,1774804412,nichole_on_the_run,178,"DALAT CAFE IN LOUISVILLE KENTUCKY IS A SMALL LOCALLY OWNED VIETNAMESE BUISNESS! GREAT CUISINE, HIGHLY RECOMMEND #louisville #smallbuisnessreview #fyp #influemcer #boost ",,https://www.tiktok.com/@nichole_on_the_run/video/7622726757854104845,16,0,1,408,,
7630151911307595016,dalatcafe,2026-05-12T12:57:11,1776560400,c.long.happy.hill,21000,bất ngờ hôm nay có khách đố lại tỷ tỷ vẫn trả lời được🥰😂#happyhilldalat #cafechill #checkindalat #colongduongshort #tytyohappyhill ,,https://www.tiktok.com/@c.long.happy.hill/video/7630151911307595016,109200,3498,1443,3600000,,
7630797274771180817,dalatcafe,2026-05-12T12:57:11,1776683458,dalatlamdongvn,2432,Quán cà phê Cô Long Đà Lạt đông nghẹt khách tới thăm #colongdalat #dulichdalat #trainghiem,,https://www.tiktok.com/@dalatlamdongvn/video/7630797274771180817,5582,324,145,171000,,
7638275621134601503,dalatcafe,2026-05-12T12:57:11,1778424655,bbyv87,876,"happy mother’s day to all the moms, mother figures, pet moms, future moms, and the people who nurture and care for others in ways that don’t always fit the traditional definition. 💐

& for anyone who finds today a little heavy, difficult, or bittersweet, sending you extra love today, because you aren’t alone 🩷
#mothersday #louisville #coffee ",,https://www.tiktok.com/@bbyv87/video/7638275621134601503,28,1,4,407,,
7636136839123832078,dalatcafe,2026-05-12T12:57:11,1777926675,tiktokmadejasdoit,239,Fooodddd 🔥 Matcha …better but still mid. 🙃 #louisville #kentucky #matcha #dalatcafe ,,https://www.tiktok.com/@tiktokmadejasdoit/video/7636136839123832078,78,0,4,897,,
7621556278397095181,dalatcafe,2026-05-12T12:57:11,1774531871,jazzygirl_14,14000,"@dalatscafe is a MUST to visit! 
The drinks were amazing and not to mention their food was a good 9/10. I will definitely be coming again to try more 😋 #pho #matcha #boba #foodies #vietnamese ",,https://www.tiktok.com/@jazzygirl_14/video/7621556278397095181,44,1,8,901,,
7634390910356311316,dalatcafe,2026-05-12T12:57:11,1777520163,hanh.bupb,20600,#cafecolong #hottiktok_xuhuong #happyhillcoffee #checkindalat ,,https://www.tiktok.com/@hanh.bupb/video/7634390910356311316,2341,70,29,109200,,
7228971798237416710,dalatcafe,2026-05-12T12:57:11,1683126161,vianvuxx,4559,tình cờ được một người bạn ĐL dắt đi quán cafe đúng gu tui quá phải share liền huhu vibe của ĐL trong lòng là đây nè các cậu ơii #dalat #dalattrip #dalatcafe #tiktokreviews #vinylrecords #cafevintage #retro #fyp #xuhuong #coffeetiktok #coffeeaddict #coffeetime #coffeeideas #dalatreview ,,https://www.tiktok.com/@vianvuxx/video/7228971798237416710,3483,856,37,93200,,
7638055719769492743,dalatcafe,2026-05-12T12:57:11,1778375100,c.long.happy.hill,21000,CÔ long hôm nay😂 #happyhilldalat #cafechill #colongduongshort #checkindalat #tytyohappyhill ,,https://www.tiktok.com/@c.long.happy.hill/video/7638055719769492743,41,1,2,841,,
7625401545194065183,dalatcafe,2026-05-12T12:57:11,1775427171,lou502city,3272,"You’re sleeping on this spot 👀

We found Dalat’s Cafe, a Vietnamese café serving pho, bánh mì, matcha, and boba.

If you’re in Louisville and want to try something different… this is it.

📍6915 Southside Dr

What are you ordering first?@dalatscafe ",,https://www.tiktok.com/@lou502city/video/7625401545194065183,269,50,6,4453,,
7630290413504498975,dalatcafe,2026-05-12T12:57:11,1776565444,emilyfernanda99_,2502,"DALAT’S CAFE ☕️🍵
#matcha #louisville #louisvillekentucky #foodreview #coffee @dalatscafe ",,https://www.tiktok.com/@emilyfernanda99_/video/7630290413504498975,158,33,5,2753,,
7632033927770754322,dalatcafe,2026-05-12T12:57:11,1776992400,c.long.happy.hill,21000,bất ngờ hôm nay Cô Long hát chúc mừng sinh nhật khách sợ chạy luôn #happyhilldalat #cafechill #checkindalat #colongduongshort #tytyohappyhill ,,https://www.tiktok.com/@c.long.happy.hill/video/7632033927770754322,4299,90,59,182600,,
7537862090900458782,dalatcafe,2026-05-12T12:57:11,1755045292,dalatscafe,1123,"come work with me 💅 

#POV #CafeOwner #SmallBusinessOwner #DayInTheLife #CafeLife #BehindTheScenes #SmallBusinessTikTok #EntrepreneurLife #WorkDayVibes #DailyGrind #dalatscafe ",,https://www.tiktok.com/@dalatscafe/video/7537862090900458782,968,63,34,15800,,
7610287902022520094,dalatcafe,2026-05-12T12:57:11,1771908253,gansitoheart,538,The sea salt matcha tasted like matcha ice cream 🙂‍↕️ #fyp #louisville #food #kentucky ,,https://www.tiktok.com/@gansitoheart/video/7610287902022520094,555,83,9,9834,,
7624499460030106901,dalatcafe,2026-05-12T12:57:11,1775217123,phunuthehemoi,62900,"Cô Long ở Đà Lạt gây sốt, cách nói chuyện hài hước #colongdalat #phunuthehemoi #themightyladieskevalink",,https://www.tiktok.com/@phunuthehemoi/video/7624499460030106901,6060,237,49,213200,,
7638641386215984392,dalatcafe,2026-05-12T12:57:11,1778509795,sidalat.caphe,2711,"Một vài góc nhỏ ở Si ☕🌿  
Đủ chill để bạn dừng lại vài phút...
________
𝐿𝑜𝑣𝑒 𝑆𝑖 🤎
#sidalat #khoinghiepcafe #chill#dalatt #sicaphe  ",,https://www.tiktok.com/@sidalat.caphe/video/7638641386215984392,31,7,4,616,,
7614258291929124109,dalatcafe,2026-05-12T12:57:11,1772832694,tubatuxariel,1917,"the cutest little cafe 🥹🍵 
#louisvillekentucky #dalatscafe #cafe #vietnamesefood #vietcafe ",,https://www.tiktok.com/@tubatuxariel/video/7614258291929124109,338,39,3,6510,,
7635713249295502605,dalatcafe,2026-05-12T12:57:11,1777828051,morahxoo,4958,"Vietnamese Cafe in Louisville! Definitely a place worth trying and revisiting! Coffee, matcha, and pastries were 10/10 @dalatscafe ",,https://www.tiktok.com/@morahxoo/video/7635713249295502605,36,1,5,303,,
7638583044848225556,dalatcafe,2026-05-12T12:57:11,1778496212,tonton.2807,12800,"Quán này chill mà sao vắng quá vậy ta??? 🤭🤭🤭. 
#dalatcoffeechill #dalatcafe ",,https://www.tiktok.com/@tonton.2807/video/7638583044848225556,83,0,7,661,,
7638126017940376840,dalatcafe,2026-05-12T12:57:11,1778389807,airdreamcafe,1272,Một ngày đẹp trời tại airdream cafe #airdream #dalat #checkin #cafe #cafecheckin ,,https://www.tiktok.com/@airdreamcafe/video/7638126017940376840,28,7,1,2070,,
7636568382787095826,dalatcafe,2026-05-12T12:57:11,1778072400,c.long.happy.hill,21000,CÔ LÔNG hôm nay😁#tytyohappyhill #checkindalat #colongduongshort #cafechill #happyhilldalat ,,https://www.tiktok.com/@c.long.happy.hill/video/7636568382787095826,815,26,22,62800,,
7563009582721666317,dalatcafe,2026-05-12T12:57:11,1760900412,theprincessofpilates,3158,@dalatscafe 🌟🌟🌟🌟🌟        if you have other cafes with yummy matcha please comment because i want to try every. single. place. in louisville lmao #matcha #cafe #louisvillekentucky #foryoupage #fyp ,,https://www.tiktok.com/@theprincessofpilates/video/7563009582721666317,510,137,18,8559,,
7480398850885274888,comdalat,2026-05-12T12:57:20,1741666085,bolonton_,51900,"Ghé Đà Lạt nhất định phải ăn lại tiệm cơm nhà này n lần 🥹🫶🏻 
#bolonton #comlinh #comlinhdalat #fyp #xh #dalat #nccdalat #travel  ",,https://www.tiktok.com/@bolonton_/video/7480398850885274888,644,222,16,37800,,
7617051471355350292,comdalat,2026-05-12T12:57:20,1773483010,nghiabiu.daily,9914,"Series Ăn Sập Đà Lạt với tiệm cơm Hồi Nớ, ngon rẻ rất đáng để trải nghiệm 

#tiemcomhoino #dalat #reviewanngon #reviewdalat #fyp ",,https://www.tiktok.com/@nghiabiu.daily/video/7617051471355350292,916,327,21,40900,,
7374044494146145544,comdalat,2026-05-12T12:57:20,1716903539,tiemcomnieunhala,9135,"TIỆM CƠM NIÊU 59K ĐÀ LẠT
#comnieu #dalatreview #tiemcomnieunhala #comngon #comnieudalat",,https://www.tiktok.com/@tiemcomnieunhala/video/7374044494146145544,13700,2106,210,1100000,,
7514631840213454088,comdalat,2026-05-12T12:57:20,1749636571,du_lich_dalat,242400,Quán Cơm Trưa Với Các Món Ăn Đặc Sản Của Người Đồng Bào Ngon Bình Dân Ngay Trung Tâm Đà Lạt#thodandalad#dalat#comtrua#quancomdalat#mocbbq#mocquan#checkindalat# ,,https://www.tiktok.com/@du_lich_dalat/video/7514631840213454088,6023,3766,214,354500,,
7607257270879128839,comdalat,2026-05-12T12:57:20,1771202613,chidichilll,302600,Tiệm cơm bình yên giữa lòng Đà Lạt #chidichill #dalat #tiemcomdalat ,,https://www.tiktok.com/@chidichilll/video/7607257270879128839,2407,440,18,64300,,
7575476880564817159,comdalat,2026-05-12T12:57:20,1763803162,quancomlinhdalat,12300,Tiệm cơm gần gũi cho những bữa thèm cơm mẹ nấu 🥢 #quancomlinh #comnhadalat #tiemcomdalat #quancomdalat #comgiadinh ,,https://www.tiktok.com/@quancomlinhdalat/video/7575476880564817159,13700,805,223,265000,,
7564221039358561544,comdalat,2026-05-12T12:57:20,1761182463,thelam35lytutrong,2125,"Cơm trưa 7 món, Đậm vị quê nhà chỉ với 80k. Cơm trưa Đà Lạt thì nhiều nơi, nhưng cơm trưa ngay trung tâm với view đồi thông thì đến The Lam nhen 🤤#TheLam #dalat #viral #chill #antruadalat ",,https://www.tiktok.com/@thelam35lytutrong/video/7564221039358561544,784,541,74,74700,,
7622648441415453972,comdalat,2026-05-12T12:57:20,1774786152,liemgayphoto,204900,mang tiếng được mời đi ăn mà vẫn phải trả tiềnn 🙂 #liemdalat #reviewdalat #tiemcomdalat ,,https://www.tiktok.com/@liemgayphoto/video/7622648441415453972,1704,89,38,76400,,
7371443709138832648,comdalat,2026-05-12T12:57:20,1716297987,tanohien,43800,"Quán cơm số 7 người địa phương hay ăn trưa thâm niên 20 năm Đà Lạt 📍50 Đan Kia - Phường 7
Đà Lạt ⏰ : 9h sáng - 2h trưa #tanhien_sosdalat #quandiaphuongdalat #cơm ",,https://www.tiktok.com/@tanohien/video/7371443709138832648,2196,342,32,151600,,
7631789139515428114,comdalat,2026-05-12T12:57:20,1776914384,vinhatiemcomdalat,586,"Người ta đi Đà Lạt để chill, còn mình ghé Vị Nhà để...ăn cơm như ở nhà. Đơn giản thôi, nhưng lại thấy dễ chịu đến lạ. 
#tiemcomvinha #comtruadalat #quancomdalat #dalat ",,https://www.tiktok.com/@vinhatiemcomdalat/video/7631789139515428114,24400,1015,232,447400,,
7524272450293517576,comdalat,2026-05-12T12:57:20,1751881202,du_lich_dalat,242400,Cơm tấm ngon ngay trung tâm Đà Lạt cho bạn nào chưa biết#thodandalad#dalat#comtamutle #comtam#comtamdalat#comtamngondalat#comtamdemdalat# ,,https://www.tiktok.com/@du_lich_dalat/video/7524272450293517576,765,345,54,65500,,
7544952330693840136,comdalat,2026-05-12T12:57:20,1756696114,dicungphuc,455500,Cơm gà bình dân của người Đà Lạt #dicungphuc #dalat #comga #lamdong #dulich ,,https://www.tiktok.com/@dicungphuc/video/7544952330693840136,3344,386,81,158000,,
7637753715897715975,comdalat,2026-05-12T12:57:20,1778303123,quancomlinh.doithuong,647,Khách ghé Linh dùng bữa không lo nóng đâu nha #quancomlinhdalat #comgiadinh #thoitietdalat #dalatdidau ,,https://www.tiktok.com/@quancomlinh.doithuong/video/7637753715897715975,54,4,3,1321,,
7509118578205953288,comdalat,2026-05-12T12:57:20,1748352916,hellolapday,262600,"Đi Đà Lạt ăn cơm tấm, tại sao không? #hellolapday #comtammylinh #lapfoody #reviewanngon #ancungtiktok #dalat #comtam ",,https://www.tiktok.com/@hellolapday/video/7509118578205953288,3776,798,56,93300,,
7349758713667898625,comdalat,2026-05-12T12:57:20,1711249062,du_lich_dalat,242400,Quán Cơm Niêu Ngon Ngay Trung Tâm Đà Lạt#thodandalad#dalat#reviewdalat#comnieu#comnieudalat#comnieuvietnam# ,,https://www.tiktok.com/@du_lich_dalat/video/7349758713667898625,1575,993,41,147500,,
7396907489075252487,comdalat,2026-05-12T12:57:20,1722226735,du_lich_dalat,242400,Quán Cơm Đà Lạt Ngon Như Cơm Mẹ Nấu Ngay Trung Tâm#thodandalad#dalat#quanngondalat#comdalat#comtruadalat#dalatangi#comdalat# ,,https://www.tiktok.com/@du_lich_dalat/video/7396907489075252487,1406,730,34,84300,,
7431168879977630994,comdalat,2026-05-12T12:57:20,1730203836,baro.phe,231300,"Tiệm cơm nhà ngon mà lần nào đi Đà Lạt mình cũng ghé ăn
#dalat #quancomdalat #antruadalat #antoidalat #comngondalat #reviewdalat #paophe ",,https://www.tiktok.com/@baro.phe/video/7431168879977630994,143,99,20,31400,,
7596484433016900885,comdalat,2026-05-12T12:57:20,1768694382,comdongbao47,11800,App xanh của quán cũng nhộn nhịp không kém tại Quán đâu ạ ❤️❤️❤️#comdongbao #xuhuongtiktok #bangarden #dalat #fyp ,,https://www.tiktok.com/@comdongbao47/video/7596484433016900885,2396,225,77,171500,,
7562106189757156616,comdalat,2026-05-12T12:57:20,1760690055,xalachtrondaugiam,51500,Đi ăn cơm tấm ngon rẻ dới tui hông? #dalat #local #comtam ,,https://www.tiktok.com/@xalachtrondaugiam/video/7562106189757156616,6183,654,105,169300,,
7632697053822373140,comdalat,2026-05-12T12:57:20,1777125774,wisteria.hotel.lt,108,"Tưởng đùa… 69K mà ăn trọn bữa cơm sạch như nhà nấu ở Đà Lạt? 
#com69k #buffetdalat #comtrua #dalatfood #reviewdalat #fooddalat #ancungban #dalattrip",,https://www.tiktok.com/@wisteria.hotel.lt/video/7632697053822373140,14,3,7,838,,
7388817194697755912,comdalat,2026-05-12T12:57:20,1720343069,du_lich_dalat,242400,Quán Cơm Gà Cơm Gia Đình Mà Ít Ai Biết Khi Lên Đà Lạt#thodandalad#dalat#comga#tiemanromdalat#reviewdalat#   ,,https://www.tiktok.com/@du_lich_dalat/video/7388817194697755912,16100,6994,550,566100,,
7436718300781939975,comdalat,2026-05-12T12:57:20,1731495911,_emmanef_,28800,"Nôn nao tới Tết để tụ họp, cùng nhau ăn một bữa cơm nhà thật sự 🫶

#comnha #quancomlinh #dalat #diadiemanchoi #foodreview #fypシ゚ ",,https://www.tiktok.com/@_emmanef_/video/7436718300781939975,647,113,17,26600,,
7344170952231570708,comdalat,2026-05-12T12:57:20,1709948106,tiemcomnieunhala,9135,"CƠM NIÊU 59K NGON TẠI ĐÀ LẠT ❤️❤️❤️
#comnieu #dalatreview #tiemcomnieunhala #comngon  #comnieudalat",,https://www.tiktok.com/@tiemcomnieunhala/video/7344170952231570708,70100,4983,630,2700000,,
7509356990028647687,comdalat,2026-05-12T12:57:20,1748408425,nhatlinhneeeee,118500,Quán cơm mà lần nào đi cũng ghé #fyp #dalat #dalatreview #comnieu #comnha ,,https://www.tiktok.com/@nhatlinhneeeee/video/7509356990028647687,1448,435,30,84200,,
7636256702370696455,comdalat,2026-05-12T12:57:20,1777954568,vinhatiemcomdalat,586,"Có một kiểu hạnh phúc rất nhỏ
Là trưa ghé Vị Nhà. Gọi vài món quen
Ăn một bữa cơm mà thấy như được “trở về” ❤️ #tiemcomvinha #quancomngon #VịNhà #ĐàLạt #tiemcomdalat ",,https://www.tiktok.com/@vinhatiemcomdalat/video/7636256702370696455,20,6,1,1498,,
7104962108843887899,comdalat,2026-05-12T12:57:20,1654252901,didalatcungtruc,207700,🤤 Tiệm cơm phần siêu ngon mà hơi bị rẻ ở Đà Lạt #dalat #dalatreview #xuhuong #gdlfamily #ancungtiktok #reviewanngon #food #didalatcungtruc,,https://www.tiktok.com/@didalatcungtruc/video/7104962108843887899,8410,894,120,423600,,
7628488627995086100,comdalat,2026-05-12T12:57:20,1776145930,comgakuboc.dalat,5938,"Quán cơm gà có nhiều loại sốt, nằm ngay trung tâm Đà Lạt. #comgakuboc #ancungtiktok #comga #dalatangi #dalat ",,https://www.tiktok.com/@comgakuboc.dalat/video/7628488627995086100,52,18,5,3615,,
7634391611350256903,comdalat,2026-05-12T12:57:20,1777520320,vinhatiemcomdalat,586,"Vị Nhà – một mâm cơm giản dị,
khói bếp còn vương,
đủ để ai đi qua một ngày dài
cũng có chỗ dừng lại nhẹ nhàng 
#vinha #comtrua #tiemcomdalat #dalatangi #dalat",,https://www.tiktok.com/@vinhatiemcomdalat/video/7634391611350256903,2154,105,43,97300,,
7432225400417160456,dalat2024,2026-05-12T12:57:27,1730449829,dulichbazan,73400,Chuẩn không cần chỉnh 🤩🤩 Trọn gói Đà Lạt 3N3Đ chỉ 1triệu990. Mọi người nhanh tay đặt để không bỏ lỡ chương trình ưu đãi hấp dẫn mùa Festival Hoa năm nay nha #tourdalat #festivalhoadalat2024 #dalat #bazantravel #xuhuong,,https://www.tiktok.com/@dulichbazan/video/7432225400417160456,1940,727,268,90000,,
7449321761960627474,dalat2024,2026-05-12T12:57:27,1734430385,happyhill.dalat,1300000,Một chiếc cam thường ko chỉnh sửa . Hoàng hôn chiều 17/12/2024 . #dalat #happyhilldalat #hoanghon ,,https://www.tiktok.com/@happyhill.dalat/video/7449321761960627474,29600,9815,691,744800,,
7386146938405702919,dalat2024,2026-05-12T12:57:27,1719721350,quocthinh.officiall,124100,"Đà Lạt 1 góc nhìn từ trên cao 03/2024 ( P.1 )
#Dalat #flycam #fyp #travel #traveltiktok #trending #viral #adventure #explore #hotuyenlam ",,https://www.tiktok.com/@quocthinh.officiall/video/7386146938405702919,433,0,0,12300,,
7342849390152895751,dalat2024,2026-05-12T12:57:27,1709640356,be_oanh_5199,1276,view thành phố buổi tối ở đà lạt chill ghê #dalat #dalat2024 #checkindalat #viewdalat ,,https://www.tiktok.com/@be_oanh_5199/video/7342849390152895751,1959,1474,33,161000,,
7336238404012739847,dalat2024,2026-05-12T12:57:27,1708101116,bu1810,1762,Dalat 2024 #pinetown #dalat #fyp ,,https://www.tiktok.com/@bu1810/video/7336238404012739847,2813,25,10,14500,,
7454005677103566087,dalat2024,2026-05-12T12:57:27,1735520957,nguyenvan7999,23600,"ĐÀ LẠT MÙA SIM TÍM ❤️. #dalat #festival #festivalhoadalat2024 #canhdep #hoasim #
@NguyenVan799 ",,https://www.tiktok.com/@nguyenvan7999/video/7454005677103566087,387,48,63,7753,,
7382569625709546782,dalat2024,2026-05-12T12:57:27,1718888500,tatravels,31,"📍 Da Lat, Vietnam
2024 Trip",,https://www.tiktok.com/@tatravels/video/7382569625709546782,9,0,2,689,,
7637188474017221896,dalat2024,2026-05-12T12:57:27,1778171512,linhdan.hana,10,được gặp thần Kim Quy  rồi 🤭 #dulich #dalat ,,https://www.tiktok.com/@linhdan.hana/video/7637188474017221896,15,0,2,392,,
7356952334078905608,dalat2024,2026-05-12T12:57:27,1712923951,tramtramthao7,299,"=)))) thấy cái view củm bt #dalat #dalatstory #dalattrip #dallat2024 
#dalatnight #dalatreview #đàlạt #picoftheday ",,https://www.tiktok.com/@tramtramthao7/video/7356952334078905608,13,1,1,282,,
7491503862705032494,dalat2024,2026-05-12T12:57:27,1744251677,thixinhyeu,99,Hình bóng ấy ...#capcut#tiktok#trending#dalat#2024,,https://www.tiktok.com/@thixinhyeu/video/7491503862705032494,16,0,1,458,,
7343623713016925448,dalat2024,2026-05-12T12:57:27,1709820640,quangdalatstudio,5224,Cầu treo đa nhim 7/3/2024 #QuangDaLatStudio #DaLat #checkindalat ,,https://www.tiktok.com/@quangdalatstudio/video/7343623713016925448,48800,1484,1674,1400000,,
7330587974440193322,dalat2024,2026-05-12T12:57:27,1706785534,andyhuynh61,4608,Da lat 2024,,https://www.tiktok.com/@andyhuynh61/video/7330587974440193322,79,0,19,546,,
7378086453630258440,dalat2024,2026-05-12T12:57:27,1717844622,happydaytravel,74300,Tổng hợp giá vé các địa điểm hot ở Đà Lạt 2024. Happy Day cũng có tour đến những điểm này mỗi ngày nên khách cứ liên hệ đặt tour nhen 🥰 #happyday #happydaytravel #reviewdalat #dalat #dulichdalat #tourdalat ,,https://www.tiktok.com/@happydaytravel/video/7378086453630258440,17400,11600,971,1000000,,
7345051112946502958,dalat2024,2026-05-12T12:57:27,1710153026,6.2n3.6,20,10/3/2024 chuyến đi nhớ đời của chúng tuiii#dalat #valleeduvent #xuhuong #fyn ,,https://www.tiktok.com/@6.2n3.6/video/7345051112946502958,35,0,0,435,,
7637037676184571144,dalat2024,2026-05-12T12:57:27,1778136404,thuhng6988,271,,,https://www.tiktok.com/@thuhng6988/video/7637037676184571144,50,6,14,633,,
7407253434300157227,dalat2024,2026-05-12T12:57:27,1724635590,anhsjournal,80300,"Vlog Đà Lạt 2024. Mọi người cùng đi Đà Lạt chữa lành với mình nha 🤭🤭 đợt về Việt Nam đi Đà Lạt mà mãi tới nay có đăng video lên cho cả nhà xem nè 🙈🙈

#anhsjournal #dalat #vietnam #vlog #travel #traveltiktok #vietnamese #vietnamesefood #foryou #foryoupage #viral #trending #trend #xuhuong #xuhuongtiktok #dulich ",,https://www.tiktok.com/@anhsjournal/video/7407253434300157227,768,6,15,32700,,
7326562163907235074,dalat2024,2026-05-12T12:57:27,1705848192,hiakhoa,7447,"Bạn có biết Đà Lạt vừa có 1 quán cafe thú cưng mới. Đây là Cherry Pet Coffee ở Tự Phước nha. Mở cửa 7:00-22:00.
#quancafedalat #dalat #dalat2024 ",,https://www.tiktok.com/@hiakhoa/video/7326562163907235074,227,122,7,28300,,
7588927046731058453,dalat2024,2026-05-12T12:57:27,1766934776,_odaycochungtuii_,151,Ep 8| Đà Lạt 2024 cùng họ.  Tôi không biết thế lực nào có thể xếp nổi lịch cho 16 mạng này đi du lịch chung #noiluugiukiniem #fyp #xuhuong #dalat #mongolandđàlạt🌴 ,,https://www.tiktok.com/@_odaycochungtuii_/video/7588927046731058453,10800,6267,47,164900,,
7363570666936814849,dalat2024,2026-05-12T12:57:27,1714464910,leehai_87dn,12000,"Lighting show- ĐALAT MUSIC FESTIVAL Day 2 29/4/2024
#dalat #dmf #dalatmusicfestival2024 #lightingshow #soundlighting #amthanhanhsang #ledwall #ledscreen #xuhuong #trend  #trendingvideo ",,https://www.tiktok.com/@leehai_87dn/video/7363570666936814849,2164,66,42,60100,,
7638157257502412052,dalat2024,2026-05-12T12:57:27,1778397076,hoangmy050188,14,relax #viral #xuhuong #soda #berong2024 #dalat ,,https://www.tiktok.com/@hoangmy050188/video/7638157257502412052,2,0,2,130,,
7397796407630908679,dalat2024,2026-05-12T12:57:27,1722433703,tuthoreview,200300,Chiếc khách sạn ở Đà Lạt với diện tích cực rộng là đây nha 💯❤️@DieuThongHotel DALAT #đàlạt #đà_lạt #xuhuongtiktok2024 #xuhuong2024 #xuhuong24gioqua #LearnOnTikTok #hot #travel #fypシ゚viral ,,https://www.tiktok.com/@tuthoreview/video/7397796407630908679,6809,172,95,168100,,
7638469284536093960,dalat2024,2026-05-12T12:57:27,1778469725,kenllyhien0,1014,Không chỉnh làm sao mà đẹp 😅#hottren #tiktokshopfunfestv #cafephuket #xuhuongtiktok2024❤️🌈✔️ #dalatreview ,,https://www.tiktok.com/@kenllyhien0/video/7638469284536093960,12,0,3,155,,
7451787641567071496,dalat2024,2026-05-12T12:57:27,1735004524,nguyenvan7999,23600,"Đà Lạt chiều xưa 🌹#festival #dalat #festivalhoadalat2024 #thanhphosuongmu #suoibinhyen #vuondiadang #nguyenvan799
@NguyenVan799 ",,https://www.tiktok.com/@nguyenvan7999/video/7451787641567071496,828,77,98,21500,,
7448138254613826832,dalat2024,2026-05-12T12:57:27,1734154858,linhphung199,671,#2024 #dalat #viral ,,https://www.tiktok.com/@linhphung199/video/7448138254613826832,179,8,32,3214,,
7508329230074154247,dalat2024,2026-05-12T12:57:27,1748169131,choimohinhh,12,Đà lạt 2024 .#dalat #2024 #xuhuong #deoprenn #tb #ti̇ktok ,,https://www.tiktok.com/@choimohinhh/video/7508329230074154247,1464,2,13,7612,,
7346533811838012673,dalat2024,2026-05-12T12:57:27,1710498202,lehuynhnhune,24500,"Cách gây ấn tượng cho chuyến đi Đà Lạt 2024 
Top 1: Hẹn nhưng không đi 🙂 #CapCut #dalat #deoprenn #xuhuong ",,https://www.tiktok.com/@lehuynhnhune/video/7346533811838012673,127200,3866,1794,3100000,,
7638431364689317127,dalat2024,2026-05-12T12:57:27,1778460905,dinhnhungrose,4964,Dàn hồng leo sau 2 năm chăm sóc của nhà em #dinhnhungrose #saigon #dalat #roseflower #hoahồng ,,https://www.tiktok.com/@dinhnhungrose/video/7638431364689317127,18,1,1,604,,
7391037453303385360,dalat2024,2026-05-12T12:57:27,1720860019,vivisukii,132000,"Đây là cách mẹ tui gọi tui dậy 😂
#vivisukiii #withmom #dalat2024 ",,https://www.tiktok.com/@vivisukii/video/7391037453303385360,316300,25400,7831,3800000,,
7394121024977079559,dalat2024,2026-05-12T12:57:27,1721577964,phanthithuthamm,237,Đà Lạt 14..16 /04/2024,,https://www.tiktok.com/@phanthithuthamm/video/7394121024977079559,17,1,1,1186,,
7335675997917891858,dalat2024,2026-05-12T12:57:27,1707970171,trancute910,1184,Đà Lạt 2024 thời tiết đẹp xĩuuu😍#dalat #deoprenn #viral #xuhuong #thinhhanh ,,https://www.tiktok.com/@trancute910/video/7335675997917891858,121,3,16,4746,,
7619642756096363796,khamphadalat2024,2026-05-12T12:57:51,1774086336,sl.international6,13700,Iran's ​new Supreme ‌Leader Ayatollah ​Mojtaba ​Khamenei ,,https://www.tiktok.com/@sl.international6/video/7619642756096363796,4932,444,134,90500,,
7369038025763867922,khamphadalat2024,2026-05-12T12:57:51,1715737876,dalatcham,242900,7 Đoá Hoa Sen được hạ thuỷ trên Hồ Xuân Hương Đà Lạt Mừng đại lễ Phật Đản #lephatdan2024 #dalat #dalatcham #khamphadalat ,,https://www.tiktok.com/@dalatcham/video/7369038025763867922,2250,134,33,63200,,
7433598646714748177,khamphadalat2024,2026-05-12T12:57:51,1730769586,quanthedulichpini,1807,"🌟 LIMI WORLD 🌟 – Thiên đường vui chơi tuyệt vời cho các bé tại Pi Ni Đà Lạt! 🎡
Đến LIMI WORLD, các bé sẽ được thỏa sức khám phá thế giới trò chơi đầy màu sắc với vô vàn hoạt động lý thú và sáng tạo. Đây không chỉ là nơi vui chơi mà còn giúp các bé phát triển kỹ năng và khám phá bản thân qua từng trò chơi hấp dẫn! 🎨🎠
👨‍👩‍👧‍👦 Hãy đến Pi Ni và mang lại cho bé những kỷ niệm đáng nhớ tại LIMI WORLD – nơi bé thỏa sức vui chơi và học hỏi! 🌈💖
-------------------------------
💞𝓠𝓾𝓪̂̀𝓷 𝓣𝓱𝓮̂̉ 𝓚𝓱𝓾 𝓓𝓾 𝓛𝓲̣𝓬𝓱 𝓟𝓲 𝓝𝓲 Đ𝓪̀ 𝓛𝓪̣𝓽💞
𝐴𝑑𝑑: thôn Đạ Nghịt, xã Lát, huyện Lạc Dương, tỉnh Lâm Đồng
𝐻𝑜𝑡𝑙𝑖𝑛𝑒: 02633 733888
#KDLPiNi #DulichDaLat #khamphadalat #xh #xuhuong2024tiktok❤️🌈✔️ #xuhuong2024 #dulich #dulichdalat2024 #xuhuong2024❤️ #DaLat #baby #playstation #kids #playground",,https://www.tiktok.com/@quanthedulichpini/video/7433598646714748177,20,0,1,1441,,
7544206993511189780,khamphadalat2024,2026-05-12T12:57:51,1756522576,aslamkhan4110459068957,5836,#cejour-là ,,https://www.tiktok.com/@aslamkhan4110459068957/video/7544206993511189780,22,2,2,116,,
7448899696795471122,khamphadalat2024,2026-05-12T12:57:51,1734332115,yex.kham.moon,1435,"#CapCut 
Recap2024💣",,https://www.tiktok.com/@yex.kham.moon/video/7448899696795471122,88,0,8,591,,
7633038389683473694,khamphadalat2024,2026-05-12T12:57:51,1777205298,fils_de_macky,211300,😂😂😂😂😂😂😂👋#senegaltiktok221 #senegalesetwists #senegalaise_tik_tok🇸🇳pourtoichallenge ,,https://www.tiktok.com/@fils_de_macky/video/7633038389683473694,2387,270,102,54900,,
7635882336382356757,khamphadalat2024,2026-05-12T12:57:51,1777867405,shinnawkham,2416,#onthisday ,,https://www.tiktok.com/@shinnawkham/video/7635882336382356757,18,0,0,302,,
7602625869852462357,khamphadalat2024,2026-05-12T12:57:51,1770124278,ah.chang.mp,220,🥀🌹🌹,,https://www.tiktok.com/@ah.chang.mp/video/7602625869852462357,7,0,0,47,,
7507862130943626504,khamphadalat2024,2026-05-12T12:57:51,1748060378,lkham083,1022,#onthisday ,,https://www.tiktok.com/@lkham083/video/7507862130943626504,15,0,3,117,,
7454571773951069458,khamphadalat2024,2026-05-12T12:57:51,1735652748,chando_bhatti_5,3007,last chapter of 2024 🥀💔🥹#alweda#2024 #🥹💘🦋 #chando #bhatti #05 ,,https://www.tiktok.com/@chando_bhatti_5/video/7454571773951069458,67,0,0,206,,
7595227924387712312,khamphadalat2024,2026-05-12T12:57:51,1768401812,venom_edits077,714,Smash Everybody🐺 #ufc #ufcfightpass #ufcedit #fypシ #khamzatchimaev ,,https://www.tiktok.com/@venom_edits077/video/7595227924387712312,48800,2568,482,417500,,
7498583679401250066,khamphadalat2024,2026-05-12T12:57:51,1745900069,ladla___beta,1417,#onthisday,,https://www.tiktok.com/@ladla___beta/video/7498583679401250066,48,0,10,221,,
7524642479908457735,khamphadalat2024,2026-05-12T12:57:51,1751967357,khanusman1920,290,#onthisday #🇦🇫 ,,https://www.tiktok.com/@khanusman1920/video/7524642479908457735,38,0,10,374,,
7453767412782091525,khamphadalat2024,2026-05-12T12:57:51,1735465474,om_kun26,5159,Momen Pegang tangan Natal 25 Desember 2024 #om_kum #lekdayman #tepapride🏝🔥 #fypシ #babarhits #tepahits ,,https://www.tiktok.com/@om_kun26/video/7453767412782091525,225,9,15,7410,,
7474997985911262486,khamphadalat2024,2026-05-12T12:57:51,1740408597,top_fashion_mitcham,1568,One of the most sold perfume of 2024! Khamrah by lattafa 👑 you can’t go wrong with this one. The ultimate compliment gainer🤩 #hairandbeauty #cosmetics #perfumetiktok #perfumes #foruyou #fyp #lattafa #lattafaperfume #khamrah #khamrahlattafa #unisex #fragrances #fragrancetiktok ,,https://www.tiktok.com/@top_fashion_mitcham/video/7474997985911262486,52,1,1,3402,,
7555491780674817336,khamphadalat2024,2026-05-12T12:57:51,1759150020,kalkal842,3955,#onthisday,,https://www.tiktok.com/@kalkal842/video/7555491780674817336,113,0,4,368,,
7457934869973175595,khamphadalat2024,2026-05-12T12:57:51,1736435785,zokakhu,322,,,https://www.tiktok.com/@zokakhu/video/7457934869973175595,27,0,0,359,,
7638099958498872597,khamphadalat2024,2026-05-12T12:57:51,1778383734,user930887972,23,,,https://www.tiktok.com/@user930887972/video/7638099958498872597,11,0,0,99,,
7638197942809070866,khamphadalat2024,2026-05-12T12:57:51,1778406547,mll.fficill,932,,,https://www.tiktok.com/@mll.fficill/video/7638197942809070866,65,0,8,398,,
7454571371914431762,khamphadalat2024,2026-05-12T12:57:51,1735652654,m.owensubabymohkham,237,#Pa Pa @Symyo Moh Kham💞,,https://www.tiktok.com/@m.owensubabymohkham/video/7454571371914431762,33,0,1,346,,
7437980248974855470,khamphadalat2024,2026-05-12T12:57:51,1731789735,khamkeointhisone6,52,,,https://www.tiktok.com/@khamkeointhisone6/video/7437980248974855470,7,0,1,328,,
7603107967428201746,khamphadalat2024,2026-05-12T12:57:51,1770236526,asiwrites6,2835,"5 February Kashmir Day 😭😭🙏#_""black 🖤 day 🥺""Kashmir ",,https://www.tiktok.com/@asiwrites6/video/7603107967428201746,31,0,2,184,,
7392072259059617070,khamphadalat2024,2026-05-12T12:57:51,1721100951,sengkham2024,3714,"NastyxUnforgetable

@kennsyren 

@Phoebe 
.
.
.
.
.
#dance #tend #nasty #unforgetable #fypシ゚viral #fyppoooooppppppppppppppp ",,https://www.tiktok.com/@sengkham2024/video/7392072259059617070,21,1,2,349,,
7454565064427851051,khamphadalat2024,2026-05-12T12:57:51,1735651194,mr.khambo,21800,,,https://www.tiktok.com/@mr.khambo/video/7454565064427851051,29,0,0,2093,,
7343226011728760066,khamphadalat2024,2026-05-12T12:57:51,1709728044,azamkaramatkhokhar,182800,Laal dy qadma #shahbazqalandar🚩 #azamkaramatkhokhar #flypシ #viral #tiktokdubsi🇦🇪🇦🇪🇦🇪uryoupage🇵🇰🇵🇰🇵🇰🇵🇰 #pleasesupportme🙏🙏 #powerkapunch #2024 #lalshahbazqalandar #foryou #whatsappstatus #celebrations #shia #karachi @💛Chahat Shehzadi👸 @Jugi Bhai ,,https://www.tiktok.com/@azamkaramatkhokhar/video/7343226011728760066,656,2,7,5490,,
7436916459722394936,khamphadalat2024,2026-05-12T12:57:51,1731542055,guapitaperfumeria,7959,"Estos son los tres perfumes árabes más vendidos para hombres en este 2024.🔥

Cada uno, tiene una esencia única para quienes buscan dejar huella. 👑✨

Pregunta por tu perfume favorito📲

#perfumeria #perfumes #perfumeria #lociones #khamrahlattafa #asad #alharamain #perfumesarabes #perfumetiktok #bucaramanga #fyb ",,https://www.tiktok.com/@guapitaperfumeria/video/7436916459722394936,11500,6562,679,878300,,
7489756109125848322,khamphadalat2024,2026-05-12T12:57:51,1743844741,dildequeen_2,17100,#kalaam#forpyoupage❤😘 #foryou♥️🙂‍↕️#scotland ,,https://www.tiktok.com/@dildequeen_2/video/7489756109125848322,22,0,7,260,,
7350822644633079083,khamphadalat2024,2026-05-12T12:57:51,1711496792,khambrel.fair,137,,,https://www.tiktok.com/@khambrel.fair/video/7350822644633079083,19,0,1,79,,
7434349282196589844,khamphadalat2024,2026-05-12T12:57:51,1730944343,quanthedulichpini,1807,"🏯 Khu trưng bày cổ vật Pi Ni - Dấu ấn thời gian 🏯
🛡Mỗi binh khi cổ mang theo một câu chuyện về lòng quả cảm và tinh thần đấu tranh của con người qua bao thế kỷ. Đây không chỉ thể hiện trình độ kỹ thuật, tay nghề rèn đúc của người xưa mà còn là sự phản ánh bản sắc văn hóa độc đáo từ hình dáng, chất liệu đến từng chi tiết chạm khắc tinh tế.
🔑Sự hoài cổ tại đây như đưa chúng ta về những ngày oanh liệt của các chiến binh Tây Nguyên kiên cường, cho ta cảm thấy sự trân trọng và tự hào về tinh thần, văn hóa của đồng bào xưa, đọng lại trong từng hiện vật quý giá.
-------------------------------
⚖️ 𝓠𝓾𝓪̂̀𝓷 𝓣𝓱𝓮̂̉ 𝓚𝓱𝓾 𝓓𝓾 𝓛𝓲̣𝓬𝓱 𝓟𝓲 𝓝𝓲 Đ𝓪̀ 𝓛𝓪̣𝓽 ⚖️
𝐴𝑑𝑑: thôn Đạ Nghịt, xã Lát, huyện Lạc Dương, tỉnh Lâm Đồng
𝐻𝑜𝑡𝑙𝑖𝑛𝑒: 02633 733888
#KDLPiNi #DulichDaLat #khamphadalat #lichsu #vanhoa #xh #xuhuong2024tiktok❤️🌈✔️ #xuhuong2024 #dulich #xuhuong2024❤️ #DaLat",,https://www.tiktok.com/@quanthedulichpini/video/7434349282196589844,15,0,5,373,,
7634390002784357653,checkindalat,2026-05-12T12:58:04,1777519951,dalatphongbat,2939,#toiladandalat #reviewdalat #dalat #caphechill #checkin ,,https://www.tiktok.com/@dalatphongbat/video/7634390002784357653,7862,2439,53,241000,,
7605203161032264978,checkindalat,2026-05-12T12:58:04,1770724354,sanmaydalat_,34500,Không nghĩ đây là Đà Lạt luôn 😍 #checkindalat #dalatdidau #solenadalat #dalatreview #dalat ,,https://www.tiktok.com/@sanmaydalat_/video/7605203161032264978,5500,3745,79,201100,,
7638662396680097044,checkindalat,2026-05-12T12:58:04,1778514689,360do_dalat,1370,"Căn này hot một thời nè mn ưi ☺️ 
#checkindalat #villadalat #homestaydalat ",,https://www.tiktok.com/@360do_dalat/video/7638662396680097044,3,0,0,315,,
7634762627188624658,checkindalat,2026-05-12T12:58:04,1777606701,quyquy23review,1246,"Thất thủ Happy Hill Coffee. Cổ hot quá chừng hot, Cô Long ở ngoài xinh, duyên dáng lắm luôn á cả nhà #happyhilldalat #dalat #checkindalat #colongdalat #dalatdidau @Happy Hill Coffee - Đà Lạt ",,https://www.tiktok.com/@quyquy23review/video/7634762627188624658,173,14,2,6541,,
7636275284378930453,checkindalat,2026-05-12T12:58:04,1777958902,ohdidi.review,2312,"Đà Lạt tháng 5 có gì? 🌿 
Không phải mùa đẹp nhất nhưng vẫn đầy trải nghiệm đáng thử!
#DaLat #DaLatTravel #CheckinDaLat #DuLichVietNam #MustTry   ",,https://www.tiktok.com/@ohdidi.review/video/7636275284378930453,166,107,36,12900,,
7616305515848551700,checkindalat,2026-05-12T12:58:04,1773309325,mee.dalat,4925,"1 quán cafe vibe Hàn nhỏ xinh ở Đà Lạt 

#meedalat #dalatreview #checkindalat #dalatcoffee ",,https://www.tiktok.com/@mee.dalat/video/7616305515848551700,7690,4122,40,209300,,
7634577373265956117,checkindalat,2026-05-12T12:58:04,1777563567,hazelssketches,738,"Biệt điện Trần Lệ Xuân - một địa điểm check-in quá đẹp ở Đà Lạt mà gia đình mình tình cờ ghé thăm trong một buổi chiều random không biết đi đâu. Chúng mình là những người khách tham quan duy nhất trong buổi chiều ngày hôm đó. Tiếng gió xào xạc, tiếng chim, tiếng sỏi lạo xạo dưới từng bước chân xen lẫn với chút se lạnh của Đà Lạt làm mình cảm giác như đang được sống lại lịch sử từ hơn nửa thế kỷ trước.

#madamededalat #dalat #checkindalat ",,https://www.tiktok.com/@hazelssketches/video/7634577373265956117,6,1,0,441,,
7521711699951357191,checkindalat,2026-05-12T12:58:04,1751284980,dihetdalat,42900,10 điều musttry tại Đà Lạt vào tháng 7 này ✨ #dihetdalat #dalat #dalatdidau #checkindalat #chill #musttry #musttrydalat ,,https://www.tiktok.com/@dihetdalat/video/7521711699951357191,29400,8797,255,942200,,
7631188786344480021,checkindalat,2026-05-12T12:58:04,1776774605,happyhillcoffee,27700,"Chiều nay Minh Thu lại từ Hà Nội đến thăm tỷ tỷ, quá là dễ thương 🥰🥰 #khoanhkhachappyhill #happyhillcoffee #happyhilldalat #minhthu #checkindalat ",,https://www.tiktok.com/@happyhillcoffee/video/7631188786344480021,6887,191,116,132700,,
7499817092816899336,checkindalat,2026-05-12T12:58:04,1746187245,dihetdalat,42900,4 quán cafe mình sẽ ghé lại nhiều lần khi đi Đà Lạt ✨ #dihetdalat #dalat #traveltiktok #dulichdalat #checkindalat #bttravel #cafedalat ,,https://www.tiktok.com/@dihetdalat/video/7499817092816899336,2633,1380,69,331600,,
7632297555413437704,checkindalat,2026-05-12T12:58:04,1777032758,checkindalat24h,1332,"Lên DALAT tối muộn, sáng sớm chưa Check-in, Check-out khách sạn cần chỗ tắm nghỉ ngơi vài tiếng, hoặc cần gửi Vali thong thả đi chơi mời bạn ghé Ga49 Dalat !
* Quán nằm ngay trung tâm phố 
🏠 Ga49 - 55 Hùng Vương, Dalat
⏰ Open 24h
@Ga49 Dalat-Cafe võng đường tàu ",,https://www.tiktok.com/@checkindalat24h/video/7632297555413437704,3075,117,27,52200,,
7577343259538689298,checkindalat,2026-05-12T12:58:04,1764237716,vietnamtodayvtv,210100,"Explore the Da Lat Railway Station: taste the flavours, feel the atmosphere, and enjoy the music that fills this vibrant spot. Don’t miss the sights, sounds, and stories waiting here. Tune in for the Check-in Guide, only on Vietnam Today.
#VietnamToday #yourwindowonvietnam #dalat #railway",,https://www.tiktok.com/@vietnamtodayvtv/video/7577343259538689298,213,20,3,6848,,
7633065887221746952,checkindalat,2026-05-12T12:58:04,1777211651,90_hoaithanh,406,#hottrend #checkindalat #duluon ,,https://www.tiktok.com/@90_hoaithanh/video/7633065887221746952,18,1,4,314,,
7634466778566888712,checkindalat,2026-05-12T12:58:04,1777537821,dicungdalat,25300,"Hè này đi du lịch mà ngồi đây thì đúng là chân ái luôn các bạn ha…
📍 Tiệm Trà Thông Mơ 
##dalat##loinhodalat##tiemtrathongmo##caphecheckin",,https://www.tiktok.com/@dicungdalat/video/7634466778566888712,1036,412,17,107000,,
7579053153572736263,checkindalat,2026-05-12T12:58:04,1764635831,checkindalat24h,1332,"HOT Nhất Dalat lúc này #Afogato 
☕️ #Afogato, cafe kem kiểu Ý ấm áp cho mùa lễ hội cuối năm. Thật khó chối từ một shot cafe espresso thơm lừng hoà quyện cùng Gelato ngon lành☕️

5 loại Affogato tại Xưởng Kem Hoa
☕️Classic Affogato : tách kem Vani  hòa quyện cùng 1 bình moka espresso, bên trên là hạnh nhân và hạt macca nướng dòn dùng kèm bánh kẹp thơm thơm 
🍫Mocha Affogato : tách kem chocolte thơm béo cùng 1 bình moka espresso, bên trên là hạt macca và chanh dây sấy lạnh cùng 1 bánh Oreo cho tròn vị.
🍵Matcha Affogato : tách gelato Matcha, bên trên là vụn cookie và hạnh nhân nướng cùng shot matcha chuẩn Nhật và con thêm bánh kẹp nướng dòn
🌰ChocoMint Affogato : chọn lựa vi kem vani hay Choco Bạc hà cùng shot chocolate nóng, bên trên là choco chip đăng đắng và hạt macca nướng. 
🥥Coconut Affogato : tách kem bắp dừa non thơm béo cùng dừa sấy, bánh cookie và hạt . Kèm 1 bình moka espresso và Bánh dừa nướng thơm lừng

XƯỞNG KEM HOA
🏠25 Thi Sách, Dalat",,https://www.tiktok.com/@checkindalat24h/video/7579053153572736263,7810,1626,142,323100,,
7593286507075554578,checkindalat,2026-05-12T12:58:04,1767949790,dalatchillguy,717,"Chuyến đi chợt ghé qua Trạm Dừng Chill 
#dalat #dalatchillguy #checkindalat #dalatreview #tiemnuongtramdungchill ",,https://www.tiktok.com/@dalatchillguy/video/7593286507075554578,39,11,5,984,,
7631164194175454471,checkindalat,2026-05-12T12:58:04,1776768878,happytoday_82,1178,"Quá nhi oie 
Cứu Cô Cô
#DaLat #DuLichDaLat #dalatstory #checkindalat ",,https://www.tiktok.com/@happytoday_82/video/7631164194175454471,358,22,40,7289,,
7610766108861172999,checkindalat,2026-05-12T12:58:04,1772019575,sino4994,5133,"Đây là góc check-in tháp truyền hình mình ưng nhất vì ko ồn ào, ko chen lấn. 
Chỉ cần đứng ở đồi Robin là có thể ngắm toàn cảnh thành phố từ trên cao, nhìn Đà Lạt trải dài dưới lớp nắng chiều.#dalat #thaptruyenhinh #hoanghon #hoanghondalat #dongda #xuhuong #sino #viral",,https://www.tiktok.com/@sino4994/video/7610766108861172999,5110,1919,213,150700,,
7607050820575710480,checkindalat,2026-05-12T12:58:04,1771154584,hodotadalatnha,1013,"Welcome to Da Lat – thành phố của yêu thương & bình yên.-Nơi đẹp đến mức chỉ cần đứng im cũng thành một thướt phim đẹp -Anh chị đã sẵn sàng cho một mùa Tết thật thơ chưa?
Hodota đang chờ mình đó nha 💛
#HodotaDalat #CheckinDalat #TheBlessedVirginHotel
#TetGiuLua ",,https://www.tiktok.com/@hodotadalatnha/video/7607050820575710480,31,4,4,748,,
7572795552648219925,checkindalat,2026-05-12T12:58:04,1763178868,top.check.in.da.lat,597,Đà Lạt mùa đẹp nhất #checkindalat #dalat #reviewdalat ,,https://www.tiktok.com/@top.check.in.da.lat/video/7572795552648219925,233,29,47,4333,,
7601042075273923858,checkindalat,2026-05-12T12:58:04,1769755523,ducdodalat,26700,"Trả lời @xang🐼 Chỉ đường đi Quảng Trường La Mã, một địa điểm check in mới ở Đà Lạt #duongdiquangtruonglama #quangtruonglama #diadiemdalat #ducdodalat #checkindalat ",,https://www.tiktok.com/@ducdodalat/video/7601042075273923858,1193,788,30,45100,,
7515412014664043783,checkindalat,2026-05-12T12:58:04,1749818219,dihetdalat,42900,Bỏ túi 4 khách sạn đáng thử gần trung tâm Đà Lạt #dihetdalat #dalat #dalatdidau #checkindalat #bttravel #khachsandalat ,,https://www.tiktok.com/@dihetdalat/video/7515412014664043783,6996,3013,112,354200,,
7575390744442064149,checkindalat,2026-05-12T12:58:04,1763783108,top.check.in.da.lat,597,Ngày bình yên nắng đẹp tại Dốc Thị #checkindalat #reviewdalat #dalat #docthicafe #amnhacvacamxuc ,,https://www.tiktok.com/@top.check.in.da.lat/video/7575390744442064149,77,21,25,1740,,
7522678391573613831,diadiemanuongdalat,2026-05-12T13:52:27,1751510056,kuti20297,177400,Quán cơm trưa Đà Lạt ngon và rẻ ở khu vực Tà Nung gọi tên B’Nơm Kitchen🌿 #comtrua #dalat #diadiemanuong #review #food #minhlakuti #cơm ,,https://www.tiktok.com/@kuti20297/video/7522678391573613831,334,83,37,33400,,
7586493006379896082,diadiemanuongdalat,2026-05-12T13:52:27,1766368057,duocroidithoi.sg,76700,"Tui tìm được chỗ ăn sáng trên Đà Lạt vừa ngon vừa rẻ nè 💫

#duocroidithoisg #banhmixiumai #reviewdalat #dalat #diadiemanuong ",,https://www.tiktok.com/@duocroidithoi.sg/video/7586493006379896082,450,93,9,15500,,
7555868969111014664,diadiemanuongdalat,2026-05-12T13:52:27,1759237840,kuti20297,177400,Lên Đà Lạt nhất định phải ăn @Laughekimchi Lẫu ghẹ kim chi siêu ngon✨ #laughekimchi #food #dalat #diadiemanuong #minhlakuti ,,https://www.tiktok.com/@kuti20297/video/7555868969111014664,18100,13300,531,718400,,
7528458207006625041,diadiemanuongdalat,2026-05-12T13:52:27,1752855798,eatwithdien,68800,Quán nướng ngói đã cũ nhưng giờ mình mới trải nghiệm #quannuongcuduc #dalat #diadiemanuong #amthuc #foodie #reviewfood #homnayangi #tiktokfood ,,https://www.tiktok.com/@eatwithdien/video/7528458207006625041,113,57,2,8409,,
7543968164565077266,diadiemanuongdalat,2026-05-12T13:52:27,1756466967,kuti20297,177400,Cơm trưa Đà Lạt ngon rẻ mà tốn 55🌿 cho một người thì nhớ ghé @Là Bữa in Dalat ✨ #comtrua #comnha #diadiemanuong #minhlakuti #labuaindalat ,,https://www.tiktok.com/@kuti20297/video/7543968164565077266,2232,1286,52,171200,,
7453686964391349511,diadiemanuongdalat,2026-05-12T13:52:27,1735446739,kuti20297,177400,Quán ốc siêu ngon và tươi ở Đà Lạt🌿 #dalat #diadiemanuong #checkin #minhlakuti #haisan ,,https://www.tiktok.com/@kuti20297/video/7453686964391349511,3210,1449,62,123500,,
7533457708364631314,diadiemanuongdalat,2026-05-12T13:52:27,1754222400,didauofficial,143800,"Đổ bao nhiêu hết bấy nhiêu LÒ BÁNH CĂN ĐÀ LẠT chấm xíu mại da heo hải sản ngon rẻ chấn động
#didau #diadiemanuong #diadiemanuongsaigon #reviewquananngon #anuong #xuhuongtiktok #videoxuhuong #tiktokviral #banhcan #banhcandalat",,https://www.tiktok.com/@didauofficial/video/7533457708364631314,1754,1288,50,83700,,
7624002766230342933,diadiemanuongdalat,2026-05-12T13:52:27,1775101480,meconhueodalat,4487,Chắc quán mẹ con Huế phải đóng cửa…🥹 #meconhuedalat #diadiemanuong #dalat #food #monhue ,,https://www.tiktok.com/@meconhueodalat/video/7624002766230342933,1472,194,127,80400,,
7547552610694319378,diadiemanuongdalat,2026-05-12T13:52:27,1757301539,tutoidalat,2300,Tiệm lẩu gà ớt hiểm vibe không gian núi rừng Đà Lạt - Nhận setup tiệc riêng tư theo mọi yêu cầu. #lauga #laugaothiem #vietnamesefood #diadiemanuong #dalatreview ,,https://www.tiktok.com/@tutoidalat/video/7547552610694319378,20,6,2,1684,,
7553478402427145480,diadiemanuongdalat,2026-05-12T13:52:27,1758681244,tutoidalat,2300,Hẹn hò người yêu tại quán lẩu gà ớt hiểm Tụt nướng ở Đà Lạt ngày mưa #laugaothiem #dalatreview #diadiemanuong #tutnuong ,,https://www.tiktok.com/@tutoidalat/video/7553478402427145480,24,7,5,2387,,
7486710236296793352,diadiemanuongdalat,2026-05-12T13:52:27,1743135567,kuti20297,177400,Khoai Lang Nướng from Đà Lạt có chi nhánh ở Sài Gòn rồi nè🌿 ghé liền mng ưi ✨ #khoailangnuong #dalat #saigon #food #diadiemanuong #anuong #minhlakuti ,,https://www.tiktok.com/@kuti20297/video/7486710236296793352,2805,3442,107,198700,,
7628930848670158101,diadiemanuongdalat,2026-05-12T13:52:27,1776248885,tombaudalat,538,"Bạn đã có địa điểm để ăn uống cùng gia đình hay bạn bè chưa ? 🥰 Quán Lẩu và Nướng Tôm Bầu xin chào 🤗 287/35 Phan Đình Phùng P2 Đà Lạt
#launuong #tombau #DaLat #diadiemanuongdalat ",,https://www.tiktok.com/@tombaudalat/video/7628930848670158101,24,2,4,860,,
7514908810608168200,diadiemanuongdalat,2026-05-12T13:52:27,1749701059,ngocduy_diachianuong,482300,Thôn 330 nơi ngắm hoàng hôn cực chill với đồ nướng siêu ngon giữa lòng Thành phố Đà Lạt #diachianuong #vtmgr ,,https://www.tiktok.com/@ngocduy_diachianuong/video/7514908810608168200,31600,3017,120,406900,,
7424764039240191233,diadiemanuongdalat,2026-05-12T13:52:27,1728712698,eatwithdien,68800,Đặc sản Đà Lạt ngon rẻ chất lượng #latadalat #foodreview #diadiemanuong #amthuc #reviewfood #tiktokfood #tiktokgiaitri ,,https://www.tiktok.com/@eatwithdien/video/7424764039240191233,37,23,2,10200,,
7354954666188344577,diadiemanuongdalat,2026-05-12T13:52:27,1712458845,hoangminh291194,1337,#thebabaciuvalley #dinner #dalatreview #dalat #xuhuong #xuhuongtiktok #chill #chill #launuong #diadiemanuong ,,https://www.tiktok.com/@hoangminh291194/video/7354954666188344577,19,0,2,260,,
7507858481882402066,diadiemanuongdalat,2026-05-12T13:52:27,1748059528,openmymindforfood,102,"#ommffdalat Quán lúc trước nằm ở đường Thông Thiên Học nay dời về đây rồi nha mọi người. List những món ăn phải ăn ở Đà Lạt chắc chắn sẽ có tên quán này luôn á 🤪
———
BÁNH MÌ XÍU MẠI 79
📍 119C Nguyễn Văn Trỗi, Phường 2, TP. Đà Lạt
🕕 5:00 - 20:00
💸 22 - 25k/ phần
———
#foody #foodyvn #diadiemanuong #ddau #openmymindforfood #foodie #dalat #duntwalkmehome #foodiedalat #diadiemanuongdalat #nccdalat #foodydalat #vietnam #dalaland #dalattrip #banhmixiumai #banhmixiumai79",,https://www.tiktok.com/@openmymindforfood/video/7507858481882402066,36,3,2,1246,,
7519366669341347090,diadiemanuongdalat,2026-05-12T13:52:27,1750738988,quegardenvanthanh,2616,Khám phá khu vườn bonsai độc đáo giữa lòng Đà Lạt #quêgarden #dalat #review #diadiemanuong ,,https://www.tiktok.com/@quegardenvanthanh/video/7519366669341347090,555,487,54,37500,,
7607637946195283220,diadiemanuongdalat,2026-05-12T13:52:27,1771300800,ngocduy_diachianuong,482300,Tiệm nướng mùa thu Đà Lạt #diachianuong #vtmgr #tiemnuongDaLat ,,https://www.tiktok.com/@ngocduy_diachianuong/video/7607637946195283220,3864,968,123,132100,,
7183902020577840427,diadiemanuongdalat,2026-05-12T13:52:27,1672632543,quynhtim_family,372,"Nghe nói chỗ này đang hó Tàu Hũ Phớ 
📍217 Hai Bà Trưng, p6. Đà Lạt 
#ghiendalat #tauhupho #tauhu #reviewdalat #diadiemanuong #diadongdalat #dalat ",,https://www.tiktok.com/@quynhtim_family/video/7183902020577840427,73,47,3,16900,,
7599515795651071253,diadiemanuongdalat,2026-05-12T13:52:27,1769400162,ngocduy_diachianuong,482300,Tiệm bánh căn của người Đà Lạt siêu ngon giá chỉ từ 30k #diachianuong #vtmgr #banhcanDaLat ,,https://www.tiktok.com/@ngocduy_diachianuong/video/7599515795651071253,14600,5238,170,506000,,
7604474111456234759,diadiemanuongdalat,2026-05-12T13:52:27,1770606000,traanxngg,227100,"Bạn bè tui ai đi Đà Lạt với tui là cũng có đúng list này làm tới😝ko những mỗi chuyến đều ghé mà là ghé tới mấy lần🤣 

#dalat #foodie #dalatreview #ancungtiktok ",,https://www.tiktok.com/@traanxngg/video/7604474111456234759,35900,9758,116,551000,,
7632905110674230548,diadiemanuongdalat,2026-05-12T13:52:27,1777174219,cuocsongovungtau,3037,"Ngày xưa ăn Mậu Dịch 1 lần nhớ mãi, giờ có thêm Chiếc Riêng - người anh em chí cốt nữa. Vẫn ngon, vẫn hấp dẫn, mà cũng phải chăng nữa. Bị cái phải đặt bàn trước mới có bàn, còn không là kiếm quán khác luôn 🥹 Rất rcm mn ghé đây luôn ý. #VanOiAnGi #tiemnuongchiecruong #quannuongdalat #dalatdidau #dalatreview ",,https://www.tiktok.com/@cuocsongovungtau/video/7632905110674230548,17,8,3,2011,,
7307841851686522119,diadiemanuongdalat,2026-05-12T13:52:27,1701489528,nim.fav,29300,"PR cho Tiệm Mì của chính mình☺️
Cảm ơn mọi người đã ghé thăm🧡🧡🧡
📍 Tiệm Mì Kaito - 59 Nguyễn Trãi, Phường 9 - Dalat
#feelings #tiemmikaito #midailoan #diadiemanuong #ansapdalat ",,https://www.tiktok.com/@nim.fav/video/7307841851686522119,6069,267,219,205700,,
7602115620703833365,diadiemanuongdalat,2026-05-12T13:52:27,1770005487,ngocduy_diachianuong,482300,Tiệm cà phê nhà của Thông Đà Lạt #diachianuong #vtmgr #tiemcapheNhacuaThong ,,https://www.tiktok.com/@ngocduy_diachianuong/video/7602115620703833365,1186,685,83,90900,,
7627002192842493204,reviewanvatdalat,2026-05-12T13:53:04,1775799835,didalatcungtruc,207700,"Ăn vặt ở Đà Lạt, lẩu xiên nhúng Tứ Xuyên và mì trộn tóp mỡ lòng đào #anvatdalat #xiennhungdalat #reviewdalat #didalatcungtruc #isbtalents ",,https://www.tiktok.com/@didalatcungtruc/video/7627002192842493204,4767,1701,28,181300,,
7457163819102637320,reviewanvatdalat,2026-05-12T13:53:04,1736256256,didalatcungtruc,207700,Tiệm ăn vặt ngon ở Đà Lạt #anvatdalat #reviewdalat #dalatreview #isbtalents #didalatcungtruc #ancungtiktok #monngondalat #reviewanngon ,,https://www.tiktok.com/@didalatcungtruc/video/7457163819102637320,3921,2242,37,119600,,
7546803493583981832,reviewanvatdalat,2026-05-12T13:53:04,1757127120,reviewdalat.toidandalat,15600,"Nói là khó kiếm đồ ăn vặt ở Đà Lạt, thì đây là 3 quán mình muốn review đến mọi người nha #1phutdalat #reviewdalat #dalat #anvat #fypシ ",,https://www.tiktok.com/@reviewdalat.toidandalat/video/7546803493583981832,1284,622,10,41800,,
7611906520112139541,reviewanvatdalat,2026-05-12T13:53:04,1772285102,ngocdilacreview,1322,chòi oi ở Đà Lạt bao năm mà giờ mới ăn ly xoài lắc cóc lắc đỉnh nóc của bà. thiếu sót quáaaaa #dalatreview #ngocdilac #xoailacdalat #dalatangingon #anvatdalat ,,https://www.tiktok.com/@ngocdilacreview/video/7611906520112139541,4619,2006,77,93700,,
7608863657933458709,reviewanvatdalat,2026-05-12T13:53:04,1771576634,didalatcungtruc,207700,Xiên que Á Ù Đà Lạt #xienqueau #anvatdalat #didalatcungtruc #isbtalents #reviewdalat #dalatreview ,,https://www.tiktok.com/@didalatcungtruc/video/7608863657933458709,455,270,9,27800,,
7632508485653171477,reviewanvatdalat,2026-05-12T13:53:04,1777081869,didalatcungtruc,207700,Tiệm ăn vặt Mây Hồng Đà Lạt #anvatdalat #reviewdalat #didalatcungtruc #isbtalents #ancungtiktok ,,https://www.tiktok.com/@didalatcungtruc/video/7632508485653171477,484,350,5,19700,,
7466082656061672712,reviewanvatdalat,2026-05-12T13:53:04,1738332834,didalatcungtruc,207700,"Ăn vặt Ying Đà Lạt, quán ăn vặt ngon ở Đà Lạt #anvatdalat #dalatreview #reviewdalat #isbtalents #didalatcungtruc #monngondalat #ancungtiktok #reviewanngon ",,https://www.tiktok.com/@didalatcungtruc/video/7466082656061672712,2921,1553,26,110300,,
7563956890053512466,reviewanvatdalat,2026-05-12T13:53:04,1761120956,hoaquynhdalat,25800,Ngon nha #hoaquynhdalat #xuhuongtiktok #dalatreview #angiodalat #anvatdalat ,,https://www.tiktok.com/@hoaquynhdalat/video/7563956890053512466,226,30,15,14300,,
7113162204962131226,reviewanvatdalat,2026-05-12T13:53:04,1656162138,chuyencuadalat,97400,Bạn đã ăn hết mấy món này chưa 🌸 #dalat #checkindalat #dalatreview #dalatstory #anvatdalat #dalattrip #chuyencuadalat #tiktokfood,,https://www.tiktok.com/@chuyencuadalat/video/7113162204962131226,19000,1696,230,434800,,
7359542199014493448,reviewanvatdalat,2026-05-12T13:53:04,1713526952,callmevyvo,102100,Ăn vặt độc lạ Đà Lạt với món đậu hủ lắc khói ngay chợ đêm Đà Lạt 😗🍡🍢 #callmevyvo #vyvoreview #dalat #reviewanngon #ancungtiktok #anvatdalat ,,https://www.tiktok.com/@callmevyvo/video/7359542199014493448,6883,2374,182,290500,,
7638565220784344340,reviewanvatdalat,2026-05-12T13:53:04,1778492064,tiembanhtrangnhin,1921,Gu bà nào thích ăn cay mà đơn giản vậy thui thì hãy ghé tiệm toiiii . #reviewdalat #anvatdalat #banhtrangsate #tiembanhtrangnhinho #dalatangi ,,https://www.tiktok.com/@tiembanhtrangnhin/video/7638565220784344340,8,2,2,565,,
7527976247998090503,reviewanvatdalat,2026-05-12T13:53:04,1752743559,beohayanvat,70200,Pizza củi ở Đà Lạt là gì đó rất này nọ #fypシ゚ #tiktokviral #y #beohayanvat #viral #reviewanngon #ancungtiktok #food #foryou #dalat #reviewdalat ,,https://www.tiktok.com/@beohayanvat/video/7527976247998090503,8541,5042,129,267300,,
7637910210140589333,reviewanvatdalat,2026-05-12T13:53:04,1778339557,tiembanhtrangnhin,1921,Trả lời @Nguyễn Thị Thanh Thuý #reviewdalat #anvatdalat #dalatangi #khobonuong #banhtrangnuongdalat ,,https://www.tiktok.com/@tiembanhtrangnhin/video/7637910210140589333,40,12,1,2383,,
7631218189413715221,reviewanvatdalat,2026-05-12T13:53:04,1776781451,tiembanhtrangnhin,1921,Hôm nay hết cá viên sớm sốp hẹn mng ngày maii nha ạ 🫶🏻 #anvatdalat #reviewdalat #dalatangi #tiembanhtrangnhinho #cavienmamtoi ,,https://www.tiktok.com/@tiembanhtrangnhin/video/7631218189413715221,91,37,6,7160,,
7366211336776338706,reviewanvatdalat,2026-05-12T13:53:04,1715079731,trongtamdalat,199100,Tiệm ăn vặt ngon lâu năm ít ai review bạn biết #dalat #dalatreview #ongboreviewdalat #reviewdalat #ancungtiktok ,,https://www.tiktok.com/@trongtamdalat/video/7366211336776338706,4960,1793,99,181200,,
7636243711214554388,reviewanvatdalat,2026-05-12T13:53:04,1777951545,tiembanhtrangnhin,1921,Khách đánh giá 1 sao vì tới trước mà lại có món sau? #tiembanhtrangnhinho #dalat #anvatdalat #cavienchienmamtoi #reviewdalat ,,https://www.tiktok.com/@tiembanhtrangnhin/video/7636243711214554388,293,57,6,12400,,
7239287781401398533,reviewanvatdalat,2026-05-12T13:53:04,1685528037,sieuanvat25,71300,Chân gà quái thú Đà Lạt - quán ngon của dân địa phương #xuhuong #sieuanvat #HômNayĂnGì #đàlạt #dalatreview #dalatfood #changa #changaquaithu #chângà #dalatangingon #reviewfood #AnCungTikTok #vrstudio #AnCungTikTok #hômnayăngì #foodreview #quánngon,,https://www.tiktok.com/@sieuanvat25/video/7239287781401398533,56800,14800,1196,1500000,,
7638802322600152341,reviewanvatdalat,2026-05-12T13:53:04,1778547270,tiembanhtrangnhin,1921,Chủ sốp genz còn nhìu sai xót mong khác iu thông cảm bỏ nha nhenn 🫶🏻 Tuii iu chiếc quán của tuii. Mấy bà ở Đà Lạt coi đc clip này thì có dịp ghé quán ủng hộ e nha #tiembanhtrangnhinho #anvatdalat #khoinghiep #reviewdalat #dalatangi ,,https://www.tiktok.com/@tiembanhtrangnhin/video/7638802322600152341,15,12,1,784,,
7596584713528036616,reviewanvatdalat,2026-05-12T13:53:04,1768717713,reviewbybummie,1553,Bánh tráng nướng Đà Lạt top 1 lòng tui mỗi tội đợi hơi lâu xíu #dalat #banhtrangnuong #reviewdalat #dulich #anvat ,,https://www.tiktok.com/@reviewbybummie/video/7596584713528036616,1598,424,48,76700,,
7235078591749311749,caphengondalat,2026-05-12T13:53:10,1684548009,maiphuongcoffee,35,"ZeMor Coffee_Chuyên cung cấp nguồn cà phê sạch, chất lượng, giá cả cạnh tranh tại HCM
#caphechatluongcao #caphegiare #caphengondalat #caphengon ",,https://www.tiktok.com/@maiphuongcoffee/video/7235078591749311749,21,0,0,715,,
7325259296906726657,caphengondalat,2026-05-12T13:53:10,1705544848,taphoaanvat123,1776,"Cà phê rang mộc No3 - Gói 1000gr mới
Giá chỉ 203.000₫!#capherangmoc #caphehat #caphengondalat #caphengon 
@TẠP HÓA ĂN VẶT ",,https://www.tiktok.com/@taphoaanvat123/video/7325259296906726657,2,2,3,144,,
7000532398307855642,caphengondalat,2026-05-12T13:53:10,1629938465,cafengondalat,17200,#cây #LearnOnTikTok #onhavanvui để cây mít ra nhiều trái chia sẻ cùng cả nhà 🎉🎉🎉👍🪴,,https://www.tiktok.com/@cafengondalat/video/7000532398307855642,7299,204,79,272000,,
6997379868006698266,caphengondalat,2026-05-12T13:53:10,1629204459,cafengondalat,17200,#onhavanvui #PhimHayMoiNgay #nhieutimlennha🤪🤪,,https://www.tiktok.com/@cafengondalat/video/6997379868006698266,16700,1860,174,465400,,
6999979866586107163,caphengondalat,2026-05-12T13:53:10,1629809818,cafengondalat,17200,#tutorials #onhavanvui #nhieutimlennha🤪🤪 tut nhỏ với trứng trong bếp mn nhé 🤣😂🎉👍,,https://www.tiktok.com/@cafengondalat/video/6999979866586107163,3095,120,8,149100,,
6998867448804035867,caphengondalat,2026-05-12T13:53:10,1629550813,cafengondalat,17200,#nhieutimlennha🤪🤪  #onhavanvui #mẹovặt  cách để cây chanh ra trái quanh năm 👉👍🪴,,https://www.tiktok.com/@cafengondalat/video/6998867448804035867,53300,2619,579,1600000,,
7502935351963569454,caphengondalat,2026-05-12T13:53:10,1746913294,lenlenton,146,#sapa #fyp #bancatcat ,,https://www.tiktok.com/@lenlenton/video/7502935351963569454,15,0,0,345,,
7628757275225623821,caphengondalat,2026-05-12T13:53:10,1776208477,backsackay00,612,😂😂😂 #prank #prankvideo #capgunprank #pensacola ,,https://www.tiktok.com/@backsackay00/video/7628757275225623821,87300,1907,603,957900,,
7635169857541131533,caphengondalat,2026-05-12T13:53:10,1777701567,faysal_01,128700,#CapCut #fyp #nyc #chocolateconnects #foryou @Chocolate Connects @sparrowusa24 @Bk.gondal ,,https://www.tiktok.com/@faysal_01/video/7635169857541131533,2889,17,16,64300,,
7611884919131802902,caphengondalat,2026-05-12T13:53:10,1772280071,littlelionsoundmi,2500000,"Capleton on 🔥🔥🔥
Capleton recording a Dubplate for Little Lion Sound 💯💯💯💯

#capleton #dubplate #littlelionsound #dancehall #freestyle ",,https://www.tiktok.com/@littlelionsoundmi/video/7611884919131802902,92300,13800,2178,1700000,,
7511735039160339729,caphengondalat,2026-05-12T13:53:10,1748962158,candyfameee,134,#CapCut #bắttrend #xuhuong #trending #capcutgiatgiat ,,https://www.tiktok.com/@candyfameee/video/7511735039160339729,10,0,0,253,,
7460166801876454674,caphengondalat,2026-05-12T13:53:10,1736955444,aneesgondal37,1976,"O BiLo Pa Dy GaL KhaNy Ja KY PaYiaN Dy ❤️‍🔥

#aneesgondal37 #gondalxbajwa #CapCut #underreview #trending #unfreezemyacount #growmyaccount #foryou #fyp ",,https://www.tiktok.com/@aneesgondal37/video/7460166801876454674,851,36,138,33000,,
6849156587467132165,caphengondalat,2026-05-12T13:53:10,1594693540,caphn.esports,7,Introducing @vx.slain to team caphn #fyp #foryou,,https://www.tiktok.com/@caphn.esports/video/6849156587467132165,38,0,1,1033,,
7607186211622374678,caphengondalat,2026-05-12T13:53:10,1771186065,littlelionsoundmi,2500000,"Capleton recording a Dubplate for Little Lion Sound 🔥🔥🔥 New Video Out Now 🔥🔥🔥

#dubplate #capleton #littlelionsound #dancehall #freestyle ",,https://www.tiktok.com/@littlelionsoundmi/video/7607186211622374678,110300,4088,1480,1700000,,
7514517531273596190,caphengondalat,2026-05-12T13:53:10,1749609967,laceyshelbyofficial,920800,Date night with our oldest two while Chaplain and Goldie spend some time at Momma Nay and Poppas!!@Shane @addi shaw @Southern Shaw ,,https://www.tiktok.com/@laceyshelbyofficial/video/7514517531273596190,163700,777,164,2000000,,
7499281454153665822,caphengondalat,2026-05-12T13:53:10,1746062546,tawabgondal238,288,#CapCut ,,https://www.tiktok.com/@tawabgondal238/video/7499281454153665822,50,0,23,376,,
7217883792298495237,caphengondalat,2026-05-12T13:53:10,1680544533,ch.sohaib.gondal1,1757,jhali a gondala jhali@𝙁𝙤𝙧𝙞 𝙂𝙤𝙣𝙙𝙖𝙡👑🔥 #fypシ #CapCut #اکسبلور #gondal #گوندل_محکمہ #پنڈاں_والے ,,https://www.tiktok.com/@ch.sohaib.gondal1/video/7217883792298495237,1625,28,50,21300,,
7229483459486682414,caphengondalat,2026-05-12T13:53:10,1683245301,nawaz_gondal99,1634,#CapCut ,,https://www.tiktok.com/@nawaz_gondal99/video/7229483459486682414,394,4,9,6863,,
7635038379960208654,caphengondalat,2026-05-12T13:53:10,1777670929,salmojoe,19,#civilairpatrol #capchaplan #chaplainlife @Civil Air Patrol ,,https://www.tiktok.com/@salmojoe/video/7635038379960208654,63,3,8,814,,
7480211543137864991,caphengondalat,2026-05-12T13:53:10,1741622531,tawabgondal238,288,#CapCut ,,https://www.tiktok.com/@tawabgondal238/video/7480211543137864991,52,0,22,355,,
7623440439802170654,caphengondalat,2026-05-12T13:53:10,1774970577,gatlan.health,204,"Stay Young.
Stay Strong.
Stay in the Game.

#GATLAN #menshealth #joshduhamel #fyp #fitnesstok ",,https://www.tiktok.com/@gatlan.health/video/7623440439802170654,17,3,1,880,,
7512287873110986030,caphengondalat,2026-05-12T13:53:10,1749090852,beauknowssports,494,#BeauKnowsUnderTheRadar c'28 #1 TE in SC Cameron Gleaton opened some eyes as a freshman and looking to dominate as a sophomore.  And with his size and athletism he'll do just that.  Expect huge numbers from him this year!! #viral #football #explorepage #ncaa #nfl #fy #fyp ,,https://www.tiktok.com/@beauknowssports/video/7512287873110986030,45,0,0,1806,,
7635996116407897364,caphengondalat,2026-05-12T13:53:10,1777893902,oppa_tes_idol,7358,I'm sure!#xh#fyp#aov#capheny#tsundere ,,https://www.tiktok.com/@oppa_tes_idol/video/7635996116407897364,64,4,6,896,,
7496238009998740738,caphengondalat,2026-05-12T13:53:10,1745353925,littlelionsoundmi,2500000,"Capleton recording a Dubplate for Little Lion Sound 🔥🔥🔥

#capleton #reggae #dubplate #littlelionsound #remix ",,https://www.tiktok.com/@littlelionsoundmi/video/7496238009998740738,903700,89100,11900,9900000,,
7131596671011540251,caphengondalat,2026-05-12T13:53:10,1660454248,momsrere8,47900,Membalas @opahmuda234 Gondal Gandul keplarak kecemplung kalen🤣🤣🤣🤣#kangujangbusthomicirebon #cirebon,,https://www.tiktok.com/@momsrere8/video/7131596671011540251,7572,368,313,551400,,
7635989038406814997,caphengondalat,2026-05-12T13:53:10,1777892250,aifsugandy,1500000,Membalas @luthfi  azka tapi ternyata tetep grogi lagi🫣😫 dan ternyata gak jadi joget malah di suruh makan😂 @Febri Yanto ,,https://www.tiktok.com/@aifsugandy/video/7635989038406814997,36600,159,459,1200000,,
7511057897317584159,caphengondalat,2026-05-12T13:53:10,1748804463,adoreevvv,967,"New Coffee Shop in Long Island NY ☕️✨! 

•NY Caffeine Westbury NY & Franklin Square! @nycaffeine 

Where should we head to next , comment down below ⬇️ ?!

Follow us for more 🤍

-
-
#nyclife #contentcreator #coffeeshop #longislandny #nycadventures #longislandcoffeeshop #explorepage #creatorsearchinsights ",,https://www.tiktok.com/@adoreevvv/video/7511057897317584159,256,190,13,19900,,
7635750417602727198,caphengondalat,2026-05-12T13:53:10,1777836700,libertygcny,144,AAA WHOLESALE BROOKLYN in progress #Transformation #CapCut @Ijaz Ali Gondal ,,https://www.tiktok.com/@libertygcny/video/7635750417602727198,52,8,2,3611,,
7466832135316425991,caphengondalat,2026-05-12T13:53:10,1738507338,edits._.ms7,12500,"😅😅@Bilal Marth 7  @Waleed Gondal   
.
.
.
.
.
#CapCut#edits #foryoupage #viewsproblem😭 #tiktokdontunderreviewthisvideo #fypシ゚ #fypシ゚ #viewsproblem😭 #tiktokdontunderreviewthisvideo #tiktokdontunderreviewthisvideo #fypシ゚ #foru #viral #tiktokviralvideo #edits._.ms7 #editor #funnyvideo #viewsproblem #viralvideo #trendingvideo #trendingsong #foryoupageofficiall #foryouvideo ",,https://www.tiktok.com/@edits._.ms7/video/7466832135316425991,8907,636,109,223100,,
7537153557930249489,caphengondalat,2026-05-12T13:53:10,1754880381,hiepdonganh,694600,Cay đắng cetral !!! #hiephoangngo #xuhuong2025 #tiktoknew ,,https://www.tiktok.com/@hiepdonganh/video/7537153557930249489,1384,44,89,34800,,
7609615653535747335,diaDiemdalat,2026-05-12T13:53:25,1771815600,ducdodalat,26700,Thác đẹp ở Đà Lạt #thacdalat #ducdodalat #diadiemdalat #tourdalat #trekingdalat ,,https://www.tiktok.com/@ducdodalat/video/7609615653535747335,1510,440,159,60700,,
7638628112892300564,diaDiemdalat,2026-05-12T13:53:25,1778506706,hongphatdalat,165,Bạn đã thử Cold Brew tại Cà Phê Hồng Phát Đà Lạt chưa nè 🥰 #caphedalat #dulichdalat #diadiemdalat #checkindalat #hongphatdalat ,,https://www.tiktok.com/@hongphatdalat/video/7638628112892300564,9,0,0,383,,
7637133524855737620,diaDiemdalat,2026-05-12T13:53:25,1778158719,hongphatdalat,165,Một điều mà tụi mình rất thích tại Cà Phê Hồng Phát Đà Lạt 🥰 #caphedalat #dulichdalat #checkindalat #diadiemdalat #hongphatdalat ,,https://www.tiktok.com/@hongphatdalat/video/7637133524855737620,21,1,2,460,,
7604057447661079826,diaDiemdalat,2026-05-12T13:53:25,1770457597,chenhimientay,2880,"Trả lời @Phat Huynh Phần 80 | Chi tiết đường đi đến SOLENA “Quãng Trường La Mã” Đà Lạt , tranh thủ đi ngay mấy bàaaa #xuhuong #chinhimientay #checkindalat #diadiemdalat #dalatreview 

@ᥫ᭡ Chế Nhi Miền Tây ౨ৎ 
@ᥫ᭡ Chế Nhi Miền Tây ౨ৎ ",,https://www.tiktok.com/@chenhimientay/video/7604057447661079826,16100,10600,193,392800,,
7620435689280163090,diaDiemdalat,2026-05-12T13:53:25,1774270954,dalat_fairytale_land,15900,"💜💜💜 In full bloom 💜💜💜
#Dalat2026 #dalatfairytaleland #langcotichdalat #dulichdalat #diadiemdalat ",,https://www.tiktok.com/@dalat_fairytale_land/video/7620435689280163090,22200,2147,33,319700,,
7631971399866780944,diaDiemdalat,2026-05-12T13:53:25,1776956826,sundilaca,12500,"Việt Nam đẹp thế này thì cần gì đi đâu 🥹, hợp những bạn thích chụp hình khám phá, nét đẹp tự nhiên
#chuphinh #chupanh #dalat #cafedalat #diadiemsongao ",,https://www.tiktok.com/@sundilaca/video/7631971399866780944,13100,2805,77,151200,,
7637856331843538197,diaDiemdalat,2026-05-12T13:53:25,1778327012,hongphatdalat,165,Cà Phê Kem - Một món rất đáng thử tại Cà Phê Hồng Phát Đà Lạt #caphedalat #dulichdalat #diadiemdalat #checkindalat #hongphatdalat ,,https://www.tiktok.com/@hongphatdalat/video/7637856331843538197,13,1,6,479,,
7636632967338560775,diaDiemdalat,2026-05-12T13:53:25,1778042181,grinlai,1560,"Vườn thú Zoodoo
Đi đà lạt thì có gì vui 😍
#CapCut #zoodoo #dalat #diadiemvuichoi #xuhuongtiktok ",,https://www.tiktok.com/@grinlai/video/7636632967338560775,37,6,4,247,,
7559603261465218325,diaDiemdalat,2026-05-12T13:53:25,1760107300,lilythichdichoi,192,"Homestay Đà Lạt có chiếc bếp view triệu đô săn mây mỗi sáng 
#diadiemsongao #chuphinh #diadiemchuphinh #homestay #dalat ",,https://www.tiktok.com/@lilythichdichoi/video/7559603261465218325,18,8,3,1851,,
7634536738806861076,diaDiemdalat,2026-05-12T13:53:25,1777554108,hongphatdalat,165,30/4 tại Cà Phê Hồng Phát Đà Lạt #caphedalat #dulichdalat #checkindalat #diadiemdalat #hongphatdalat ,,https://www.tiktok.com/@hongphatdalat/video/7634536738806861076,18,2,5,450,,
7561792004250815764,diaDiemdalat,2026-05-12T13:53:25,1760616903,dalatchillmap,3828,"Full HD Camping Hòn Bồ 
#dalatchillmap #camping #honbo #diadiemdalat #khamphadalat ",,https://www.tiktok.com/@dalatchillmap/video/7561792004250815764,59,9,4,2682,,
7387663612401290517,diaDiemdalat,2026-05-12T13:53:25,1720074480,yangho0910,100300,Trải nghiệm tệ ở quán Cafe Hot trên Top Top. #reviewdiadiem #dalat #hocamgiang ,,https://www.tiktok.com/@yangho0910/video/7387663612401290517,11500,2493,913,832600,,
7638278348048698642,diaDiemdalat,2026-05-12T13:53:25,1778425267,sanmayvungngoaio,3439,"Buổi sáng ở Đà Lạt đi săn mây thành công thì nhân phẩm còn phải hỏiii😎😎😎
#tiemcaphevungngoaio #sanmaydalat #diadiemsanmay #caphesanmaygantrungtam #caphesanmaydalat @Cà phê Vùng Ngoại Ô Đà Lạt ",,https://www.tiktok.com/@sanmayvungngoaio/video/7638278348048698642,25,5,1,621,,
7148045207844637978,diaDiemdalat,2026-05-12T13:53:25,1664283970,dichoimoingay,221900,một quán cafe tone đen mọi người nên thử khi đến đà lạt 🖤#viral#fyp#dalat#dalatcoffee#dalatdidau#diadiemsongao#cafereview#diadiemvuichoi#xuhuong#thinhhanhtiktok ,,https://www.tiktok.com/@dichoimoingay/video/7148045207844637978,1618,970,24,154400,,
7637828621704465684,diaDiemdalat,2026-05-12T13:53:25,1778320560,diadiem.luutru,1192,Một chiếc home có vibe rất điện ảnh tại Đà Lạt #diadiemluutru#diadestaydalat #dalat #beros #homestay ,,https://www.tiktok.com/@diadiem.luutru/video/7637828621704465684,15,5,1,408,,
7638130333644360968,diaDiemdalat,2026-05-12T13:53:25,1778390807,bliss.home.govap,2217,đi đlat giá 300 ka😋 #homestay #blisshome #blisshomestay #diadiemhenho #dalat ,,https://www.tiktok.com/@bliss.home.govap/video/7638130333644360968,19,3,0,1422,,
7635599682042957077,diaDiemdalat,2026-05-12T13:53:25,1777801597,hongphatdalat,165,Cảm ơn những vị khách của quán đã chọn Hồng Phát giữa rất nhiều lựa chọn #caphedalat #dulichdalat #checkindalat #diadiemdalat #hongphatdalat ,,https://www.tiktok.com/@hongphatdalat/video/7635599682042957077,27,5,11,527,,
7429645808452128001,diaDiemdalat,2026-05-12T13:53:25,1729849232,dalatreviewcotam,58000,Đã ai ghé checkin vườn cẩm tú cầu siu toa khổng lồ này chưa ạ? #dalatreviewcotam #anchoidalat #donkilanddalat #donkiland #diadiemcheckindalat ,,https://www.tiktok.com/@dalatreviewcotam/video/7429645808452128001,167,27,12,46600,,
7510101496059546888,diaDiemdalat,2026-05-12T13:53:25,1748581771,bbgarden.dalat,1763,"Bạn đến Đà Lạt lúc 2-3h sáng và cần một nơi nghỉ chân an toàn - ấm áp - tiết kiệm? Sleepbox tại BB's Garden là lựa chọn lý tưởng đó nhaaaaaaaa #dalat #bbgarden #coffeedalat #coffeeforcoupledalat #coffee24g #bbq
#bbqdalat #quannuong #quannuongdalat #diadiemcheckin #reviewcafe #viewthanhphovedem #sanvuonnhathiendai #checkindalat",,https://www.tiktok.com/@bbgarden.dalat/video/7510101496059546888,31,9,16,4446,,
7529031556061531410,diaDiemdalat,2026-05-12T13:53:25,1752989267,minhatminh,51100,nó Châu Âu mà nó sang chảnh ✨ #guyehistudio #dalat #outfitcheck #outfitideas #diadiemchupanh #fyp ,,https://www.tiktok.com/@minhatminh/video/7529031556061531410,1287,37,8,20600,,
7600261915331267856,diaDiemdalat,2026-05-12T13:53:25,1769573934,bequanhdayyy,1145,Coi tui mới tìm được Đà Lạt có trò mới gì nè #bequanhday #LangfarmCenter#LangfchDaLat #DiaDiemGiaDinh #CheckinDaLat ,,https://www.tiktok.com/@bequanhdayyy/video/7600261915331267856,25,8,1,1523,,
7638266164518391048,diaDiemdalat,2026-05-12T13:53:25,1778422430,tiemcaphevungngoaio,17700,"Mở đầu ngày mới đúng cách ở Đà Lạt đó chính là...đi săn mây😝😝
#tiemcaphevungngoaio #sanmaydalat #diadiemsanmay #caphesanmaygantrungtam #caphesanmaydalat  ",,https://www.tiktok.com/@tiemcaphevungngoaio/video/7638266164518391048,19,1,0,882,,
7617440992899157269,diaDiemdalat,2026-05-12T13:53:25,1773573699,agotouristhochiminh,22,"Chùa Linh Phước – kỳ tích từ những mảnh sành độc đáo giữa lòng Đà Lạt ✨
Nếu bạn đang tìm địa điểm tâm linh Đà Lạt vừa linh thiêng vừa có kiến trúc ấn tượng thì Chùa Linh Phước Đà Lạt chắc chắn phải ghé một lần.
Công trình được ghép từ hàng triệu mảnh sành tạo nên vẻ đẹp cực kỳ đặc biệt 📸
Muốn khám phá trọn vẹn cùng tour Đà Lạt thì để AGO Tourist dẫn bạn đi từ A–Z nha 💚
👉 Bạn đã từng check-in Chùa Linh Phước chưa? Comment cảm nhận của bạn bên dưới nhé 👇
#ChuaLinhPhuoc#DiaDiemTamLinhDaLat#TourDaLat#AgoTourist",,https://www.tiktok.com/@agotouristhochiminh/video/7617440992899157269,20,11,5,1531,,
7617701494036483336,diaDiemdalat,2026-05-12T13:53:25,1773634353,vyy8234,2918,"Khởi động mùa hè với 1 chiếc view thuần thiên nhiên tại Đà Lạt, lên hình bao đỉnh lại chill mà ít người biết quáaa,  nàng nào muốn tắm suối giữa cái lạnh 18 độ ở Đà Lạt hơmmm #Havyyphoto #dalatphotography #chupanhdalat #diadiemchuphinhdalat ",,https://www.tiktok.com/@vyy8234/video/7617701494036483336,42,3,3,1416,,
7638649408451661064,diaDiemdalat,2026-05-12T13:53:25,1778511665,sanmayvungngoaio,3439,"Chưa biết cách sử dụng buổi sáng ở Đà Lạt thế nào thì để tui chỉ choaaa
#tiemcaphevungngoaio #sanmaydalat #diadiemsanmay #caphesanmaygantrungtam #caphesanmaydalat @Cà phê Vùng Ngoại Ô Đà Lạt ",,https://www.tiktok.com/@sanmayvungngoaio/video/7638649408451661064,8,1,0,427,,
7638634916414065938,diaDiemdalat,2026-05-12T13:53:25,1778508288,tiemcaphevungngoaio,17700,"4h sáng mai Phương Trang thả t xuống Đà Lạt là t phóng xe qua đây liền akk. Mây ơi đợi tuiii
#tiemcaphevungngoaio #sanmaydalat #diadiemsanmay #caphesanmaygantrungtam #caphesanmaydalat ",,https://www.tiktok.com/@tiemcaphevungngoaio/video/7638634916414065938,180,84,5,7397,,
7597404491700292882,diaDiemdalat,2026-05-12T13:53:25,1768908582,diadiem.luutru,1192,Chiếc Villa có hồ bơi nước nóng cực xịn tại Đà Lạt ☺️ #homestay #villa #dalat #villadalat #diadiemluutru ,,https://www.tiktok.com/@diadiem.luutru/video/7597404491700292882,33,12,6,1589,,
7324336510549904658,cafedalat2024,2026-05-12T13:53:32,1705329988,ducdodalat,26700,"Những quán cà phê Đà Lạt trang trí tết 2024 Giáp Thìn. Trong đó có Near coffee, Wai cafe, vườn địa đàng... #cafedalat #ducdodalat #dalat #tetdalat ",,https://www.tiktok.com/@ducdodalat/video/7324336510549904658,163,69,6,22200,,
7634402759697386760,cafedalat2024,2026-05-12T13:53:32,1777522912,didaubaygio2024,26800,"Top một trong những quán cafe vibe chữa lành mà cả nhà nhất định phải ghé khi đến Đà Lạt ❤️
#didaubaygio #didaubaygio2024 #tuimotocafe #dalat #coffee ",,https://www.tiktok.com/@didaubaygio2024/video/7634402759697386760,342,10,4,6590,,
7333588515239808257,cafedalat2024,2026-05-12T13:53:32,1707484141,naoranhcaphe,81600,Dành cho mấy bạn Dalat lover nè #naoranhcaphe #dalat #cafedalat #coffedalat,,https://www.tiktok.com/@naoranhcaphe/video/7333588515239808257,515,70,6,75600,,
7323510371262795015,cafedalat2024,2026-05-12T13:53:32,1705137641,lananhne95,120500,Quán cafe có hoa Tullip ở Đà Lạt. Hoa thật luôn nhen mấy bà. Tui đi ngày 13/1/2024 mấy bà nhanh ko hoa hết á #lananhne #dcgr #cafedalat #dalat #thanhthoiluottet ,,https://www.tiktok.com/@lananhne95/video/7323510371262795015,616,92,35,30400,,
7360999643209026832,cafedalat2024,2026-05-12T13:53:32,1713866291,toiudl,49300,Cập nhật giá nước các quán cafe hot nhất Đà Lạt 2024 🫡 #dalat #riviudalat #reviewdalat #cafe #coffee #quancafedep #cafedalat ,,https://www.tiktok.com/@toiudl/video/7360999643209026832,29,6,2,7392,,
7399602885719346450,cafedalat2024,2026-05-12T13:53:32,1722870000,traveleverywhere.vn,23700,Quán cafe Thời Thanh Xuân nơi làm việc của các bạn khiếm thính mang lại sự yên bình ngay giữa lòng Đà Lạt #cafe #dalat #reviewdalat #reviewcafe #xuhuong #2024 #dalatdidau #checkindalat,,https://www.tiktok.com/@traveleverywhere.vn/video/7399602885719346450,297,156,10,21500,,
7442942424147692817,cafedalat2024,2026-05-12T13:53:32,1732945104,chulamreview,60300,Tiệm cafe bên suối đẹp điêngggg chỉ với 45 cành #xuhuongtiktok2024 #tiktok #xuhuong #dalat #reviewdalat #review #cafetiktok #reviewcafe #dalatstory #viralvideo #fyp #trending #viral #vietnam #đalatstatus #xhtiktok #chulamreview #thebalihill ,,https://www.tiktok.com/@chulamreview/video/7442942424147692817,12000,6068,447,576500,,
7444802163194236178,cafedalat2024,2026-05-12T13:53:32,1733378084,7749ngaydichoi,29200,Đà Lạt thuii #coffeetiktok #dalat #cafedalat #cafedalat2024 #café #cafe ,,https://www.tiktok.com/@7749ngaydichoi/video/7444802163194236178,24000,10200,274,908500,,
7326017738105752839,cafedalat2024,2026-05-12T13:53:32,1705721434,chuyen_cua_nu,42800,Quán cafe siu hợp để chụp áo dài luôn #chuyencuanu #tiktoktravel #dulich2024 #cafedalat #songaodalat ,,https://www.tiktok.com/@chuyen_cua_nu/video/7326017738105752839,428,27,23,14800,,
7448123460804562183,cafedalat2024,2026-05-12T13:53:32,1734151385,chulamreview,60300,"Tiệm cafe tại Đà Lạt đi xong về lụy luôn, đẹp điêngggg  #xuhuongtiktok2024 #xuhuongtiktok #viral #dalat #dalatreview #tiktok #reviewcafe #cafetiktok #cafedalat #dalatstory #dalattrip #chill #tayho #chulamreview #fyp #fypシ゚ ",,https://www.tiktok.com/@chulamreview/video/7448123460804562183,6586,2038,226,212300,,
7355881486559595794,cafedalat2024,2026-05-12T13:53:32,1712674627,vpmun,236,❤️‍🔥#friendship #bạnbè #chill #cafe #xh #travel #đàlạt #dalat2024 #xhtiktok #dalatcafe ,,https://www.tiktok.com/@vpmun/video/7355881486559595794,65,28,1,4734,,
7425930339962555655,cafedalat2024,2026-05-12T13:53:32,1728984145,ti_hon11,155200,Bất ngờ với cái quán Cf này vì ẻm siêu đẹp và rộng 🥹🥹 #dalat #dalatcafe #dalatcoffee #caphedalat #tuimoto  #quáncafeviewđẹp #reviewdalat #dalatmacgi #dalatdidau #summervibes #yfp #xuhuong2024 ,,https://www.tiktok.com/@ti_hon11/video/7425930339962555655,64200,3061,409,915200,,
7385911460192390417,cafedalat2024,2026-05-12T13:53:32,1719666526,mc_quangtamm,109700,Một quán cà phê mới toanh. Phong cách Châu Âu chỉ vừa khai trương được vài hôm. Mọi người tranh thủ ghé qua nha. Sẵn đây nhìu bạn hỏi Tâm là đi #dalat thì mặc gì. #Outfit đi Đà Lạt mùa này nên gọn gàng thoy. Vì mưa nhìu. Và cũng không lạnh lắm đâu. #McQuangTam #tamdaily #summer2024 #travel #longervideos #fashiontiktok #summer #holiday #coffee #coffeetime ,,https://www.tiktok.com/@mc_quangtamm/video/7385911460192390417,1336,77,12,69300,,
7403709530078579976,cafedalat2024,2026-05-12T13:53:32,1723810458,tuthoreview,200300,Quán cà phê có chiếc vibe mà Thỏ nghĩ ai cũng mê mẫn là đây nè 💯💕 @RỪNG LÁ KIM Cafe #runglakim #caphedalat #runglakimcafe #đàlạt #đà_lạt #xuhuongtiktok2024 #xuhuong2024 #xuhuong24gioqua #LearnOnTikTok #hot #dalat #dalatreview ,,https://www.tiktok.com/@tuthoreview/video/7403709530078579976,3076,256,52,176400,,
7365333594476137745,cafedalat2024,2026-05-12T13:53:32,1714875377,nanhor_,6106,"Cafe nên có 2 người, ngồi 1m khum bék nói xấu ai hớt 🥹🤣🤣 #2024 #nanhor_ #review #fyp #dalat #dalatreview #coffee #dalatstory ",,https://www.tiktok.com/@nanhor_/video/7365333594476137745,130,42,9,10600,,
7347781883209534726,cafedalat2024,2026-05-12T13:53:32,1710788789,nurrul.k,368,"pov: you’re visiting a cafe in Da Lat

#dalat #dalatvietnam #vietnam #dalatcafe #dalatstory #dalattrip #dalatreview #dalat2024 #tiemcaphetuimoto ",,https://www.tiktok.com/@nurrul.k/video/7347781883209534726,62,3,1,1606,,
7452307410745658632,cafedalat2024,2026-05-12T13:53:32,1735125535,bananzidong,315100,Tổng kết năm 2024 thì mình thấy quán cà phê này phủ sóng hơi nhiều nay mới được đến. Tiệm cà phê Dốc Thị #banandalat ,,https://www.tiktok.com/@bananzidong/video/7452307410745658632,882,204,27,35300,,
7325604357641211137,cafedalat2024,2026-05-12T13:53:32,1705625195,tuanlinhphuot_official,46600,Quán cafe vườn địa đàng view suối tuyệt đẹp ở đà lạt #ThanhThoiLuotTet #xuhuongdi #fyp #fypシ゚viral #cafe #cafedalat #dulichdalat #reviewdalat #cafevuondiadangdalat #xmas2024 #titokawards2024🌈🌈 #suhuongtiktok2024❤️❤️ #xuhuongtiktok2024 #learnontiktok2024 #tuanlinhphuot_official ,,https://www.tiktok.com/@tuanlinhphuot_official/video/7325604357641211137,53,24,10,8887,,
7352741823116234001,cafedalat2024,2026-05-12T13:53:32,1711943623,hoaquynhdalat,25800,Dân chơi kiểng lá bơi vào đây #indoorplant #dalat #dalatreview #dalattravel #hoaquynhno0000 #runalaca #vintagecafe1991 #2024 #traveltiktok ,,https://www.tiktok.com/@hoaquynhdalat/video/7352741823116234001,38,13,4,4441,,
7399143522173029639,cafedalat2024,2026-05-12T13:53:32,1722747354,anh_tai_xe_da_lat,16500,Quán cafe check in Cực Chill Cách Trung Tâm Tp. Đà Lạt Chỉ 5p đi xe #anhtaixedalat #rewiewdalat #checkindalat2024 #dulichdalat  #viral #cafe  #CapCut ,,https://www.tiktok.com/@anh_tai_xe_da_lat/video/7399143522173029639,35,2,1,622,,
7551067372229102866,cafedalat2024,2026-05-12T13:53:32,1758119881,onenightstation,64,"Tiệm cà phê Hoàng Hôn Chiều
 📸 2024 Dec, 14
•
•
• 
#dalat #vietnam #เวียดนาม #ดาลัด #เที่ยวเวียดนาม ",,https://www.tiktok.com/@onenightstation/video/7551067372229102866,50,19,22,900,,
7445903806765763841,cafedalat2024,2026-05-12T13:53:32,1733634603,vudieugio,4789,"Quán Cafe có nhiều Concept xịn sò nhất Đà Lạt 🌲🎀📸
#vudieugiocoffee #đienanhjeju #dulichdalat2024 #cafesongao #cafedalat #xuhuong #fetivanđàlạt #vudieugio #dulichdalat ",,https://www.tiktok.com/@vudieugio/video/7445903806765763841,324,81,8,88400,,
7353807042613742849,cafedalat2024,2026-05-12T13:53:32,1712191637,anhthuydaisy,29400,"Đà Lạt chimg trong sương mù lúc 7h30 ngày 4.4.2024.
#trending #mẻcoffeenè #dalat #cafe #dalatchill #sươngmù #frog ",,https://www.tiktok.com/@anhthuydaisy/video/7353807042613742849,242,3,22,5824,,
7445544724238306568,cafedalat2024,2026-05-12T13:53:32,1733550975,dalatlokal,9988,"Hoa cafe
#dalatlokal #dalatstory #dalat #dalatreview #dalatfestival2024 #dalattrip #dalattravel #chill #dalatchill #dalatcoffee #cafe ",,https://www.tiktok.com/@dalatlokal/video/7445544724238306568,876,546,17,36200,,
7450640480565464338,cafedalat2024,2026-05-12T13:53:32,1734737429,diemthuynguyen_1979,4765,Caffe vườn địa đàng ☕️#cafevuondiadangdalat #dalatcoffee #dulichdalat2024 #tiktokviral ,,https://www.tiktok.com/@diemthuynguyen_1979/video/7450640480565464338,314,9,40,2701,,
7321956744438074625,cafedalat2024,2026-05-12T13:53:32,1704775912,tutadida.sg,61900,Đón Tết sớm ở quán cafe có vibe Đà Lạt 😋 #tet2024 #reviewcafe #chuphinhtet #tungtangdidau #tutadida ,,https://www.tiktok.com/@tutadida.sg/video/7321956744438074625,1351,29,8,15500,,
7446358616766041351,cafedalat2024,2026-05-12T13:53:32,1733740474,kim_luu1904,768,"Quán cafe tone đen ở Đà Lạt 📍1/2 Circle hẻm 4, đường Đặng Thái Thanh, phường 3, Đà Lạt.#viral #xuhuongtiktok #dalat #2024 #view #fyp #dalatdidau #cafedalat #toneden ",,https://www.tiktok.com/@kim_luu1904/video/7446358616766041351,16,0,1,928,,
7317634272913935618,cafedalat2024,2026-05-12T13:53:32,1703769516,thanhluan.1010,5567,Đón TẾT 2024 sớm tại Cafe vibe Đà Lạt 🧧 #coffee #cafe #reviewcafe #tet2024 #tiemcafethangbay #tiemcafethang7 #cafedeptanphu #cafetet ,,https://www.tiktok.com/@thanhluan.1010/video/7317634272913935618,63,2,5,3661,,
7392422406733729040,cafedalat2024,2026-05-12T13:53:32,1721182481,gianghiem01,738,"Tới đây thoi làm li cafe rồi về cày tiếp 🥶.Ae đang Đà Lạt cafe nè 😂  
#2024 #xómleodalat #touring ",,https://www.tiktok.com/@gianghiem01/video/7392422406733729040,1993,179,30,27600,,
7635663776733302024,gocnhodalat,2026-05-12T13:53:48,1777816514,trucn1303,1107,Góc nhỏ Đà Lạt.. #vinaphonedalat #gocnhodalat #xuhuongtiktok #đalat #Trending ,,https://www.tiktok.com/@trucn1303/video/7635663776733302024,13,0,0,203,,
7636356410216942866,gocnhodalat,2026-05-12T13:53:48,1777977784,namkinhcan3004,50200,"Chọn một chiếc homestay xinh, pha một ly trà nóng, ngồi chill giữa Đà Lạt…vậy là đủ cho một chuyến đi healing rồi...🌿 #homestaydalat #homestay #dalat #dalattrip #LearnOnTikTok @Andalat Homestay ",,https://www.tiktok.com/@namkinhcan3004/video/7636356410216942866,240,19,77,3240,,
7615550815121575186,gocnhodalat,2026-05-12T13:53:48,1773133604,lungdoicoffee_backery,2311,"Nếu vừa tới Đà Lạt mà chưa biết đi đâu, thử ghé Lưng Đồi nghỉ ngơi bạn nhé!
Một góc nhỏ nhìn ra rừng thông, ly nước mát và chút không khí cao nguyên là đủ ""combo"" thật chill rồi 🌿☕
#checkindalat #cafedalat #dalatchillmap #tiembanhlungdoi #dalat ",,https://www.tiktok.com/@lungdoicoffee_backery/video/7615550815121575186,21,2,0,338,,
7634384232076446984,gocnhodalat,2026-05-12T13:53:48,1777518602,gocnhodalat_23,196,Chúc cả nhà iu 1dịp nghỉ lễ thật vui và hạnh phúc bên người thân và bạn bè nhé 🫶🫶🫶 #dalat #xuhuong #fyp ,,https://www.tiktok.com/@gocnhodalat_23/video/7634384232076446984,127,15,15,4850,,
7637485395160157461,gocnhodalat,2026-05-12T13:53:48,1778240644,petitapetit18b,182,"“tưởng ghé vội một ly cà phê
ai ngờ ngồi tới chiều 🍃”

một góc nhỏ đầy cây xanh, nắng và mùi cà phê ở Đà Lạt ☕🌿

#dalat #dalatcoffee #dalatcafe #cafedalats #coffeevibes             ",,https://www.tiktok.com/@petitapetit18b/video/7637485395160157461,29,7,7,816,,
7624022339621047560,gocnhodalat,2026-05-12T13:53:48,1775106035,chonbinhyencoffeedalat,90,Một góc nhỏ ở giữa lòng Đà Lạt rất yên bình ✨ #chonbinhyencoffee #dalat #hoanghon #thapvinaphone #acoustic ,,https://www.tiktok.com/@chonbinhyencoffeedalat/video/7624022339621047560,57,13,12,1010,,
7633607362175159573,gocnhodalat,2026-05-12T13:53:48,1777337729,vibesboutiquehoteldalat,144,"V209 – Góc nhỏ bình yên dành cho những ngày muốn “trốn phố” 🌿
Phòng mang tone ấm, ánh sáng tự nhiên tràn ngập, tạo cảm giác thư giãn ngay từ khi bước vào.
Không gian gọn gàng, tinh tế, phù hợp cho cặp đôi hoặc 2 người muốn tận hưởng Đà Lạt theo cách thật riêng.

Vibes Boutique Hotel Dalat
📍 Địa chỉ: 24/2 Đống Đa, P. Xuân Hương, Đà Lạt
📞 Hotline: 0938 030 860
📧 Email: info@vibesboutique.vn#khachsan #hotel #hoteldalat #dalat #khachsandalat ",,https://www.tiktok.com/@vibesboutiquehoteldalat/video/7633607362175159573,9,2,0,316,,
7627088398716636437,gocnhodalat,2026-05-12T13:53:48,1775819907,tructruc.wolfhouse,34500,"Homestay gỗ nhỏ xinh, có sân vườn ở Đà Lạt
#villadalat #homestaydalat #khachsandalat #tructrucwolfhouse #dalat ",,https://www.tiktok.com/@tructruc.wolfhouse/video/7627088398716636437,41,7,5,2713,,
7634152909294390546,gocnhodalat,2026-05-12T13:53:48,1777464741,phongfuta79,1696,Một góc nhỏ tại ĐÀ LẠT#anhtiepvienfuta79❤️ #futabusline_19006067 #xekhachvietnam #xuhuongtiktok2026 #capcut ,,https://www.tiktok.com/@phongfuta79/video/7634152909294390546,75,1,16,981,,
7638127496793230613,gocnhodalat,2026-05-12T13:53:48,1778390156,m.dalats.village,2026,Những góc nhỏ xinh đầy sức sống siêu iu nhà Mơ #Modalatsvillage #dalat #xuhuong ,,https://www.tiktok.com/@m.dalats.village/video/7638127496793230613,10,1,1,342,,
7630341828927114504,gocnhodalat,2026-05-12T13:53:48,1776577405,lapis.lazuli.dala,111,"Chỉ cần một góc nhỏ của Đà Lạt cũng đủ để làm say đắm ánh mắt những kẻ si tình.
#dalat #dulichdalat #hoteldalat
#chill #KyNghi30thang4 ",,https://www.tiktok.com/@lapis.lazuli.dala/video/7630341828927114504,197,74,77,1589,,
7626594133309738260,gocnhodalat,2026-05-12T13:53:48,1775704834,b.tai091999,32,"Đi trốn không ☺️ tui 3tr bạn 2tr đi trốn 2 ngày rồi ai về nhà nấy 🤣 đi cho khuây khoả rồi về mình cày tiếp #gócnhỏ 
#1999 #dalatreview ",,https://www.tiktok.com/@b.tai091999/video/7626594133309738260,9,0,0,141,,
7636216950393441557,gocnhodalat,2026-05-12T13:53:48,1777945317,misolcoffee,2784,Góc nhỏ xinh xinh#dalattrip #vetranh #misolcoffee #chill #cuocsongtuoidep ,,https://www.tiktok.com/@misolcoffee/video/7636216950393441557,22,0,8,270,,
7621769591382953236,gocnhodalat,2026-05-12T13:53:48,1774581534,thelittlecottage.dalat,11400,"Các góc nhỏ xinh xắn ở khu vườn Cottage 🎀🍃
#thelittlecottage #dalat #coquette #hiddengems #cottagecore ",,https://www.tiktok.com/@thelittlecottage.dalat/video/7621769591382953236,530,44,2,6533,,
7632590461282045202,gocnhodalat,2026-05-12T13:53:48,1777100958,rin.hotel,280,"RIN HOTEL DALAT
Một góc nhỏ yên tĩnh giữa Đà Lạt.
RIN Hotel Dalat là khách sạn boutique nhỏ, nằm ngay trung tâm thành phố. 

Địa chỉ: 19 Đống Đa, Phường Xuân Hương, TP. Đà Lạt, Lâm Đồng
Hotline / Zalo: 0836 79 6565

📩 Inbox ngay để giữ phòng giá soft opening nha
Số điện thoại : 0836 79 6565
Địa chỉ : 19 Đống Đa, Phường Xuân Hương, TP Đà Lạt. 

Tiện ích : 
✅ Giường King size thoải mái theo tiêu chuẩn 5 sao
✅ Trà và cà phê miễn phí cả ngày 
✅ Wifi, ấm siêu tốc, ổ cắm kéo dài tiện lợi
✅ Phòng giặt đồ miễn phí cho khách lưu trú
✅ Bãi đậu xe ô tô & lễ tân 24/7 
✅ Máy lạnh & Máy sấy tóc
✅ Smart TV kèm Netflix cực chill 
✅ Tất cả các phòng đều có cửa sổ lớn hoặc ban công rinhoteldalat #khachsanDalat  
#reviewdalat #checkindalat #dulichdalat #hotelDalat   
      
   ",,https://www.tiktok.com/@rin.hotel/video/7632590461282045202,52,12,1,2578,,
7634377462008335623,gocnhodalat,2026-05-12T13:53:48,1777517030,boodiann,2604,"Vô tình phát hiện mà chill ơi là chill 🫶🫶🫶

#dalat #dulichdalat #dalatstory #dalatdidau #caphedalat ",,https://www.tiktok.com/@boodiann/video/7634377462008335623,81,28,1,4918,,
7637144445711813895,gocnhodalat,2026-05-12T13:53:48,1778161260,ngamuabannhadatvendalat,1917,"🌿 730TR sở hữu ngay góc nhỏ an yên giữa thiên nhiên
🚗 Đường nhựa tới đất – khí hậu mát mẻ quanh năm
✨ Cuối tuần lên chill, nghỉ dưỡng quá hợp luôn ạ 🍃

📞 Liên hệ ngay em Nga 0943227633 để xem đất thực tế ạ 🥰 #batdongsan #muabannhadat #xuhuongtiktok #lamdong #dalat ",,https://www.tiktok.com/@ngamuabannhadatvendalat/video/7637144445711813895,27,1,5,463,,
7637108993717980436,gocnhodalat,2026-05-12T13:53:48,1778153008,kathotel_dalat,259,Góc nhỏ xinh iu của KAT HOTEL BÙI THỊ XUÂN#CapCut #Kathotel #dalat #khachsandalat #xuhuong ,,https://www.tiktok.com/@kathotel_dalat/video/7637108993717980436,3,0,0,136,,
7592585190082399496,gocnhodalat,2026-05-12T13:53:48,1767786500,hi.girl.beaute,2793,"Chiếc góc nhỏ xinh ấp ủ bao lâu nay gia nhập bầu không khí năng động với các bạn trẻ siu nhiệt huyết 🤭🫶🏻🫶🏻  
Mời mn ghé chơi với em tại Kiosk khu tổ hợp chợ mới, tầng 3 - Chợ ĐL Center
#nails #nailroom #dalatcenter #dalatreview #chodalat ",,https://www.tiktok.com/@hi.girl.beaute/video/7592585190082399496,1463,336,86,56700,,
7611821097239022869,gocnhodalat,2026-05-12T13:53:48,1772265219,cafetoiden,4952,"Có những ngày Đà Lạt mưa rơi lặng lẽ,
Tỏi lại may mắn gặp được những vị khách “đáng iu” hơn cả nắng ☕🌧️
Chỉ cần một nụ cười ghé qua… là đủ ấm cả một ngày dài.

#CafeToiDen #CroissantInDalat #DaLatChill #NgayMuaDaLat #GocNhoBinhYen",,https://www.tiktok.com/@cafetoiden/video/7611821097239022869,33,9,10,2130,,
7631876017128361237,gocnhodalat,2026-05-12T13:53:48,1776934612,khanhtran82_,1058,"“Góc nhỏ bình yên, hoa hồng nở nhẹ 🌸”#đalat ",,https://www.tiktok.com/@khanhtran82_/video/7631876017128361237,20,3,1,213,,
7625929424847883527,gocnhodalat,2026-05-12T13:53:48,1775550063,tiemnuong.hoanghon,13100,"Có những buổi chiều chẳng cần đi đâu xa,
chỉ cần một góc nhỏ, trời vừa chạm hoàng hôn, gió se se lạnh… là đủ thấy lòng mình dịu lại.
————
Ngồi bên bếp nướng ấm, làn khói bay nhẹ trong không khí,
mùi đồ ăn thơm lừng len qua từng câu chuyện dở dang,
tiếng cười của mấy đứa bạn cứ thế vang lên — tự nhiên, không vội vàng.
——————-
Khoảnh khắc đó,
không ồn ào, không áp lực,
chỉ có hoàng hôn đỏ rực trước mắt
và những người mình thích ở bên cạnh.
Có lẽ, hạnh phúc đôi khi đơn giản là vậy thôi. 🌅🔥
Một buổi chiều đủ chill, đủ ấm, đủ để nhớ rất lâu.
——————-
📌 Tiệm Decor Sinh nhật, Kỷ niệm,... ""Miễn Phí"" cho Khách yêu khi đặt bàn trước.
📌 Đừng quên đặt bàn trước để giữ cho mình vị trí đẹp nhất, để mỗi khoảnh khắc trôi qua đều thật trọn vẹn nhé!
Tiệm Nướng Hoàng Hôn
 📍 Hẻm 118, Đồi Dã Chiến, đường Hùng Vương, P. Xuân Trường, Đà Lạt
 ☎ Hotline: 0765 257 685
 🕰 Mở cửa: 15:00 – 22:00 | Thứ 2 – Chủ nhật.
#t#tiemnuonghoanghonh#hoanghondalatd#didauodalat#tiemnuonghoanghon #hoanghondalat #didauodalat #tiemnuongdalat #dalatangi ",,https://www.tiktok.com/@tiemnuong.hoanghon/video/7625929424847883527,32,3,2,10400,,
7611892733292367125,gocnhodalat,2026-05-12T13:53:48,1772281892,kaiomstay,252,"Một năm trước mình bắt đầu giữ gìn một góc nhỏ ở Đà Lạt.

#dalat #homestaydalat #storytime",,https://www.tiktok.com/@kaiomstay/video/7611892733292367125,90,22,33,5833,,
7633611700838698260,gocnhodalat,2026-05-12T13:53:48,1777338732,vibesboutiquehoteldalat,144,"👨‍👩‍👧‍👦 Fam 1 – Góc nhỏ ấm áp cho cả nhà
Một căn phòng đủ rộng để cả gia đình quây quần, đủ xinh để lưu lại những khoảnh khắc thật chill.
✔️ Không gian thoáng
✔️ Giường êm ái
✔️ Tiện nghi đầy đủ
👉 Phù hợp cho gia đình hoặc nhóm bạn muốn ở cùng nhau mà vẫn thoải mái

Vibes Boutique Hotel Dalat
📍 Địa chỉ: 24/2 Đống Đa, P. Xuân Hương, Đà Lạt
📞 Hotline: 0938 030 860
📧 Email: info@vibesboutique.vn#khachsan #hotel #hoteldalat #dalat #khachsandalat ",,https://www.tiktok.com/@vibesboutiquehoteldalat/video/7633611700838698260,3,1,0,335,,
7626657632442518805,gocnhodalat,2026-05-12T13:53:48,1775719614,coffeetrasuahdkdalat,263,"Ngày 2: Series Mỗi Ngày Làm Gì Tại Coffee Homestay HĐK
một góc nhỏ bình yên giữa lòng Đà Lạt
Sáng nhâm nhi cà phê, thưởng thức điểm tâm giữa khu vườn xanh mát ☕🥐
Tối đến chill cùng acoustic, thả hồn theo những giai điệu nhẹ nhàng 🎶
📍 Đến là muốn ở lại, đi rồi lại muốn quay về…
#CoffeeHomestayHDK #CheckinDalat #TraSuaDalat #UuDaiSinhVien #TikTokDalat ",,https://www.tiktok.com/@coffeetrasuahdkdalat/video/7626657632442518805,14,11,4,218,,
7605968521306197256,gocnhodalat,2026-05-12T13:53:48,1770902549,zenhomestaydalat,1353,"Góc nhỏ xanh, đủ lãng mạn để bạn yêu cả thế giới .#zenhomestaydalat #homestaydalat #homestaygiaredalat #dalatreview ",,https://www.tiktok.com/@zenhomestaydalat/video/7605968521306197256,443,10,0,5714,,
7610641855058808084,gocnhodalat,2026-05-12T13:53:48,1771990650,rosehillvilladalat,430,"[English below]

🍃Rose Hill — một góc nhỏ yên bình giữa lòng Đà Lạt.
Nơi bạn có thể tận hưởng, hít thở không khí trong lành, thức dậy cùng nắng sớm và vườn xanh dịu mát.
Dù là chuyến đi nghỉ ngơi, làm việc hay chỉ để tìm lại sự cân bằng, Rose Hill luôn sẵn sàng chào đón bạn bằng sự ấm áp và tử tế.

Chúng mình tin rằng, một chuyến đi đẹp không nằm ở sự vội vã — mà ở những khoảnh khắc chậm lại 🌿

🍃 Rose Hill — a peaceful little sanctuary in the heart of Da Lat.
A place where you can truly unwind, breathe in the crisp fresh air, and wake gently to golden sunlight and soothing garden greens.

Whether you’re here to rest, to work, or simply to restore your balance, Rose Hill welcomes you with heartfelt warmth and genuine care.

We believe the most beautiful journeys are not measured by haste — but by the quiet moments when you allow yourself to slow down 🌿

------------------------------------------
Contact us
💌Rose Hill Dalat Villa
📍70/16 Nguyễn An Ninh, p. Cam Ly (p6 cũ) - Đà Lạt 
☎️Hot line/zalo/whatsApp: 0945 295 311",,https://www.tiktok.com/@rosehillvilladalat/video/7610641855058808084,17,1,1,502,,
7463821415771278610,diadiemanuongdalat,2026-05-12T14:48:38,1737806348,kuti20297,177400,Bánh canh cua Luxury ngon nhất Đà Lạt ✨ #banhcanh #food #dalat #banhcanhcua #minhlakuti #diadiemanuong ,,https://www.tiktok.com/@kuti20297/video/7463821415771278610,13000,6892,334,716100,,
7351351906515619090,diadiemanuongdalat,2026-05-12T14:48:38,1711620002,sayhihuy,74000,Tiệm cơm quê bình dân tại Đà Lạt #ancungtiktok #reviewanngon #amthuctiktok #foodreview #diadiemanuong #comque #comtrua #dalat #dalatreview #dalatfood #dulichdalat #tiktoktravel #dalattravel #dalatstory #dalattrip #dalatangi #amthucdalat #sayhihuy #fyp #trending #xuhuong @Tiệm Cơm Hồi Đó  ,,https://www.tiktok.com/@sayhihuy/video/7351351906515619090,5057,2919,206,271200,,
7587040268721933589,diadiemanuongdalat,2026-05-12T14:48:38,1766495475,phnhuyne,23300,"Không phải local xịn chỉ nhưng đi Đà Lạt thì phải thử hai chỗ này nha 🫶🏻

#dalat #localfood #travel #phannhuy #diadiemanuong ",,https://www.tiktok.com/@phnhuyne/video/7587040268721933589,103,13,7,4501,,
7472714345500232967,diadiemanuongdalat,2026-05-12T14:48:38,1739876895,conluoireview,102100,Lịch trình ăn chơi sập Đà Lạt 😍 #dicungluoi#diadiemanuong#ancungtiktok#dulichdalat#dalat#dalatreview#tiktokdulich#dulichtiktok#dalattrip  ,,https://www.tiktok.com/@conluoireview/video/7472714345500232967,1660,461,12,46100,,
7612220469835517205,diadiemanuongdalat,2026-05-12T14:48:38,1772358203,meconhueodalat,4487,"Sân bay Liên Khương Đà Lạt chuẩn bị đóng, mng lên ĐL tìm quán ăn cứ ghé mẹ con Huế nha🌿 #meconhuedalat #dalat #diadiemanuong #food #bunbohue ",,https://www.tiktok.com/@meconhueodalat/video/7612220469835517205,515,32,25,32800,,
7350238587985726738,diadiemanuongdalat,2026-05-12T14:48:38,1711360788,sayhihuy,74000,Lẩu gà lá é Tạo Ngộ do người gốc Phú Yên bán #ancungtiktok #reviewanngon #amthuctiktok #foodreview #diadiemanuong #laugalae #laugalaedalat #laugalaetaongo #dalat #dalatreview #dalatfood #dalatstory #dalattrip #dalatangi #amthucdalat #sayhihuy #fyp #trending #xuhuong ,,https://www.tiktok.com/@sayhihuy/video/7350238587985726738,750,68,25,42400,,
7520852332108614930,diadiemanuongdalat,2026-05-12T14:48:38,1751084894,tiemangiadinhhoavenrung,816,Thưởng thức những bữa ăn ngon cùng sự bình yên tại Tiệm ăn Hoa Ven Rừng. #hoavenrung #dalat #dalatreview #diadiemanuong ,,https://www.tiktok.com/@tiemangiadinhhoavenrung/video/7520852332108614930,232,122,97,7162,,
7521937649511238920,diadiemanuongdalat,2026-05-12T14:48:38,1751337591,tiemangiadinhhoavenrung,816,Vừa ăn ngon vừa check-in chill chill thì không thể bỏ qua tiệm ăn Hoa Ven Rừng được #hoavenrung #dalat #dalatreview #diadiemanuong ,,https://www.tiktok.com/@tiemangiadinhhoavenrung/video/7521937649511238920,104,57,37,2500,,
7614090851706359060,reviewanvatdalat,2026-05-12T14:48:46,1772795461,vie.viee__,39100,"Giờ mới biết quán này cũng hơi muộn á nhưng mà ngon nha, mọi ngưởi thử đi 
#covytronodalat #dalatreview #anvatdalat #banhngondalat #reviewanngon ",,https://www.tiktok.com/@vie.viee__/video/7614090851706359060,1730,1321,62,58200,,
7597620077361499399,reviewanvatdalat,2026-05-12T14:48:46,1768958783,banhmipateminidalat,427,"Đà Lạt có chỗ nào hợp cho thêm một xe bánh mì thơm phức nữa không mọi người ơi? Chỉ mình với 🥖✨” 
#banhmipateminidalat #dalatangi #banhmidalat #anvatdalat #dalatreview #dalatfood ",,https://www.tiktok.com/@banhmipateminidalat/video/7597620077361499399,729,248,63,61900,,
7638502808114760980,reviewanvatdalat,2026-05-12T14:48:46,1778477533,ngocdilacreview,1322,"chị dễ thương lắm á mọi người ơi. Chè và bún huế chuẩn vị, hàng tháng chị còn thường xuyên đi từ thiện, thương gì đâu. mà trong này hơi khuất nên ít khách. mọi người ghé ăn thử ủng hộ chỉ nhaaaa  #dalatangingon #dalatreview #chehuedalat #bunbohuedalat #anvatdalat ",,https://www.tiktok.com/@ngocdilacreview/video/7638502808114760980,126,86,10,6843,,
7551437914014747925,reviewanvatdalat,2026-05-12T14:48:46,1758206154,tiembanhtrangnhin,1922,Pov: Một mình đi ăn cá viên chiên mắm tỏi ở Đà Lạt 🤤. Có thể là 1 tuần ăn cá viên 4 ngày đăng clip mà nuốt nc mín ực ực 🤤 #tiembanhtrangnhinho #cavienchiennuocmam #anvatdalat #dalatangingon #reviewdalat ,,https://www.tiktok.com/@tiembanhtrangnhin/video/7551437914014747925,4090,1374,109,164400,,
7638185806686883092,reviewanvatdalat,2026-05-12T14:48:46,1778403726,quanquyt.nhanvien,311,"Khách khen quá trời, tụi mình nghe mà cái nọng rung rung 🥹
Chắc phải tính đường vô Sài Gòn thiệt quá 😆
#dalat #donut #khuhoabinhdalat #dalatreview #anvat ",,https://www.tiktok.com/@quanquyt.nhanvien/video/7638185806686883092,105,10,3,4682,,
7299428100247506184,reviewanvatdalat,2026-05-12T14:48:46,1699530546,_dmylinh,62100,Quán ăn vặt guột của 2 chị em tui @Lê Tuyền #dmylinh #dmylinhindalat #anvatdalat #reviewdalat #dalatfood #boxstudio ,,https://www.tiktok.com/@_dmylinh/video/7299428100247506184,1908,219,66,47200,,
7303144569539988744,reviewanvatdalat,2026-05-12T14:48:46,1700395855,duy.dalat,1938,"Tàu hủ Cô Vang Đà Lạt ăn rất dễ bị ghiền. Đến ngay Tiệm Nhà Út thôi nào!!!

#master2023byTiktok #reviewdalat #anvatdalat #TiemnhaUt #DuyDalat #tauhucovang #dalat ",,https://www.tiktok.com/@duy.dalat/video/7303144569539988744,116,35,9,30200,,
7638476715794173192,quanandalat,2026-05-12T14:48:54,1778471459,sasavivudalat,7263,Quán ăn vặt giá rẻ Đà Lạt #vivudalatcungsa #reviewdalat #dalat #dalatreview ,,https://www.tiktok.com/@sasavivudalat/video/7638476715794173192,294,290,8,15800,,
7637495482759236884,quanandalat,2026-05-12T14:48:54,1778242995,benuidalat2026,43,"Bình thường không thích ăn bê lắm đâu, mà không ngờ ngon vậy luôn á 

#dalat #dalatreview #angidalat #quanandalat #benuidalat ",,https://www.tiktok.com/@benuidalat2026/video/7637495482759236884,172,153,23,10100,,
7638156465563323666,quanandalat,2026-05-12T14:48:54,1778396892,hapham050894,14800,Còn 10 ngày đếm ngược các mom ơi #hottrending #quanandalat #LIVEIncentiveProgram #LIVEIsEasy #PaidPartnership ,,https://www.tiktok.com/@hapham050894/video/7638156465563323666,12,3,2,136,,
7503154580214091016,quanandalat,2026-05-12T14:48:54,1746964313,doiduadalat,4250,"Buổi trưa đôi đũa có cơm niêu, buổi tối có bò nhúng atiso #dalat #doiduadalat #dalatreview #dalatangi #quanandalat ",,https://www.tiktok.com/@doiduadalat/video/7503154580214091016,1550,320,45,52700,,
7404071983547239687,quanandalat,2026-05-12T14:48:54,1723894848,ducdodalat,26700,Các bạn đã ăn quán hủ tiếu này ở Đà Lạt chưa? #hutieudalat #dalat #ducdodalat #quanandalat ,,https://www.tiktok.com/@ducdodalat/video/7404071983547239687,2199,1173,75,97400,,
7635928081340828935,quanandalat,2026-05-12T14:48:54,1777878055,quan.an.65.dalat,1246,,,https://www.tiktok.com/@quan.an.65.dalat/video/7635928081340828935,111,18,25,318,,
7259662871414459650,quanandalat,2026-05-12T14:48:54,1690271983,ducdodalat,26700,"10 quán ăn mình thấy ngon ở Đà Lạt, mọi người nhớ lưu lại nha. #quanandalat #ansangdalat #monngondalat #dalatangi #dalatfood #reviewdalat #ducdodalat ",,https://www.tiktok.com/@ducdodalat/video/7259662871414459650,2110,573,60,262600,,
7632565702364368149,quanandalat,2026-05-12T14:48:54,1777095194,thodiadalat_gdl,182100,3 quán ăn sáng mà Thổ muốn gợi ý đến mọi người nè 😋 @Ghiền Đà Lạt #thodiadalat #ghiendalat #fyp ,,https://www.tiktok.com/@thodiadalat_gdl/video/7632565702364368149,158,13,2,14500,,
7445286601103510801,quanandalat,2026-05-12T14:48:54,1733490877,tungnuitravel,71900,Một điểm đến mình rất ưng khi đi ăn nướng ở Đà Lạt là Mộc Quán BBQ nha #travel #traveltiktok #dulichvietnam #travelvietnam #dalat #reviewdalat ,,https://www.tiktok.com/@tungnuitravel/video/7445286601103510801,1404,1521,53,202100,,
7573183826654956821,quanandalat,2026-05-12T14:48:54,1763269270,comgahuongxua,741,#huongxua #comgadalat #quanandalat #antruadalat #dalatangi #comgahuongxua ,,https://www.tiktok.com/@comgahuongxua/video/7573183826654956821,268,211,12,28600,,
7524263642276105479,quanandalat,2026-05-12T14:48:54,1751879151,bocauzotriiudalat,8205,“Say” xưa - 68 Phan Đình Phùng #anchoidalat #dalatreviewcotam #quanandalat #dalatangi #anngondalat #quananngondalat ,,https://www.tiktok.com/@bocauzotriiudalat/video/7524263642276105479,103,97,3,16500,,
7583278632676756757,quanandalat,2026-05-12T14:48:54,1765619654,comgahuongxua,741,#huongxua #comgadalat #quanandalat #antruadalat #dalatangi ,,https://www.tiktok.com/@comgahuongxua/video/7583278632676756757,236,102,27,16200,,
7431492075218128146,quanandalat,2026-05-12T14:48:54,1730279088,lachtachdalat,178,"𝘾𝙊̛𝙈 𝙏𝙍𝙐̛𝘼 𝙣𝙝𝙖̀ 𝙈𝙞̀𝙣𝙝 ! Chỉ từ 55ka/ người.
Bữa trưa nóng hổi với 2 món mặn, canh, rau, cùng cơm trắng. Chỉ 55ka/ người, có thể gọi kèm các món ăn thêm như: Cà pháo mắm nêm, dưa cải chua, trứng chiên, thịt luộc mắm tôm… Đúng chuẩn cơm nhà mình.
Lách Tách sẽ bắt đầu mở bán cơm trưa vào ngày 2/11 ( thứ bảy ) mời cả nhà ghé “xơi”. Món ăn Việt ngập tràn tại Lách Tách - Chả Cá Lã Vọng. Ngắm hồ ăn cơm trưa còn gì bằng 🥰
🏡 Lô 8 Hoàng Văn Thụ P4 Tp Đà Lạt - 0902583095 
( Hồ Hoàng Văn Thụ Đà Lạt )
#comtrua #comnha #quancomdalat #quanngondalat #monandalat #quanandalat",,https://www.tiktok.com/@lachtachdalat/video/7431492075218128146,3107,84,19,38400,,
7358754668392058119,quanandalat,2026-05-12T14:48:54,1713343617,bikipdulichdalat,15100,12 Quán Ăn Sáng Ngon Ở Đà Lạt #bikiep #dalat #tonghop,,https://www.tiktok.com/@bikipdulichdalat/video/7358754668392058119,1210,521,36,407700,,
7569212291720219922,quanandalat,2026-05-12T14:48:54,1762344573,tronlenroian,4981,"Đà Lạt lạnh lạnh mà có phần cơm trộn + canh nóng hổi thế này là quá xá đã 

#TiemComNhaTron #ComTronHanQuoc #comtron #quanandalat #dalat ",,https://www.tiktok.com/@tronlenroian/video/7569212291720219922,1170,829,29,41800,,
7631586202574916885,quanandalat,2026-05-12T14:48:54,1776867132,dalatchanggdi,38,"Quán cơm phần tui sẽ ghé dài dài 
#dalat #dalatreview #fyppppppppppppppppppppppp #dalatangi #dalatchanggdi ",,https://www.tiktok.com/@dalatchanggdi/video/7631586202574916885,20,5,6,2053,,
7600642525577137429,quanandalat,2026-05-12T14:48:54,1769662498,comgahuongxua,741,#comgadalat #quanandalat #dalatangi #comgahuongxua #antruadalat ,,https://www.tiktok.com/@comgahuongxua/video/7600642525577137429,616,224,9,48900,,
7632515240151747858,quanandalat,2026-05-12T14:48:54,1777083446,lacaphee,33500,"@Bún bò An Cựu Chàiii ai cái quán bún bò có bãi đỗ xe ô tô, ngắm view tàu này hong chill thì quán nào chill 🍃🍃 #dalat #lacaphee #dalattrip #dalatangi #dalatdidau ",,https://www.tiktok.com/@lacaphee/video/7632515240151747858,329,67,4,72300,,
7631798629547691282,quanandalat,2026-05-12T14:48:54,1776916594,tungvi.daily,9578,Ngon nhắm ạ #viral #quanandalat #dalat #anuongdalat ,,https://www.tiktok.com/@tungvi.daily/video/7631798629547691282,315,231,30,20600,,
7586893933301484821,quanandalat,2026-05-12T14:48:54,1766461409,comgahuongxua,741,#huongxua #comgadalat #quanandalat #antruadalat #dalatangi ,,https://www.tiktok.com/@comgahuongxua/video/7586893933301484821,104,44,9,5850,,
7514281689141546248,quanandalat,2026-05-12T14:48:54,1749555046,phunglai2222,3600000,Gồi tới lun :)) phát hiện ra quán ăn khuya của các genZ tại Đà Lạt quá là okila với cả bánh cuốn trứng tôm cũng lạ nè mấy bà ơi #PhungLai ,,https://www.tiktok.com/@phunglai2222/video/7514281689141546248,58200,11900,506,959900,,
7171067368221707547,quanandalat,2026-05-12T14:48:54,1669644237,chloevu.02,1608,"Top quán ăn sáng nên thử tại Đà Lạt năm 2022 🥹 
#ansangdalat #dalatangi #dalatfood #dalatreview #dalattrip #checkindalat #fyp #xuhuong #thinhhanh #dalat #foodtourdalat #breakfast",,https://www.tiktok.com/@chloevu.02/video/7171067368221707547,640,116,7,63600,,
7490785825370688776,quanandalat,2026-05-12T14:48:54,1744084489,bananzidong,315100,"Một quán lẩu nướng đã mở được 25 năm ở Đà Lạt do Cô Chú người địa phương làm, mình thấy các món ăn ở đây ngon và chất lượng xứng đáng được nhiều người biết hơn. Quán Cô Xuân nằm ở Vạn Thành - Đà Lạt. #banandalat #ancungtiktok ",,https://www.tiktok.com/@bananzidong/video/7490785825370688776,2311,1085,60,137100,,
7591492326153833736,quanandalat,2026-05-12T14:48:54,1767532050,christineluu_,123500,"Đây là quán mà mng đến Đà Lạt nên đi nha tr ơi, về rồi làm clip lại vẫn thèm 😙 #LearnOnTikTok #dalat #fyp #daily #trending  ",,https://www.tiktok.com/@christineluu_/video/7591492326153833736,23000,7032,124,684900,,
7630321185460440338,quanandalat,2026-05-12T14:48:54,1776572600,dienodalat.py,14600,Đi ăn một lần là dính luôn 📍Bếp Hứa Gia - Đà Lạt #dalat #monngon #dalatangi #bephuagiadalat ,,https://www.tiktok.com/@dienodalat.py/video/7630321185460440338,1090,942,38,77500,,
7450519357194603783,quanandalat,2026-05-12T14:48:54,1734709224,tiemnuonglauthoibinh,1705,Quán ăn tối ngon ở Đà Lạt ✨✨ #fyp #dalat #anngon #quannhau ,,https://www.tiktok.com/@tiemnuonglauthoibinh/video/7450519357194603783,53000,2472,247,1100000,,
7312059646120889602,caphengondalat,2026-05-12T14:49:02,1702471559,meomeembekeo,863,#CapCut Đà Lạt tháng 12 ăn gì???🤭☺️😜🎄🎄🎄 #xuhuongtiktok #trend #treding_viral_video #dalatmuadong❄️ #dalatthanhphosuongmu #angiodalat #monngondalat ,,https://www.tiktok.com/@meomeembekeo/video/7312059646120889602,24400,3219,1489,1100000,,
7588960314842975509,caphengondalat,2026-05-12T14:49:02,1766942523,aida_vlogs,2805,The last party of the year for me for sure ( I’ve been to two in a year🤣). But it was still fun!  #кудапойти #baku #boolood #azerbaijan #booloodbaku ,,https://www.tiktok.com/@aida_vlogs/video/7588960314842975509,5384,2203,49,239200,,
7587889212649639199,caphengondalat,2026-05-12T14:49:02,1766693145,yourgenre_,38200,Who Dem - #capleton #dancehall #fyp #viral #applemusic ,,https://www.tiktok.com/@yourgenre_/video/7587889212649639199,27400,1327,85,268100,,
7630581717681573152,caphengondalat,2026-05-12T14:49:02,1776633259,nexiara3333,16400,KAPITAN #ewron #qsmp2  #qsmp #dc #fyp ,,https://www.tiktok.com/@nexiara3333/video/7630581717681573152,2336,119,31,30100,,
7632763486627532062,caphengondalat,2026-05-12T14:49:02,1777141252,hafsampls,116,"Càphin Mpls in the Warehouse District, Minneapolis @CaphinMPLS #minneapolis #mpls #smallbusiness #coffeeshop ",,https://www.tiktok.com/@hafsampls/video/7632763486627532062,29,0,1,809,,
7576794542393789709,caphengondalat,2026-05-12T14:49:02,1764109977,jannehkonneh,97600,"If you’re planning a trip to Copenhagen, here’s the perfect 3-day itinerary in the world’s 2nd happiest country 🇩🇰✨
#traveltok #copenhagen #thingstodocopenhagen #denmark #travelitinerary ",,https://www.tiktok.com/@jannehkonneh/video/7576794542393789709,10800,1588,83,170400,,
7313976775921421574,caphengondalat,2026-05-12T14:49:02,1702917923,cute_waqar_hussain72,173500,"MASHAALLAH BEAUTIFUL AND BIGGEST SAHIWALI X BRAHMAN BULLS COLLECTION 2024🥰🥰
DEAR TIKTOK PLEASE DON'T UNDER REVIEW MY VIDEO❤❤
#foryou #foryoupage #allah1000000000000000000k #hazratmuhammadsaw7 #alimoula7 #domailmandicraz7 #fatehjhangmandicraz7 #gondalmandicraz7 #bhatamandicraz7 #mandramandicraz7 #lahoremandicraz7 #karachimandicraz7 #rawalpindi #hajichowk #viral #goviral #fyp #capcut #booktok #filumstok #learnontiktok #sahiwalibullscraz7 #brahmanbullscraz7 #shahbaba7bullscraz7 #cute_waqar_hussain72 #foryoupage #foryou ",,https://www.tiktok.com/@cute_waqar_hussain72/video/7313976775921421574,77300,1704,197,4800000,,
7480527027444010247,caphengondalat,2026-05-12T14:49:02,1741695927,gaaaconn,6386,Cà phê xanh lùn đa thân thả ngọn #caphe #xh,,https://www.tiktok.com/@gaaaconn/video/7480527027444010247,524,13,44,16800,,
7613605089856458015,caphengondalat,2026-05-12T14:49:02,1772680583,the.dream.of.me,55,"I really do love merchandising work but today's job was a doozy, not just resetting product but also taking down and replacing shelving removing dozens of jars, boxing items up and labeling, and carting over stock items up. It was a lot but en entire Gondala and end cap done in 5 hours not bad. 
@Fritos @Frito-Lay Shop 
#fritolay #merchandiser #xybxca ",,https://www.tiktok.com/@the.dream.of.me/video/7613605089856458015,15,2,1,880,,
7542126264421829910,caphengondalat,2026-05-12T14:49:02,1756038117,naim_gondal3,9700,#CapCut #treanding #viral #dhoom #dhoomachale ,,https://www.tiktok.com/@naim_gondal3/video/7542126264421829910,1498,146,27,88800,,
7615478825572388117,cafedalat2026,2026-05-12T14:49:10,1773116859,gotaditravel,1568,"Cập nhật 3 quán cafe mới nổi, decor đẹp tại Đà Lạt, thích hợp cho bạn check in cả ngày từ lúc bình minh đến hoàng hôn #Gotadi #dalat #cafedep #cafedalat",,https://www.tiktok.com/@gotaditravel/video/7615478825572388117,36,23,1,6144,,
7593951981899631880,cafedalat2026,2026-05-12T14:49:10,1768104732,quanhchilllamm,524,"Rừng Na Uy, Đà Lạt 2026 #fyp #fypシ゚ #dalat #reviewdalat #cafedalat ",,https://www.tiktok.com/@quanhchilllamm/video/7593951981899631880,29700,7814,117,659100,,
7625207356271365396,cafedalat2026,2026-05-12T14:49:10,1775381943,mememetyty,13300,"Live 05.04.2026 Happy Hill Coffee Đà Lạt 

#happyhilldalat 
#happyhillcoffee 
#happyhill 
#L_T_T_M🌻 
#dalatnangvachungta",,https://www.tiktok.com/@mememetyty/video/7625207356271365396,14000,606,354,276700,,
7620643027442339088,cafedalat2026,2026-05-12T14:49:10,1774319283,chuyencuanang5,245400,"Lỡ như cả đời này không được đi Đà Lạt thì sao ?
#dalat #2026 #chuyencuanang #sanmay #sanmaydalat #chill",,https://www.tiktok.com/@chuyencuanang5/video/7620643027442339088,72300,2443,949,1100000,,
7600446945529695508,cafedalat2026,2026-05-12T14:49:10,1769616960,taochuale123,71500,Happy Hill Coffee - Đà Lạt ☕ 23/01/2026 ☘️🥰🎙️ 🎼🎶🩷✨💫🪄 #coffee #thamquan #dalat #dulich #cosplay ,,https://www.tiktok.com/@taochuale123/video/7600446945529695508,1901,83,42,43100,,
7594309451583081746,cafedalat2026,2026-05-12T14:49:10,1768188020,dicungmuadl,268000,"Đà Lạt vốn dĩ là thế, nhẹ nhàng và bình yên
#dalat #2026 #dicungmua",,https://www.tiktok.com/@dicungmuadl/video/7594309451583081746,4776,921,163,105300,,
7615480335249198357,cafedalat2026,2026-05-12T14:49:10,1773117197,cfrungmo,20900,"Bình yên giữa thiên nhiên rừng xanh suối mát - Rừng Mơ
#dalat #2026 #rungmo #chill",,https://www.tiktok.com/@cfrungmo/video/7615480335249198357,139600,9395,381,1600000,,
7632565519182236936,cafedalat2026,2026-05-12T14:49:10,1777095148,chau.giang.dng,2718,Café Miền Du mục Đà Lạt . Cảnh sắc và view ở đây thật tuyệt. Tháng 3-2026 ! #nhachaymoingay❤️ #canhdepthiennhien #xuhuongtiktok #dulichvietnam #dulichdalat ,,https://www.tiktok.com/@chau.giang.dng/video/7632565519182236936,247,22,170,761,,
7596534131127749909,cafedalat2026,2026-05-12T14:49:10,1768705945,suoibinhyen,568600,"Du Xuân 2026 tại cà phê Bản Lèo nha
Lên Đà Lạt làm bộ hình tết liền thôi
#dalat #2026 #tet #tet2026 #banleo #decortet #hoanghon #hoanghondalat #taybac",,https://www.tiktok.com/@suoibinhyen/video/7596534131127749909,28700,7867,293,888000,,
7601158823281298709,cafedalat2026,2026-05-12T14:49:10,1769782707,thanhkhangdongthap,46900,Happy Hill Coffee- Đà Lạt ☕️ 27/01/2026 ☘️🥰🎼🎶🍁🌾🪷☕️🍂🍁 #cosplay #dalat #dulich #thamquan #☕️ ,,https://www.tiktok.com/@thanhkhangdongthap/video/7601158823281298709,3195,96,71,94900,,
7595755645236694292,cafedalat2026,2026-05-12T14:49:10,1768524694,chuyencuanang5,245400,"Không khí tết tràn ngập tại cà phê Bản Lèo - cùng đến du xuân 2026 tại Đà Lạt
#dalat #2026 #tet #tet2026 #decortet #banleo",,https://www.tiktok.com/@chuyencuanang5/video/7595755645236694292,3264,292,115,32100,,
7613189551829404948,cafedalat2026,2026-05-12T14:49:10,1772583839,tiemcaffehoibichii,5110,Tiếp tục seri của mấy bé…4/3/2026#tiemcaffenangthuytinh #cafechill #riwiew #dalat #mèodễthương ,,https://www.tiktok.com/@tiemcaffehoibichii/video/7613189551829404948,39900,14700,405,496400,,
7597363454395157781,cafedalat2026,2026-05-12T14:49:10,1768899036,chuyencuanang5,245400,"Tag ngay đứa bạn để đi Đà Lạt du xuân 2026 thôi nè
Lên áo dài check in tại cà phê Bản Lèo ngay thôi
#dalat #hoanghondalat #hoanghon #2026 #tet #tet2026 #decortet #banleo",,https://www.tiktok.com/@chuyencuanang5/video/7597363454395157781,6002,176,111,88500,,
7587644118529101072,cafedalat2026,2026-05-12T14:49:10,1766636130,myandangdoiban999,128900,Đến check in ly cà phê khổng lồ tại Quảng Trường Lâm Viên nha #kingcoffee #dalat #lehoicaphetoancaudalat,,https://www.tiktok.com/@myandangdoiban999/video/7587644118529101072,18500,13000,121,21400,,
7633298477916753173,cafedalat2026,2026-05-12T14:49:10,1777265811,mimiatwork11,310,"cà phê REO 
📍Xuân Hương, Đà Lạt
#dalat #djiosmoaction5pro #djiosmo ",,https://www.tiktok.com/@mimiatwork11/video/7633298477916753173,21,1,4,634,,
7590390530903641364,cafedalat2026,2026-05-12T14:49:10,1767275519,vudasar,113,"Buổi cà phê ngày đầu tiên của 2026 của Tiệm cà phê trong Rừng 
#dalatcamp 
#dasar 
#VuoDasar 
#outdoor ",,https://www.tiktok.com/@vudasar/video/7590390530903641364,26,1,2,592,,
7634248574422846750,cafedalat2026,2026-05-12T14:49:10,1777487022,chupanhcouple94,3,Engagement 1.1.2026                           #engagement #cauhon #couple #dalat,,https://www.tiktok.com/@chupanhcouple94/video/7634248574422846750,2,0,0,244,,
7638304600553950472,cafedalat2026,2026-05-12T14:49:10,1778431380,nguyenpalmas,252300,Đàn Ông Giống Như Ly Cafe Vậy #capcut #xuhướngnhiềuviewnhất #hottrend2026 #learnontiktok #creatorsearchinsights ,,https://www.tiktok.com/@nguyenpalmas/video/7638304600553950472,18,2,2,393,,
7635682789181885703,cafedalat2026,2026-05-12T14:49:10,1777820947,reodalat,102900,"Lịch trình buổi sáng ở Reo, gợi ý cho mọi người nhaaa

#dalat #reodalat #dalatdidau #chill #cafedalat ",,https://www.tiktok.com/@reodalat/video/7635682789181885703,1518,730,49,34600,,
7637958313493171477,cafedalat2026,2026-05-12T14:49:10,1778350756,iboulayediopbayefall,1300000,#senegalaise_tik_tok🇸🇳pourtoichallenge #viral ,,https://www.tiktok.com/@iboulayediopbayefall/video/7637958313493171477,14500,70,353,175700,,
7638693929814068493,cafedalat2026,2026-05-12T14:49:10,1778522037,kharnij.fariha,1250,"✨ Network Presents: Chaad Raat Eid Henna Fest 2026 ✨

Celebrate Eid-ul-Adha with us for a fun night full of culture, shopping, food & henna! 💫

🗓 May 26, 2026  
⏰ 12 PM – 1 AM  
📍 Royal Bengal Restaurant, Warren, MI 48088

🌿 Top 7 Henna Artists  
👗 Clothing  
💍 Jewelry  
🍽 Food Vendors

📢 Vendors & Business Promotions Welcome

📞 313-312-6727  
📩 DM to reserve your spot

🎉 FREE ENTRY | FREE PARKING

Come enjoy beautiful henna, great food, shopping, and Eid vibes with the community ✨ #mela #eidfestival #henna #kharnij_fariha #atlantarealtor ",,https://www.tiktok.com/@kharnij.fariha/video/7638693929814068493,295,21,8,7929,,
7637844469437484301,cafedalat2026,2026-05-12T14:49:10,1778324336,relaxandchillguyy,0,Dalat #Vietnam #chill ,,https://www.tiktok.com/@relaxandchillguyy/video/7637844469437484301,8,0,0,171,,
7638872527711915294,cafedalat2026,2026-05-12T14:49:10,1778563657,moonlightfloralrva,126,"Que agradable fue celebrar el día de las madres con mujeres tan bellas, se fueron a casa siendo unas expertas con nuestros consejos: Primer parada de nuestro viaje floral este 2026! 🌸🤍🌙

@Edin cafe #mothersday #mom #madre #diadelasmadres #workshop ",,https://www.tiktok.com/@moonlightfloralrva/video/7638872527711915294,2,0,0,102,,
7638513319166463252,cafedalat2026,2026-05-12T14:49:10,1778479982,kl.foodie,1400000,"TRX Eats is BACK at The Exchange TRX 🍴🔥

From now till 31st May 2026, indulge in exclusive deals, weekend workshops and more TRX Eats.
✅ BananaBro — Spend RM30 & get FREE Chicken 65 
✅ Shake Shack — Buy any burger & get FREE Crinkle Cut Fries 
✅ llaollao — Spend RM50 & get 10% discount off 
✅ Kissa Cafe & Diner — FREE Galaxy Lemonade

🎁 Spend & redeem exclusive gifts:
•⁠  ⁠RM100 spend (1 single dining receipt) → Snack Squad Cup Blind Box
•⁠  ⁠RM500 spend (2 same-day dining receipts) → Snack Squad Bowl Set
Don’t forget free vouchers at 4 locations - Dining Terrace, Valet entrance, MRT Plaza Entrance and the concourse level. Your next food obsession might just be waiting at The Exchange TRX 👀

📍 @theexchangetrx 
⏰ 10am - 10pm (Daily)
🗓️ now till 31st May 2026

#TRXEats26",,https://www.tiktok.com/@kl.foodie/video/7638513319166463252,516,91,1,16700,,
7638055581353397517,cafedalat2026,2026-05-12T14:49:10,1778373419,chigal79,959,"#CapCut Barn Dance Lonesome River Band 05/08/2026 @ The Fly In Cafe Rt 2 Huntington,WV #capcut #bluegrassmusic #westvirginia ",,https://www.tiktok.com/@chigal79/video/7638055581353397517,76,1,2,764,,
7522376503863151879,cafedalat2026,2026-05-12T14:49:10,1751439766,myhanhnails,149,"1/7/2025 in Dalat ❤️
#dalat #cafe #chill #viewdep #flowers #dalatreview ",,https://www.tiktok.com/@myhanhnails/video/7522376503863151879,147,8,8,2257,,
7610783518938942742,cafedalat2026,2026-05-12T14:49:10,1772023633,destinationmalte,2476,Tickets DM . The place to be in malta 📍 #cafedelmar #malta #malta2026 ,,https://www.tiktok.com/@destinationmalte/video/7610783518938942742,37400,18600,90,737600,,
7593566255378926856,cafedalat2026,2026-05-12T14:49:10,1768014923,smile.life.good,1000,"Cafe sáng ngã 3 Thác 
#travel #thacpongour #caphedaininh #lamdong #dalat ",,https://www.tiktok.com/@smile.life.good/video/7593566255378926856,23,6,12,326,,
7612572085180845333,checkindalat,2026-05-12T14:49:19,1772440084,dihetdalat,42900,"Check in ngay 5 địa điểm có hoa phượng tím tại Đà Lạt này nhé!🌸
#dihetdalat #dalat#checkindalat#phuongtimdalat",,https://www.tiktok.com/@dihetdalat/video/7612572085180845333,603,502,21,40100,,
7248100121865473286,checkindalat,2026-05-12T14:49:19,1687579822,traanxngg,227100,Top 3 địa điểm check in hot nhất Dalat năm 2023 và những lưu ý trc khi đi cho ai cần🙈🤍 #dalat #dalatreview #checkinvietnam #dulichvietnam #learnontiktok #traveltiktok ,,https://www.tiktok.com/@traanxngg/video/7248100121865473286,23900,5403,553,991100,,
7638446340753591573,checkindalat,2026-05-12T14:49:19,1778464385,happyhillcoffee,27700,Happy Hill 11/5 mê lắm ạ 🥰🥰 #happyhillcoffee #khoanhkhachappyhill #happyhilldalat #dulichvietnam #checkindalat ,,https://www.tiktok.com/@happyhillcoffee/video/7638446340753591573,314,8,9,4192,,
7625618472201981205,checkindalat,2026-05-12T14:49:19,1775477665,danonglambep,92900,"Đi Đà Lạt check in miễn phí thì mấy bà tham khảo mấy chỗ này nha
#tungvuday #reviewdalat #travel #reviewdulich #checkinmienphi ",,https://www.tiktok.com/@danonglambep/video/7625618472201981205,173,84,19,6946,,
7638249784771349780,checkindalat,2026-05-12T14:49:19,1778418619,quin.pham997,42,"Check-in free ở Đà Lạt nhưng ảnh thì ""đắt"" lắm nha 🌲🍁📸

#dalat #trending #fyp #foryou #travel ",,https://www.tiktok.com/@quin.pham997/video/7638249784771349780,68,15,5,3728,,
7494138513517071624,checkindalat,2026-05-12T14:49:19,1744865101,reodalat,102900,Gợi ý góc check in cực xinh tại REO 🍃 #dalat #reo #reocampsite #checkin #dalatreview #checkindalat #xuhuong ,,https://www.tiktok.com/@reodalat/video/7494138513517071624,13900,1458,296,400200,,
7638548448559500564,checkindalat,2026-05-12T14:49:19,1778556600,oriodalat,11100,Phòng có không gian đủ rộng để chill và đủ góc đẹp để check in nè 🥰🥰🥰 ##dalat #khachsandalat #homestaydalat #dalatreview #oriodalat ,,https://www.tiktok.com/@oriodalat/video/7638548448559500564,29,2,8,1324,,
7620294626150288660,checkindalat,2026-05-12T14:49:19,1774238115,runggiaohuong,8893,"Ăn trưa ở Rừng Giao Hưởng kiểu: no bụng + no mắt + chill hết nấc 🌿

Đồ ăn nóng hổi, view thì “đỉnh của chóp” 

📍Nhớ ghé Rừng ăn trưa bạn nhé!

#runggiaohuong #cafedalat #dulichdalat #dalat #checkindalat ",,https://www.tiktok.com/@runggiaohuong/video/7620294626150288660,3597,2637,158,202900,,
7440071964410006791,checkindalat,2026-05-12T14:49:19,1732276747,dihetdalat,42900,5 toạ độ check-in miễn phí tại Đà Lạt  (P2)📸 #dihetdalat #dalat #chill #bttravel #dulichdalat #traveltiktok #dulichvietnam #checkindalat #checkinmienphi #reviewdalat ,,https://www.tiktok.com/@dihetdalat/video/7440071964410006791,1681,613,32,132100,,
7484112152480222472,checkindalat,2026-05-12T14:49:19,1742530660,danonglambep,92900,"Lưng Chừng Home nằm lọt thỏm giữa rừng thông hơi bị chill
#tungvuday #vtvcab #travel #dalat #checkindalat ",,https://www.tiktok.com/@danonglambep/video/7484112152480222472,552,466,96,83200,,
7586374708749208852,checkindalat,2026-05-12T14:49:19,1766340519,tuandungtour,1036,"🪻🎯 Toạ độ check in chill tại Đà Lạt đang hot không nên bỏ lỡ. Đứng bất kì góc nào cũng có thể ra những tấm hình ""siêu phẩm"". 💕🪻 😍. #xuhuong #dulich #dulichDaLat #MienDuMuc #checkin ",,https://www.tiktok.com/@tuandungtour/video/7586374708749208852,208,117,79,4744,,
7585400904535297296,checkindalat,2026-05-12T14:49:19,1766113790,naoranhcaphe,81600,"Không nghĩ ở Đà Lạt cũng có một ô trấn đẹp như vậy, địa điểm check in không nên bỏ lỡ khi đi Đà Lạt năm nay #naoranhcaphe #coffeetiktok #dulichdalat #dalat ",,https://www.tiktok.com/@naoranhcaphe/video/7585400904535297296,10400,5826,211,602100,,
7536814876862221576,checkindalat,2026-05-12T14:49:19,1754801464,linnsharinghomedalat,13200,"Những lưu ý khi check in phòng ở Đà Lạt
Bước 1: trước khi vào bất kỳ phòng nào đều phải “Cốc… Cốc…” trước hết. Đợi một xí r mới mở cửa bước vào nha
Bước 2: ktra nhà vệ sinh
Xem nvs có mùi ko? Xả nước có bị nghẹt ko? Có là phải báo ks liền, còn ko thì chúc mừng bạn đã chọn đúng
Bước 3: check giường mền nệm và tổng quan
Chọn giường m8 cho thoải mái (nếu muốn) và có bọc bảo vệ nệm thì càng tốt, vì sẽ đc giặt thường xuyên nên hạn chế đc nhiều vấn đề về sức khoẻ. 
Chúc bà chọn đc chiếc homestay ở Đà Lạt ưng cái bụng nhen ❤️@Cuối tuần Linn đi Đà Lạt nha! #dalat #homestaydalat #linnsharinghomedalat #cuoituanlinndidalatnha ",,https://www.tiktok.com/@linnsharinghomedalat/video/7536814876862221576,89,23,18,7891,,
7554577152142839060,checkindalat,2026-05-12T14:49:19,1758937070,icungbaynhatrangdalat,3914,"Những điểm check in ở đà lạt, lưu ngayyy video này để không phải bỏ lỡ nhé 
#dulichvietnam #dalat #chilldalat #checkindalat #icungbaytravel ",,https://www.tiktok.com/@icungbaynhatrangdalat/video/7554577152142839060,131,47,21,5851,,
7628861956333653269,checkindalat,2026-05-12T14:49:19,1776232848,happyhillcoffee,27700,View mới Happy Hill tràn ngập trong sắc màu của hoa tú cầu 🥰🥰 #khoanhkhachappyhill #happyhillcoffee #happyhilldalat #dulichvietnam #checkindalat ,,https://www.tiktok.com/@happyhillcoffee/video/7628861956333653269,6490,187,212,74700,,
7256324410284444934,checkindalat,2026-05-12T14:49:19,1689494687,huykutis,11900,Du lịch nghỉ dưỡng siêu chill ở Ana Mandara Đà Lạt #xuhuong #fyp #dulichvietnam #dulichdalat #reviewdalat #anamandaradalat #dalatresort #huykutis #learnontiktok #checkindalat ,,https://www.tiktok.com/@huykutis/video/7256324410284444934,981,802,49,144400,,
7554906368231132424,checkindalat,2026-05-12T14:49:19,1759013721,dicungdalat,25300,"Về chiều cà phê check in Miền Du Mục đẹp như tranh vẽ 😍😍
#dalat #loinhodalat #miendumuc ",,https://www.tiktok.com/@dicungdalat/video/7554906368231132424,18700,10100,512,673800,,
7217422273534266629,checkindalat,2026-05-12T14:49:19,1680437077,dalatcungtico,8225,Top 5 khách sạn 4 sao Đà Lạt sang trọng #ticotravel #tikktoktravel #dalat #khachsandalat #dulichdalat #checkindalat #xuhuong #viral ,,https://www.tiktok.com/@dalatcungtico/video/7217422273534266629,420,162,45,62700,,
7341378314323447060,checkindalat,2026-05-12T14:49:19,1709297850,datng.booking,94,"Voucher Mercure Dalat - Resort sang trọng trung tâm Đà Lạt 🆘 
#mercure #mercuredalatresort #dalat #resortdalat #travel #reviewdalat #checkindalat #datngbooking ",,https://www.tiktok.com/@datng.booking/video/7341378314323447060,184,184,14,58700,,
7610772204464164117,checkindalat,2026-05-12T14:49:19,1772020998,nhanphepha,111100,Chỗ checkin buổi tối ở Đà Lạt mà có thể nhiều bạn chưa biết 🥰 #dalat #nhanphepha #delightparkdalat ,,https://www.tiktok.com/@nhanphepha/video/7610772204464164117,2449,2358,84,144800,,
7638834313928199445,checkindalat,2026-05-12T14:49:19,1778554720,kdlvanhoadalat,8007,"🌿 Lên Lịch Ghé Vạn Hoa Đà Lạt Là Điểm Đến Tất Cả Trong Một✨
Nếu bạn đang tìm một nơi để trốn cái nóng, tận hưởng không khí se lạnh đúng chất phố núi mà không muốn phải di chuyển quá nhiều điểm, thì KDL Vạn Hoa Đà Lạt chính là lựa chọn chuẩn nhất.
Tại sao bạn không nên bỏ lỡ Vạn Hoa?
🌸 Check-in mỏi tay:Lạc giữa biển hoa cẩm tú cầu khổng lồ và khu vườn rực rỡ sắc màu suốt 365 ngày.
🥦 Trải nghiệm độc đáo:Khám phá khu nông nghiệp công nghệ cao với dâu tây, bí khổng lồ và dưa pepino cực lạ mắt.
🚶 Địa hình bằng phẳng:Lối đi cực kỳ dễ đi, bãi đậu xe rộng thênh thang cho mọi loại xe, phù hợp cho cả người lớn tuổi và trẻ nhỏ.
🍲 Ẩm thực hấp dẫn:Dừng chân tại nhà hàng San Hô Đỏ với menu đặc sản đa dạng và không gian ấm cúng.
🎁 ƯU ĐÃI ĐẶC BIỆT:Giảm ngay 30% trên tổng hóa đơn dịch vụ ăn uống tại nhà hàng. Đi chơi vui mà còn được ăn ngon giá hời thì còn gì bằng.
----------
📍 Địa chỉ: Số 40 Hoàng Văn Thụ (Làng hoa Vạn Thành), P.5, Đà Lạt.
📞 Hotline: 0931 119 903
👉 Lên đồ và ghé Vạn Hoa trải nghiệm ngay thôi bạn ơi!
#CheckinDaLat #DulichDaLat #UuDai #NongNghiepCongNgheCao",,https://www.tiktok.com/@kdlvanhoadalat/video/7638834313928199445,1,0,0,67,,
7418937812419988743,checkindalat,2026-05-12T14:49:19,1727356069,tiemcafenangdalat,23900,Đường đi đến Tiệm cf Nàng Dalat sẽ như thế nào? #nangdalat #checkindalat #dalattrip #tiemcafenangdalat #dalat #googlemap ,,https://www.tiktok.com/@tiemcafenangdalat/video/7418937812419988743,1575,621,66,97000,,
7549544110693174536,checkindalat,2026-05-12T14:49:19,1757765221,dihetdalat,42900,6 con dốc check-in siêu đẹp tại Đà Lạt ✨ #dihetdalat #dalat #dalatreview #checkindalat #docdalat ,,https://www.tiktok.com/@dihetdalat/video/7549544110693174536,1781,1010,22,99300,,
7252905458686594309,checkindalat,2026-05-12T14:49:19,1688698651,sonharryy,110600,List các điểm check in đẹp ở Đà Lạt không nên bỏ qua #learnontiktok #boxstudio #sonharryy #hellodalat #teamgalaxy_vn #galaxys23plus #withgalaxy ,,https://www.tiktok.com/@sonharryy/video/7252905458686594309,1851,185,9,120500,,
7378856783437237522,diaDiemdalat,2026-05-12T14:49:25,1718023980,fb.hie,12900,Save it for your trip to Dalat 🌲🌿📸#CapCut #dalat ,,https://www.tiktok.com/@fb.hie/video/7378856783437237522,2503,1250,15,120900,,
7468882057100381456,diaDiemdalat,2026-05-12T14:49:25,1738991100,wikidulich.com,14600,"TOP 20 địa điểm du lịch ở Đà Lạt
#dalat #dulichdalat #dalatdidau #diadiemdalat",,https://www.tiktok.com/@wikidulich.com/video/7468882057100381456,5672,4012,190,423700,,
7630858763762666770,diaDiemdalat,2026-05-12T14:49:25,1776697766,anduybaygio,1599,"Top những địa điểm nhất định phải trước tuổi 25 
#dalat #dulich #travel #diduybaygio",,https://www.tiktok.com/@anduybaygio/video/7630858763762666770,35300,18700,525,1000000,,
7448631956603981074,diaDiemdalat,2026-05-12T14:49:25,1734269776,dalat_fairytale_land,16000,"Mùa hoa đẹp nhất  tại Fairytale Land đã bắt đầu rồi  🪻 🪻 🪻
#dalat #fairytaleland #langcotichdalat  #diadiemdalat #Далат #Вьетнам #달랏 #베트남 ",,https://www.tiktok.com/@dalat_fairytale_land/video/7448631956603981074,31900,1040,383,226400,,
7638181653558414599,diaDiemdalat,2026-05-12T14:49:25,1778402755,dicungdalat,25300,"Địa điểm này tại Đà Lạt đẹp từ cái nhìn đầu tiên 🥰
📍 Miền Du Mục 
##dalat##loinhodalat##miendumuc",,https://www.tiktok.com/@dicungdalat/video/7638181653558414599,325,59,38,11400,,
7621721403657686279,diaDiemdalat,2026-05-12T14:49:25,1774570310,dicungdalat,25300,"Rừng Mơ 1 địa điểm thật đẹp nổi bật là con suối và nguyên cả khu rừng tạo nên 1 khung cảnh thơ mộng giữa lòng Đà Lạt .
📍 Rừng Mơ ( ngay đập tràn hồ Tuyền Lâm Đà Lạt )
##dalat##loinhodalat##phototravel ##rungmo",,https://www.tiktok.com/@dicungdalat/video/7621721403657686279,6834,3938,650,480700,,
7634423010270645512,diaDiemdalat,2026-05-12T14:49:25,1777527628,tiemcaphevungngoaio,17700,"Có ai sáng ở Đà Lạt nay săn mây thành công khummm
#tiemcaphevungngoaio #sanmaydalat #diadiemsanmay #caphesanmaygantrungtam #caphesanmaydalat ",,https://www.tiktok.com/@tiemcaphevungngoaio/video/7634423010270645512,1220,555,25,62900,,
7527934538673032449,diaDiemdalat,2026-05-12T14:49:25,1752733883,langfarmcenter,54100,Top 5 địa điểm check-in không thể bỏ qua khi đến Đà Lạt! #dalat #dalatreview #checkindalat #dalatstory #Langfarm,,https://www.tiktok.com/@langfarmcenter/video/7527934538673032449,2866,1532,66,263800,,
7613347098100124946,diaDiemdalat,2026-05-12T14:49:25,1772620514,dalangdalat,972,"Một địa điểm check in cực ít người biết tại Dalat, ở Dalat mà ngỡ ở trời Âu hông 😚
View trước nhà DalangFarm đó ạ
#dalangfarm #dalat #viral ",,https://www.tiktok.com/@dalangdalat/video/7613347098100124946,7201,3042,152,174200,,
7572761517645417749,diaDiemdalat,2026-05-12T14:49:25,1763170949,chuyencuanang5,245400,"Bạn đi điểm Săn Mây này chưa ? .. Đi 5h30 là có mây 
#Dalat #Chuyencuanang",,https://www.tiktok.com/@chuyencuanang5/video/7572761517645417749,56500,16200,639,1600000,,
7517469830358846728,diaDiemdalat,2026-05-12T14:49:25,1750297345,thaodimuonnoi,14700,tưởng quán cafe này chỉ có trong truyện cổ tích 😳 #thaodimuonnoi #dalat #cafe #cafedalat #miendumuc #dalatreview ,,https://www.tiktok.com/@thaodimuonnoi/video/7517469830358846728,281,138,9,26600,,
7622118181519232274,diaDiemdalat,2026-05-12T14:49:25,1774662695,olaimay.dalat,9115,"Cả nhà đến với Đêm nhạc Ở Lại Mây có thể tham khảo lịch trình sau nha:
- 17:00 ngắm hoàng hôn chụp hình 
- 18:00 ăn tối BBQ
- 19:00 nghe nhạc Acoustic
Đêm nhạc Ở Lại Mây mỗi tối T2, T3, T4, T5, T6, T7, CN từ 19:00 - 21:00 !
--------------------------
📌 Hẻm 59 Đống Đa, Phường Xuân Hương, Đà Lạt
☎️ Hotline : 0878 600 878
⏰ Mở cửa: Coffee : 15:00 - 23h00
#olaimay #hoanghondalat #demnhacolaimay #dalatangi #dalatdidau",,https://www.tiktok.com/@olaimay.dalat/video/7622118181519232274,3388,1193,124,312700,,
7635592961463569685,diaDiemdalat,2026-05-12T14:49:25,1777800029,min.du.mc,146700,"Một chỗ rộng rãi, thoáng, ngồi là thấy dễ chịu liền
#dalat #miendumuc",,https://www.tiktok.com/@min.du.mc/video/7635592961463569685,50700,881,49,207600,,
7628756995616607506,diaDiemdalat,2026-05-12T14:49:25,1776208408,dicungdalat,25300,"Địa điểm này có con đường hoa cẩm tú cầu chắc là đẹp nhất Đà Lạt luôn rồi đó các bạn ơi.
📍 Nhà Của Thông 
##dalat##loinhodalat##nhacuathong##phototravel",,https://www.tiktok.com/@dicungdalat/video/7628756995616607506,1656,651,99,100600,,
7632578262715157767,diaDiemdalat,2026-05-12T14:49:25,1777098115,duoitananhdao,19600,"Đêm nhạc acoustic phục vụ xuyên lễ từ ngày 24/4 đến ngày 4/5 🎸🤟

❤️‍🔥KHÔNG BÁ...N VÉ

- Thời gian từ 19:30-21:30 mỗi đêm 
- Liên hệ đặt chỗ: 093.883.6565

📍Dưới tán anh đào: 29B Hùng Vương, P.Xuân Trường - Đà Lạt (đối diện số 178 Hùng Vương)
🛵 Có bãi đậu xe ô tô và xe máy ngay cổng chính
#acousticdalat #duoitananhdao #dalatdidau #30thang4 #trendingtiktok ",,https://www.tiktok.com/@duoitananhdao/video/7632578262715157767,35300,979,66,385800,,
7636190646923169031,diaDiemdalat,2026-05-12T14:49:25,1777939195,dicungdalat,25300,"Đà Lạt về đêm đẹp lung linh luôn á các bạn ơi…
📍 Bản Lèo 
##dalat##loinhodalat##banleo",,https://www.tiktok.com/@dicungdalat/video/7636190646923169031,6061,3417,135,226600,,
7327589103120223506,diaDiemdalat,2026-05-12T14:49:25,1706087292,dalatstatus,216400,Chỗ này hoa đang bung nở rất đẹp. Có lẽ cũng là vườn hoa cúc hoạ mi rộng lớn nhất Đà Lạt ở thời điểm hiện tại #DaLatStatus #DaLat #Chill #ChuvietReview #giacmodalat ,,https://www.tiktok.com/@dalatstatus/video/7327589103120223506,29800,3474,889,845300,,
7569799597489507591,diaDiemdalat,2026-05-12T14:49:25,1762481320,happyhill.dalat,1300000,Đường đến Happy Hill - Đảo Trái Tim hồ Tuyền Lâm . Cái Tuyệt tình cốc của tiểu nữ đó hả . #canhdepdalat #dulichdalat #happyhilldalat #dalatdidau #dalatstory ,,https://www.tiktok.com/@happyhill.dalat/video/7569799597489507591,62400,6342,2697,2100000,,
6996251672645340417,diaDiemdalat,2026-05-12T14:49:25,1628941781,_dalatxinhdep,58,Camping Lý tưởng 🥳🥳 #dalat #yeudalat #dalatstory #diadiemdalat #binhyen #fyp,,https://www.tiktok.com/@_dalatxinhdep/video/6996251672645340417,6,4,0,77,,
7571609207460482322,diaDiemdalat,2026-05-12T14:49:25,1762902654,tiktokgapgiquaydo,123300,"Thời tiết Đà Lạt dạo này hay bị cảm, cảm thấy yêu Đà Lạt vô cùng…
📍 Săn Mây tại Tiệm cà phê Miền Du Mục 
#dalatreviewtravel #latnoitravel #miendumuc ",,https://www.tiktok.com/@tiktokgapgiquaydo/video/7571609207460482322,41700,23500,1247,2100000,,
7360554249291353352,diaDiemdalat,2026-05-12T14:49:25,1713762590,dichoimoingay,222100,"Quán cafe tone đen xịn nhất ở Đà Lạt🖤
#cafe #reviewcafe #dalat #dalattrip #dulichdalat #dichoimoingay ",,https://www.tiktok.com/@dichoimoingay/video/7360554249291353352,31700,14500,547,1200000,,
7455275974356258056,diaDiemdalat,2026-05-12T14:49:25,1735816710,phuphedl,402,🥂 Khép lại năm cũ trong không gian sang trọng tại Phủ Phê Đà Lạt. #PhuPhe #NhahangDaLat #Diemtamsang #PhuPheDaLat #AnngonDaLat #tieccuoinam #yearendparty DaLat ,,https://www.tiktok.com/@phuphedl/video/7455275974356258056,51,28,0,9219,,
7633373164369677586,diaDiemdalat,2026-05-12T14:49:25,1777283194,kieuoanh0313,178,"Săn mây Đà Lạt thành công nhá ☁️ Thích cái thời tiết Đà Lạt quá 🥺 
#sanmaydoichecaudat #sanmaydalat #dalatdidau #dalat ",,https://www.tiktok.com/@kieuoanh0313/video/7633373164369677586,39,5,4,2344,,
7475687967948967176,diaDiemdalat,2026-05-12T14:49:25,1740569244,hifasne,214600,"Quán cafe tựa bước ra từ cổ tích cực đẹp, thiệt là chỗ nào ngồi cũng có hình đẹp luônnn 

#cafe #coffee #xuhuong #trending #learnontiktok #dalat #dalatcafe #dalatcoffee ",,https://www.tiktok.com/@hifasne/video/7475687967948967176,17600,11800,372,1100000,,
7499085053125823764,gocnhodalat,2026-05-12T14:49:40,1746016807,tuthoreview,200300,"Trốn cả thế giới tại @tiệm cà phê Dốc thị – nơi thời gian như ngưng lại giữa sương mù Đà Lạt. Một tách cà phê, một chút chill, và cả bầu trời an yên ❤️  #DocThi #CaPheDocThi #DaLatViewDep #CafeDaLat #CheckinDaLat #DaLatChill #GocNhoDaLat #CafeViewDoi #DocThiCoffee #AnYenGiuaDaLat #TronLenDaLat #dalat ",,https://www.tiktok.com/@tuthoreview/video/7499085053125823764,3653,164,36,145500,,
7585116320832752903,gocnhodalat,2026-05-12T14:49:40,1766047524,vuhomestaydalat25,3886,"🌿 Sen đá ở Đà Lạt – nhỏ xíu nhưng bền bỉ.
Giữa tiết trời se lạnh và nắng nhẹ, những chậu sen đá nằm yên bên hiên nhà, không cần chăm nhiều nhưng lúc nào cũng xanh. Sen đá ở Đà Lạt nhìn vậy mà rất có hồn, chậm rãi và bình thản như chính nhịp sống nơi đây.

Người ta hay nói sen đá giống con người ở Đà Lạt:
ít nói, không ồn ào, nhưng sống rất lâu và rất bền. Chỉ cần đặt cạnh cửa sổ, có nắng sáng chiếu vào là đủ để thấy một góc nhỏ bình yên.

Đà Lạt có nhiều điều giản dị như thế —
một chậu sen đá, một buổi sáng lạnh, một căn phòng nhìn ra thành phố.

Nếu anh/chị ghé Đà Lạt và muốn tìm một nơi ở yên tĩnh:

🏡 Vũ Homestay Đà Lạt – nhà gỗ vintage, phòng view kính – ban công nhìn thành phố
📍 25/34/3 Nhà Chung – Phường Xuân Hương (Phường 3 cũ)
🌸 Phòng đơn: 3.x.x – 4.x.x /đêm
🌸 Phòng đôi: 5.x.x – 7.x.x /đêm
👥 Nhận 8–12 người
🔥 Có bếp nấu & bếp nướng BBQ
🚲 Cho thuê xe máy
📞 0375.446.420 – 0399.506.311

Có những thứ nhỏ bé ở Đà Lạt,
nhưng lại làm người ta nhớ rất lâu 🌿

⸻

#SenDaDaLat #VuHomestayDaLat
#DaLatSongCham #HomestayDaLat
#GocNhoDaLat #DaLatMuaLanh",,https://www.tiktok.com/@vuhomestaydalat25/video/7585116320832752903,24,0,0,304,,
7388140220866186514,gocnhodalat,2026-05-12T14:49:40,1720185446,gocnho_dalat,858,"Mình thiếu một chút bối rối ! 
#dalat #dalatstory #dalatchill #gocnhodalat ",,https://www.tiktok.com/@gocnho_dalat/video/7388140220866186514,1844,127,18,32500,,
7407332379066518791,gocnhodalat,2026-05-12T14:49:40,1724653969,gocnhodalat_01,2582,Mách bảo cho bạn mấy quán siêu xinh này nha #gocnhodalat #dalatdivatrainghiem #dalatreview #coffee ,,https://www.tiktok.com/@gocnhodalat_01/video/7407332379066518791,3,0,5,39,,
7523389423199849735,gocnhodalat,2026-05-12T14:49:40,1751675610,rendezvous_dalat,240,"☕🍰 Rendez-vous – Góc nhỏ cho những buổi trà chiều lãng mạn hay cho 1 buổi tối hẹn hò yêu thương.
🎹 Live piano mỗi tối Thứ Bảy
⏰ 19:20 – 20:20
🕰 Mở cửa: 6:30 – 20:30
📍 142 Yersin,  P.9, Đà Lạt 
Không gian cổ điển, ấm cúng – nơi bạn có thể nhâm nhi trà ngon, bánh ngọt và để tâm hồn dịu lại.

Rendez-vous – Where every sip tells a story. 🌿
☕🍰 Rendez-vous – A cozy corner for romantic afternoon teas or a loving evening date.
🎹 Live piano every Saturday night
⏰ 7:20 PM – 8:20 PM
🕰 Open daily: 6:30 AM – 8:30 PM
📍 142 Yersin Street, Ward 9, Da Lat

Rendez-vous – Where every sip tells a story. 🌿
#xuhuong #xuhuongtiktok 
#CafeDaLat
#TeaTimeDaLat
#QuanTraDaLat
#DaLatCafe
#TramGiuaDaLat
#DaLatVibes
#ChillInDaLat
#TronVaoDaLat
#HiddenGemDaLat
#DaLatMood
#DaLatMoments
#DaLatTrip
#DaLatView
#GocNhoDaLat
#QuanDepDaLat
#DaLatCheckin
#ChieuDaLat
#TraVaNhac
#PianoAndTea
#VintageDaLat
#DaLatRetro
#RomanticDaLat
#MustTryInDaLat
#DaLatCafeTour
#DaLatFoodie 
#DaLatHiddenSpot 
#CheckInDaLat
#BestCafeInDaLat
#CafeViewDepDaLat
#SlowLivingDaLat
#RendezvousPianoNight
#DaLatTeaBlend
#RendezvousGarden
#TeaWithAStory
#RendezvousTeaAndCafe
#RendezvousMoments#
#WhereEverySipTellsAStory",,https://www.tiktok.com/@rendezvous_dalat/video/7523389423199849735,18,0,2,4346,,
7379584532388793618,gocnhodalat,2026-05-12T14:49:40,1718193420,gocnho_dalat,858,"Sự tử tế vẫn tử tế đến cuối cùng. Hồi kết vẫn là hồi kết, bỏ lỡ chính là bỏ lỡ . tạm biệt chuyến tàu tình yêu đã đi đi về suốt thời gian vừa qua . 
#dalat #dalatreview #dalatstory #gocnhodalat ",,https://www.tiktok.com/@gocnho_dalat/video/7379584532388793618,61,2,2,1087,,
7386091605289176328,gocnhodalat,2026-05-12T14:49:40,1719708470,gocnho_dalat,858,"giấc mơ của em, là những ấm êm, hạnh phúc mỗi đêm. #dalat #dalatreview #dalatstory #dalatchill ##checkin #dulichdalat #gocnhodalat #xh #chualanh ",,https://www.tiktok.com/@gocnho_dalat/video/7386091605289176328,78,0,3,753,,
7532168614066130184,gocnhodalat,2026-05-12T14:49:40,1753719673,cineboxdalatt,944,"🌙 Góc nhỏ ở Mood Cine – đủ ấm để yêu, đủ chill để nhớ!#cinema #cineboxdalat #phongphimcapdoi#couple #netflixandchill#henhodalat #cafephim#cafephimdalat#noidatelytuong#healingdalat ",,https://www.tiktok.com/@cineboxdalatt/video/7532168614066130184,657,267,29,25700,,
7513941917730671890,gocnhodalat,2026-05-12T14:49:40,1749475936,gocnhodalat_01,2582,"LƯU Ý KHI
ĐI ĐÀ LẠT TRONG THÁNG 6 🌦️
Tháng 6 ở Đà Lạt là thời điểm đẹp theo kiểu dịu dàng và ẩm ướt, nên nếu bạn đang có kế hoạch lên núi chill thì nhớ note liền những tips sau nha 👇
#dalatdivatrainghiem #dalatreview #dalatriviu #dalattrip #xuhuong ",,https://www.tiktok.com/@gocnhodalat_01/video/7513941917730671890,52,18,13,650,,
7626078738307878164,gocnhodalat,2026-05-12T14:49:40,1775584828,gacnhohomestay,749,Một căn home vibe dalat mới toanh có bếp nướng ngoài sân tha hồ tụ tập #gacnhohomestay #cantho #homestay #dalat #trending ,,https://www.tiktok.com/@gacnhohomestay/video/7626078738307878164,490,112,12,12300,,
7531418033013722375,gocnhodalat,2026-05-12T14:49:40,1753544913,gocnhodalat_01,2582,"POV: Bạn đang tận hưởng cái lạnh của Đà Lạt
#xuhuongtiktok #dalatreview #dalatriviu #dalatdivatrainghiem #dalattrip ",,https://www.tiktok.com/@gocnhodalat_01/video/7531418033013722375,29,2,3,325,,
7394809774778436871,gocnhodalat,2026-05-12T14:49:40,1721738323,gocnho_dalat,858,"Đà lạt sau cơn mưa ! 
#dalat #dalatreview #dalatstory #dalatchill #dalatmua ",,https://www.tiktok.com/@gocnho_dalat/video/7394809774778436871,18,0,0,366,,
7030058273285934363,gocnhodalat,2026-05-12T14:49:40,1636812993,gocnho.dalat,2,"Tam Giác Mạch tại Đà Lạt, một chút thú vị mà tụi mình đã gửi gắm tại Góc Nhỏ 🌲#dalat #dulich #coffeedalat #hoanghondalat",,https://www.tiktok.com/@gocnho.dalat/video/7030058273285934363,2,0,0,147,,
7565844061144239367,gocnhodalat,2026-05-12T14:49:40,1761560346,gocnhodalat_01,2582,"Cập nhật nhanh thời tiết tại Đà Lạt tháng 10 này

Nhiệt độ hiện tại khoảng 19°C (66°F).

Cảnh báo: mưa nhỏ và khả năng mưa giông từ khoảng 17:00-19:00.

Từ 20:00 trở đi trời sẽ chuyển có mây, không mưa và nhiệt độ giảm dần về 17-18°C, thậm chí còn thấp hơn về khuya.

Vì trời se lạnh và có khả năng mưa, nhớ mang áo khoác ấm, áo mưa gấp gọn và giày chống trượt nếu có di chuyển ngoài trời nhé.

Tối đến là thời điểm tốt để chọn một quán cà phê ấm áp hoặc đi dạo quanh hồ – không khí rất nên thơ
#dalatreview #dalatriviu #dalatdivatrainghiem #dalattrip #riviumcn ",,https://www.tiktok.com/@gocnhodalat_01/video/7565844061144239367,68,10,6,1485,,
7398103621797170437,gocnhodalat,2026-05-12T14:49:40,1722505232,gocnho_dalat,858,"Đà lạt lại trở về với vẻ đẹp nguyên bản sau cơn mưa dài 
#dalat #dalatstory ",,https://www.tiktok.com/@gocnho_dalat/video/7398103621797170437,45,1,0,470,,
7591202924563352850,gocnhodalat,2026-05-12T14:49:40,1767464671,gocnhodalat_01,2582,"Bình yên... cũng là một loại hạnh phúc nhỉ? 
#riviumcn #dalatreview #dalatriviu #dalatdivatrainghiem #dalattrip ",,https://www.tiktok.com/@gocnhodalat_01/video/7591202924563352850,2,1,0,204,,
7455682538518990087,gocnhodalat,2026-05-12T14:49:40,1735911368,gocnhodalat_01,2582,"HƯƠNG VỊ CAO NGUYÊN
TẠI
ĐẶC SẢN NHÀ TÔM
Đến Đà Lạt, đừng quên thưởng thức những món ngon mang đậm tinh hoa vùng cao nguyên. Nhà Tôm mời bạn ghé qua để nếm trọn hương vị đặc trưng, từ rau củ tươi ngon đến những món đặc sản độc đáo. Đã đến lúc đánh thức vị giác rồi! 🌿✨
#dalatreview #dalatdivatrainghiem #dalatriviu #dalattrip #xuhuong ",,https://www.tiktok.com/@gocnhodalat_01/video/7455682538518990087,5,0,3,437,,
7552701224886275336,gocnhodalat,2026-05-12T14:49:40,1758500296,langthanglk,116,"TIỆM CAFE NHỚ HOÀI - Là một góc nhỏ giữa thành phố Đà Lạt ồn ào - nó nằm ngay dưới con dóc nhỏ nơi có những bậc cầu thang đặc trưng của những con dóc Đà Lạt - là nơi Trịnh Công Sơn đã đến với MoChico nàng thơ của ông trong những sáng tác về Đà Lạt về giấc sơ sương - hãy đến để trải nghiệm nổi Hoài cổ mộc mạc của 1 quán cafe góc đường.
#cafenhohoai #đalat #langthangđườngphố #khampha #xuhuongtiktok ",,https://www.tiktok.com/@langthanglk/video/7552701224886275336,62,15,10,1523,,
7395784056442457362,gocnhodalat,2026-05-12T14:49:40,1721965167,gocnho_dalat,858,"Kết thúc đâu phải lúc nào cũng buồn, đôi khi đó là khoảnh khắc tươi đẹp nhất khép lại cho một chương sách viết lệch trong đời ta ! 
#dalat #dalatreview #dalatstory ",,https://www.tiktok.com/@gocnho_dalat/video/7395784056442457362,44,0,0,526,,
7558802464762334472,gocnhodalat,2026-05-12T14:49:40,1759920847,dalaphoto,1059,Góc nhỏ thân quen mỗi khi ghé đến Đà Lạt….#dalaphoto #chill #quancaphedepdalat #lungchung #chupanhdalat ,,https://www.tiktok.com/@dalaphoto/video/7558802464762334472,33,5,5,386,,
7278684788125420808,gocnhodalat,2026-05-12T14:49:40,1694700867,goc.tro.ve.dalat,33,Đà Lạt đẹp ngỡ ngàng #dalat #ngàymainguoitalaychong #view #views #CapCut ,,https://www.tiktok.com/@goc.tro.ve.dalat/video/7278684788125420808,2,0,0,117,,
7277163719346441480,gocnhodalat,2026-05-12T14:49:40,1694346715,goc.tro.ve.dalat,33,"Đà Lạt đang mưa...
Trời chuyển sang mùa thu, lạnh thật... #đèn #CapCut #xuhuong #annhien ",,https://www.tiktok.com/@goc.tro.ve.dalat/video/7277163719346441480,5,0,0,111,,
7553269243731561736,gocnhodalat,2026-05-12T14:49:40,1758632542,dalat_memory,3647,Đường bây giờ còn nhớ không anh. #dalat_memory #dalatreview #dalatstory #dalat #xuhuongtiktok ,,https://www.tiktok.com/@dalat_memory/video/7553269243731561736,626,315,105,8555,,
7638696221082766623,gocnhodalat,2026-05-12T14:49:40,1778522591,devinraimo,269800,a solo mom today🫡 love making these morning vlogs lately ,,https://www.tiktok.com/@devinraimo/video/7638696221082766623,329,2,0,3380,,
7626488983261875487,gocnhodalat,2026-05-12T14:49:40,1775680354,cam.g80,7,#fypシ #viralvideo #rocketleague #jinx ,,https://www.tiktok.com/@cam.g80/video/7626488983261875487,16,0,17,1480,,
7392544452948004114,gocnhodalat,2026-05-12T14:49:40,1721210887,gocnho_dalat,858,"Sương mù giữa mùa hè ở Đà Lạt 
#dalat #dalatreview #dalatstory #dalatchill ",,https://www.tiktok.com/@gocnho_dalat/video/7392544452948004114,86,2,2,830,,
7638799904541854989,gocnhodalat,2026-05-12T14:49:40,1778546722,fancnanandfam,1400000,NAD is helping through the afternoon sleepys.. so worth trying out! I’m about to buy some more myself. Check it out in my cart . #gumdropmom #tiktokshop #energy #antiaging #bestkeptsecret ,,https://www.tiktok.com/@fancnanandfam/video/7638799904541854989,32,0,0,169,,
7638763680217304333,gocnhodalat,2026-05-12T14:49:40,1778538296,hookedlikehelen,5219,"If you're seeing this, there's a chance you're a Helenator 💁‍♀️ which means you might have some video clips or photos on your phone from a Hooked Like Helen show...

It doesn't matter what song, what venue, or even what YEAR - if you've got HLH content, we WANT it! :) Upload your footage and pics to one of our shared folders to help us create a montage video for our upcoming single, ""New Fixation""! It will be SO cool to put something together that we ALL helped create! DM or Email with any questions. As always, thank you for your support! xoxo

PS - if you created any HLH-inspired art that you'd be down for us to include, send us a copy or a photo of it! (title the file with your name for credit!) And all this does not need to be specific to New Fixation - anything HLH goes! :) 

#fanart #hardrock #meetandgreet #underground #concertfootage ",,https://www.tiktok.com/@hookedlikehelen/video/7638763680217304333,8,1,1,116,,
7638746616446356750,gocnhodalat,2026-05-12T14:49:40,1778534321,phil_blair,10900,On our way home from visiting mom we decided to stay the night on the #DeltaKing #Sacramento #rivewe will also go to a tribute show tonight at the #cresttheater #oldsacramento ,,https://www.tiktok.com/@phil_blair/video/7638746616446356750,58,0,13,231,,
